INFO:     Started server process [10732]
INFO:     Waiting for application startup.
{"ts": "2026-09-26T20:10:03.843041+00:00", "level": "INFO", "logger": "app.main", "msg": "app.starting", "request_id": "-", "provider": "-", "env": "development", "version": "1.0.0"}
{"ts": "2026-09-26T20:10:03.862578+00:00", "level": "INFO", "logger": "app.db.base", "msg": "db.engine_ready", "request_id": "-", "provider": "-", "url": "sqlite+aiosqlite:///D:/Project/项目开发/btc数据监测网站/data/btc.db"}
{"ts": "2026-09-26T20:10:03.912362+00:00", "level": "INFO", "logger": "app.db.migrate", "msg": "db.init_ok", "request_id": "-", "provider": "-", "tables": 36}
{"ts": "2026-09-26T20:10:03.997995+00:00", "level": "INFO", "logger": "app.db.seed", "msg": "db.seed_done", "request_id": "-", "provider": "-", "models": 7}
{"ts": "2026-09-26T20:10:03.998178+00:00", "level": "INFO", "logger": "app.main", "msg": "app.seed", "request_id": "-", "provider": "-", "models": 7}
{"ts": "2026-09-26T20:10:04.039762+00:00", "level": "INFO", "logger": "app.providers.registry", "msg": "registry.autodiscover", "request_id": "-", "provider": "-", "count": 27}
{"ts": "2026-09-26T20:10:04.039918+00:00", "level": "INFO", "logger": "app.main", "msg": "app.providers_registered", "request_id": "-", "provider": "-", "count": 27}
{"ts": "2026-09-26T20:10:04.057680+00:00", "level": "INFO", "logger": "apscheduler.scheduler", "msg": "Adding job tentatively -- it will be properly scheduled when the scheduler starts", "request_id": "-", "provider": "-"}
{"ts": "2026-09-26T20:10:04.057891+00:00", "level": "INFO", "logger": "apscheduler.scheduler", "msg": "Adding job tentatively -- it will be properly scheduled when the scheduler starts", "request_id": "-", "provider": "-"}
{"ts": "2026-09-26T20:10:04.058057+00:00", "level": "INFO", "logger": "apscheduler.scheduler", "msg": "Adding job tentatively -- it will be properly scheduled when the scheduler starts", "request_id": "-", "provider": "-"}
{"ts": "2026-09-26T20:10:04.058212+00:00", "level": "INFO", "logger": "apscheduler.scheduler", "msg": "Adding job tentatively -- it will be properly scheduled when the scheduler starts", "request_id": "-", "provider": "-"}
{"ts": "2026-09-26T20:10:04.058365+00:00", "level": "INFO", "logger": "apscheduler.scheduler", "msg": "Adding job tentatively -- it will be properly scheduled when the scheduler starts", "request_id": "-", "provider": "-"}
{"ts": "2026-09-26T20:10:04.058515+00:00", "level": "INFO", "logger": "apscheduler.scheduler", "msg": "Adding job tentatively -- it will be properly scheduled when the scheduler starts", "request_id": "-", "provider": "-"}
{"ts": "2026-09-26T20:10:04.058661+00:00", "level": "INFO", "logger": "apscheduler.scheduler", "msg": "Adding job tentatively -- it will be properly scheduled when the scheduler starts", "request_id": "-", "provider": "-"}
{"ts": "2026-09-26T20:10:04.058808+00:00", "level": "INFO", "logger": "apscheduler.scheduler", "msg": "Adding job tentatively -- it will be properly scheduled when the scheduler starts", "request_id": "-", "provider": "-"}
{"ts": "2026-09-26T20:10:04.058953+00:00", "level": "INFO", "logger": "apscheduler.scheduler", "msg": "Adding job tentatively -- it will be properly scheduled when the scheduler starts", "request_id": "-", "provider": "-"}
{"ts": "2026-09-26T20:10:04.059101+00:00", "level": "INFO", "logger": "apscheduler.scheduler", "msg": "Adding job tentatively -- it will be properly scheduled when the scheduler starts", "request_id": "-", "provider": "-"}
{"ts": "2026-09-26T20:10:04.059246+00:00", "level": "INFO", "logger": "apscheduler.scheduler", "msg": "Adding job tentatively -- it will be properly scheduled when the scheduler starts", "request_id": "-", "provider": "-"}
{"ts": "2026-09-26T20:10:04.060565+00:00", "level": "INFO", "logger": "apscheduler.scheduler", "msg": "Added job \"BTC 实时价格（多源 + 交叉验证）\" to job store \"default\"", "request_id": "-", "provider": "-"}
{"ts": "2026-09-26T20:10:04.060715+00:00", "level": "INFO", "logger": "apscheduler.scheduler", "msg": "Added job \"1 小时 K 线增量同步\" to job store \"default\"", "request_id": "-", "provider": "-"}
{"ts": "2026-09-26T20:10:04.060841+00:00", "level": "INFO", "logger": "apscheduler.scheduler", "msg": "Added job \"日线增量同步\" to job store \"default\"", "request_id": "-", "provider": "-"}
{"ts": "2026-09-26T20:10:04.060959+00:00", "level": "INFO", "logger": "apscheduler.scheduler", "msg": "Added job \"衍生品（资金费率 / 持仓量）\" to job store \"default\"", "request_id": "-", "provider": "-"}
{"ts": "2026-09-26T20:10:04.061071+00:00", "level": "INFO", "logger": "apscheduler.scheduler", "msg": "Added job \"链上基础数据\" to job store \"default\"", "request_id": "-", "provider": "-"}
{"ts": "2026-09-26T20:10:04.061177+00:00", "level": "INFO", "logger": "apscheduler.scheduler", "msg": "Added job \"情绪指标（恐慌贪婪）\" to job store \"default\"", "request_id": "-", "provider": "-"}
{"ts": "2026-09-26T20:10:04.061285+00:00", "level": "INFO", "logger": "apscheduler.scheduler", "msg": "Added job \"宏观序列\" to job store \"default\"", "request_id": "-", "provider": "-"}
{"ts": "2026-09-26T20:10:04.061387+00:00", "level": "INFO", "logger": "apscheduler.scheduler", "msg": "Added job \"ETF 资金流（未配置时自动跳过）\" to job store \"default\"", "request_id": "-", "provider": "-"}
{"ts": "2026-09-26T20:10:04.061493+00:00", "level": "INFO", "logger": "apscheduler.scheduler", "msg": "Added job \"数据质量扫描\" to job store \"default\"", "request_id": "-", "provider": "-"}
{"ts": "2026-09-26T20:10:04.061596+00:00", "level": "INFO", "logger": "apscheduler.scheduler", "msg": "Added job \"历史缺口自动补洞\" to job store \"default\"", "request_id": "-", "provider": "-"}
{"ts": "2026-09-26T20:10:04.061700+00:00", "level": "INFO", "logger": "apscheduler.scheduler", "msg": "Added job \"数据源健康检查\" to job store \"default\"", "request_id": "-", "provider": "-"}
{"ts": "2026-09-26T20:10:04.061781+00:00", "level": "INFO", "logger": "apscheduler.scheduler", "msg": "Scheduler started", "request_id": "-", "provider": "-"}
{"ts": "2026-09-26T20:10:04.061923+00:00", "level": "INFO", "logger": "app.scheduler.manager", "msg": "scheduler.started", "request_id": "-", "provider": "-", "jobs": 11}
INFO:     Application startup complete.
INFO:     Uvicorn running on http://127.0.0.1:8000 (Press CTRL+C to quit)
{"ts": "2026-09-26T20:10:15.671419+00:00", "level": "INFO", "logger": "app.providers.transport", "msg": "provider.retry", "request_id": "-", "provider": "binance", "attempt": 1, "failure_type": "timeout", "delay": 0.809, "label": "price"}
{"ts": "2026-09-26T20:10:24.601342+00:00", "level": "INFO", "logger": "app.providers.health", "msg": "provider.failure", "request_id": "-", "provider": "binance", "failure_type": "timeout", "consecutive": 1, "message": "整体调用超时"}
{"ts": "2026-09-26T20:10:24.601706+00:00", "level": "INFO", "logger": "app.main", "msg": "app.first_price", "request_id": "-", "provider": "binance_vision", "price": 83991.4}
{"ts": "2026-09-26T20:10:44.183238+00:00", "level": "INFO", "logger": "app.providers.transport", "msg": "provider.retry", "request_id": "-", "provider": "binance", "attempt": 1, "failure_type": "timeout", "delay": 0.812, "label": "price"}
{"ts": "2026-09-26T20:10:53.173986+00:00", "level": "INFO", "logger": "app.providers.health", "msg": "provider.failure", "request_id": "-", "provider": "binance", "failure_type": "timeout", "consecutive": 2, "message": "整体调用超时"}
{"ts": "2026-09-26T20:10:53.245878+00:00", "level": "INFO", "logger": "app.scheduler.manager", "msg": "scheduler.task_done", "request_id": "-", "provider": "-", "job": "market_tick", "status": "success", "ok": true}
{"ts": "2026-09-26T20:11:04.228392+00:00", "level": "INFO", "logger": "app.providers.transport", "msg": "provider.retry", "request_id": "-", "provider": "okx", "attempt": 1, "failure_type": "network_error", "delay": 0.725, "label": "price"}
{"ts": "2026-09-26T20:11:04.971738+00:00", "level": "INFO", "logger": "app.providers.transport", "msg": "provider.retry", "request_id": "-", "provider": "okx", "attempt": 2, "failure_type": "network_error", "delay": 1.235, "label": "price"}
{"ts": "2026-09-26T20:11:06.212297+00:00", "level": "INFO", "logger": "app.providers.health", "msg": "provider.failure", "request_id": "-", "provider": "okx", "failure_type": "network_error", "consecutive": 1, "message": "502 Bad Gateway"}
{"ts": "2026-09-26T20:11:06.223930+00:00", "level": "INFO", "logger": "app.scheduler.manager", "msg": "scheduler.task_done", "request_id": "-", "provider": "-", "job": "market_tick", "status": "success", "ok": true}
INFO:     127.0.0.1:51687 - "GET /healthz HTTP/1.1" 200 OK
INFO:     127.0.0.1:51723 - "GET /api/v1/system/jobs HTTP/1.1" 200 OK
{"ts": "2026-09-26T20:11:44.176030+00:00", "level": "INFO", "logger": "app.providers.transport", "msg": "provider.retry", "request_id": "-", "provider": "binance", "attempt": 1, "failure_type": "timeout", "delay": 0.794, "label": "price"}
{"ts": "2026-09-26T20:11:53.164263+00:00", "level": "INFO", "logger": "app.providers.health", "msg": "provider.failure", "request_id": "-", "provider": "binance", "failure_type": "timeout", "consecutive": 3, "message": "整体调用超时"}
{"ts": "2026-09-26T20:11:53.172330+00:00", "level": "INFO", "logger": "app.scheduler.manager", "msg": "scheduler.task_done", "request_id": "-", "provider": "-", "job": "market_tick", "status": "success", "ok": true}
{"ts": "2026-09-26T20:12:04.076431+00:00", "level": "INFO", "logger": "app.scheduler.manager", "msg": "scheduler.task_done", "request_id": "-", "provider": "-", "job": "health_probe", "status": "success", "ok": true}
{"ts": "2026-09-26T20:12:14.220014+00:00", "level": "INFO", "logger": "app.providers.transport", "msg": "provider.retry", "request_id": "-", "provider": "huobi", "attempt": 1, "failure_type": "timeout", "delay": 0.779, "label": "price"}
{"ts": "2026-09-26T20:12:23.186194+00:00", "level": "INFO", "logger": "app.providers.health", "msg": "provider.failure", "request_id": "-", "provider": "huobi", "failure_type": "timeout", "consecutive": 1, "message": "整体调用超时"}
{"ts": "2026-09-26T20:12:23.199731+00:00", "level": "INFO", "logger": "app.scheduler.manager", "msg": "scheduler.task_done", "request_id": "-", "provider": "-", "job": "market_tick", "status": "success", "ok": true}
{"ts": "2026-09-26T20:12:34.395218+00:00", "level": "INFO", "logger": "app.providers.transport", "msg": "provider.retry", "request_id": "-", "provider": "okx", "attempt": 1, "failure_type": "network_error", "delay": 0.685, "label": "price"}
{"ts": "2026-09-26T20:12:35.091728+00:00", "level": "INFO", "logger": "app.providers.transport", "msg": "provider.retry", "request_id": "-", "provider": "okx", "attempt": 2, "failure_type": "network_error", "delay": 1.446, "label": "price"}
{"ts": "2026-09-26T20:12:36.550981+00:00", "level": "INFO", "logger": "app.providers.health", "msg": "provider.failure", "request_id": "-", "provider": "okx", "failure_type": "network_error", "consecutive": 2, "message": "502 Bad Gateway"}
{"ts": "2026-09-26T20:12:36.839486+00:00", "level": "INFO", "logger": "app.scheduler.manager", "msg": "scheduler.task_done", "request_id": "-", "provider": "-", "job": "market_tick", "status": "success", "ok": true}
{"ts": "2026-09-26T20:13:14.180927+00:00", "level": "INFO", "logger": "app.providers.transport", "msg": "provider.retry", "request_id": "-", "provider": "binance", "attempt": 1, "failure_type": "timeout", "delay": 0.775, "label": "price"}
{"ts": "2026-09-26T20:13:23.175144+00:00", "level": "INFO", "logger": "app.providers.health", "msg": "provider.failure", "request_id": "-", "provider": "binance", "failure_type": "timeout", "consecutive": 4, "message": "整体调用超时"}
{"ts": "2026-09-26T20:13:23.183855+00:00", "level": "INFO", "logger": "app.scheduler.manager", "msg": "scheduler.task_done", "request_id": "-", "provider": "-", "job": "market_tick", "status": "success", "ok": true}
{"ts": "2026-09-26T20:13:44.217540+00:00", "level": "INFO", "logger": "app.providers.transport", "msg": "provider.retry", "request_id": "-", "provider": "bybit", "attempt": 1, "failure_type": "timeout", "delay": 0.804, "label": "price"}
{"ts": "2026-09-26T20:13:53.187520+00:00", "level": "INFO", "logger": "app.providers.health", "msg": "provider.failure", "request_id": "-", "provider": "bybit", "failure_type": "timeout", "consecutive": 1, "message": "整体调用超时"}
{"ts": "2026-09-26T20:13:53.195355+00:00", "level": "INFO", "logger": "app.scheduler.manager", "msg": "scheduler.task_done", "request_id": "-", "provider": "-", "job": "market_tick", "status": "success", "ok": true}
{"ts": "2026-09-26T20:14:04.065404+00:00", "level": "INFO", "logger": "app.scheduler.manager", "msg": "scheduler.task_done", "request_id": "-", "provider": "-", "job": "health_probe", "status": "success", "ok": true}
{"ts": "2026-09-26T20:14:14.173164+00:00", "level": "INFO", "logger": "app.providers.transport", "msg": "provider.retry", "request_id": "-", "provider": "huobi", "attempt": 1, "failure_type": "timeout", "delay": 0.614, "label": "price"}
{"ts": "2026-09-26T20:14:23.173269+00:00", "level": "INFO", "logger": "app.providers.health", "msg": "provider.failure", "request_id": "-", "provider": "huobi", "failure_type": "timeout", "consecutive": 2, "message": "整体调用超时"}
{"ts": "2026-09-26T20:14:23.182332+00:00", "level": "INFO", "logger": "app.scheduler.manager", "msg": "scheduler.task_done", "request_id": "-", "provider": "-", "job": "market_tick", "status": "success", "ok": true}
{"ts": "2026-09-26T20:14:34.183297+00:00", "level": "INFO", "logger": "app.providers.transport", "msg": "provider.retry", "request_id": "-", "provider": "okx", "attempt": 1, "failure_type": "network_error", "delay": 0.68, "label": "price"}
{"ts": "2026-09-26T20:14:34.876118+00:00", "level": "INFO", "logger": "app.providers.transport", "msg": "provider.retry", "request_id": "-", "provider": "okx", "attempt": 2, "failure_type": "network_error", "delay": 1.301, "label": "price"}
{"ts": "2026-09-26T20:14:36.182412+00:00", "level": "INFO", "logger": "app.providers.health", "msg": "provider.failure", "request_id": "-", "provider": "okx", "failure_type": "network_error", "consecutive": 3, "message": "502 Bad Gateway"}
{"ts": "2026-09-26T20:14:36.193372+00:00", "level": "INFO", "logger": "app.scheduler.manager", "msg": "scheduler.task_done", "request_id": "-", "provider": "-", "job": "market_tick", "status": "success", "ok": true}
{"ts": "2026-09-26T20:15:04.532692+00:00", "level": "INFO", "logger": "app.scheduler.manager", "msg": "scheduler.task_done", "request_id": "-", "provider": "-", "job": "market_1h", "status": "success", "ok": true}
{"ts": "2026-09-26T20:15:04.768311+00:00", "level": "INFO", "logger": "app.scheduler.manager", "msg": "scheduler.task_done", "request_id": "-", "provider": "-", "job": "derivatives", "status": "success", "ok": true}
{"ts": "2026-09-26T20:15:14.184498+00:00", "level": "INFO", "logger": "app.providers.transport", "msg": "provider.retry", "request_id": "-", "provider": "binance", "attempt": 1, "failure_type": "timeout", "delay": 0.734, "label": "price"}
{"ts": "2026-09-26T20:15:23.179331+00:00", "level": "INFO", "logger": "app.providers.health", "msg": "provider.failure", "request_id": "-", "provider": "binance", "failure_type": "timeout", "consecutive": 5, "message": "整体调用超时"}
{"ts": "2026-09-26T20:15:23.219385+00:00", "level": "INFO", "logger": "app.scheduler.manager", "msg": "scheduler.task_done", "request_id": "-", "provider": "-", "job": "market_tick", "status": "success", "ok": true}
INFO:     127.0.0.1:52262 - "GET /api/v1/research/backtest/runs HTTP/1.1" 200 OK
INFO:     127.0.0.1:52285 - "GET /api/v1/research/replay?date=2021-11-10&perspective=then HTTP/1.1" 200 OK
{"ts": "2026-09-26T20:15:44.215782+00:00", "level": "INFO", "logger": "app.providers.transport", "msg": "provider.retry", "request_id": "-", "provider": "coingecko", "attempt": 1, "failure_type": "timeout", "delay": 0.756, "label": "price"}
{"ts": "2026-09-26T20:15:53.171799+00:00", "level": "INFO", "logger": "app.providers.health", "msg": "provider.failure", "request_id": "-", "provider": "coingecko", "failure_type": "timeout", "consecutive": 1, "message": "整体调用超时"}
{"ts": "2026-09-26T20:15:53.180267+00:00", "level": "INFO", "logger": "app.scheduler.manager", "msg": "scheduler.task_done", "request_id": "-", "provider": "-", "job": "market_tick", "status": "success", "ok": true}
{"ts": "2026-09-26T20:16:04.066335+00:00", "level": "INFO", "logger": "app.scheduler.manager", "msg": "scheduler.task_done", "request_id": "-", "provider": "-", "job": "health_probe", "status": "success", "ok": true}
{"ts": "2026-09-26T20:16:14.210611+00:00", "level": "INFO", "logger": "app.providers.transport", "msg": "provider.retry", "request_id": "-", "provider": "coinbase", "attempt": 1, "failure_type": "timeout", "delay": 0.857, "label": "price"}
{"ts": "2026-09-26T20:16:23.177684+00:00", "level": "INFO", "logger": "app.providers.health", "msg": "provider.failure", "request_id": "-", "provider": "coinbase", "failure_type": "timeout", "consecutive": 1, "message": "整体调用超时"}
{"ts": "2026-09-26T20:16:23.188435+00:00", "level": "INFO", "logger": "app.scheduler.manager", "msg": "scheduler.task_done", "request_id": "-", "provider": "-", "job": "market_tick", "status": "success", "ok": true}
{"ts": "2026-09-26T20:16:44.177777+00:00", "level": "INFO", "logger": "app.providers.transport", "msg": "provider.retry", "request_id": "-", "provider": "bybit", "attempt": 1, "failure_type": "timeout", "delay": 0.809, "label": "price"}
{"ts": "2026-09-26T20:16:53.167473+00:00", "level": "INFO", "logger": "app.providers.health", "msg": "provider.failure", "request_id": "-", "provider": "bybit", "failure_type": "timeout", "consecutive": 2, "message": "整体调用超时"}
{"ts": "2026-09-26T20:16:53.175511+00:00", "level": "INFO", "logger": "app.scheduler.manager", "msg": "scheduler.task_done", "request_id": "-", "provider": "-", "job": "market_tick", "status": "success", "ok": true}
INFO:     Started server process [7288]
INFO:     Waiting for application startup.
{"ts": "2026-09-26T20:17:12.549190+00:00", "level": "INFO", "logger": "app.main", "msg": "app.starting", "request_id": "-", "provider": "-", "env": "development", "version": "1.0.0"}
{"ts": "2026-09-26T20:17:12.568440+00:00", "level": "INFO", "logger": "app.db.base", "msg": "db.engine_ready", "request_id": "-", "provider": "-", "url": "sqlite+aiosqlite:///D:/Project/项目开发/btc数据监测网站/data/btc.db"}
{"ts": "2026-09-26T20:17:12.620163+00:00", "level": "INFO", "logger": "app.db.migrate", "msg": "db.init_ok", "request_id": "-", "provider": "-", "tables": 36}
{"ts": "2026-09-26T20:17:12.705308+00:00", "level": "INFO", "logger": "app.db.seed", "msg": "db.seed_done", "request_id": "-", "provider": "-", "models": 7}
{"ts": "2026-09-26T20:17:12.705495+00:00", "level": "INFO", "logger": "app.main", "msg": "app.seed", "request_id": "-", "provider": "-", "models": 7}
{"ts": "2026-09-26T20:17:12.745715+00:00", "level": "INFO", "logger": "app.providers.registry", "msg": "registry.autodiscover", "request_id": "-", "provider": "-", "count": 27}
{"ts": "2026-09-26T20:17:12.745872+00:00", "level": "INFO", "logger": "app.main", "msg": "app.providers_registered", "request_id": "-", "provider": "-", "count": 27}
{"ts": "2026-09-26T20:17:12.761785+00:00", "level": "INFO", "logger": "apscheduler.scheduler", "msg": "Adding job tentatively -- it will be properly scheduled when the scheduler starts", "request_id": "-", "provider": "-"}
{"ts": "2026-09-26T20:17:12.762062+00:00", "level": "INFO", "logger": "apscheduler.scheduler", "msg": "Adding job tentatively -- it will be properly scheduled when the scheduler starts", "request_id": "-", "provider": "-"}
{"ts": "2026-09-26T20:17:12.762240+00:00", "level": "INFO", "logger": "apscheduler.scheduler", "msg": "Adding job tentatively -- it will be properly scheduled when the scheduler starts", "request_id": "-", "provider": "-"}
{"ts": "2026-09-26T20:17:12.762408+00:00", "level": "INFO", "logger": "apscheduler.scheduler", "msg": "Adding job tentatively -- it will be properly scheduled when the scheduler starts", "request_id": "-", "provider": "-"}
{"ts": "2026-09-26T20:17:12.762570+00:00", "level": "INFO", "logger": "apscheduler.scheduler", "msg": "Adding job tentatively -- it will be properly scheduled when the scheduler starts", "request_id": "-", "provider": "-"}
{"ts": "2026-09-26T20:17:12.762723+00:00", "level": "INFO", "logger": "apscheduler.scheduler", "msg": "Adding job tentatively -- it will be properly scheduled when the scheduler starts", "request_id": "-", "provider": "-"}
{"ts": "2026-09-26T20:17:12.762878+00:00", "level": "INFO", "logger": "apscheduler.scheduler", "msg": "Adding job tentatively -- it will be properly scheduled when the scheduler starts", "request_id": "-", "provider": "-"}
{"ts": "2026-09-26T20:17:12.763030+00:00", "level": "INFO", "logger": "apscheduler.scheduler", "msg": "Adding job tentatively -- it will be properly scheduled when the scheduler starts", "request_id": "-", "provider": "-"}
{"ts": "2026-09-26T20:17:12.763182+00:00", "level": "INFO", "logger": "apscheduler.scheduler", "msg": "Adding job tentatively -- it will be properly scheduled when the scheduler starts", "request_id": "-", "provider": "-"}
{"ts": "2026-09-26T20:17:12.763447+00:00", "level": "INFO", "logger": "apscheduler.scheduler", "msg": "Adding job tentatively -- it will be properly scheduled when the scheduler starts", "request_id": "-", "provider": "-"}
{"ts": "2026-09-26T20:17:12.763678+00:00", "level": "INFO", "logger": "apscheduler.scheduler", "msg": "Adding job tentatively -- it will be properly scheduled when the scheduler starts", "request_id": "-", "provider": "-"}
{"ts": "2026-09-26T20:17:12.765699+00:00", "level": "INFO", "logger": "apscheduler.scheduler", "msg": "Added job \"BTC 实时价格（多源 + 交叉验证）\" to job store \"default\"", "request_id": "-", "provider": "-"}
{"ts": "2026-09-26T20:17:12.765934+00:00", "level": "INFO", "logger": "apscheduler.scheduler", "msg": "Added job \"1 小时 K 线增量同步\" to job store \"default\"", "request_id": "-", "provider": "-"}
{"ts": "2026-09-26T20:17:12.766073+00:00", "level": "INFO", "logger": "apscheduler.scheduler", "msg": "Added job \"日线增量同步\" to job store \"default\"", "request_id": "-", "provider": "-"}
{"ts": "2026-09-26T20:17:12.766196+00:00", "level": "INFO", "logger": "apscheduler.scheduler", "msg": "Added job \"衍生品（资金费率 / 持仓量）\" to job store \"default\"", "request_id": "-", "provider": "-"}
{"ts": "2026-09-26T20:17:12.766313+00:00", "level": "INFO", "logger": "apscheduler.scheduler", "msg": "Added job \"链上基础数据\" to job store \"default\"", "request_id": "-", "provider": "-"}
{"ts": "2026-09-26T20:17:12.766422+00:00", "level": "INFO", "logger": "apscheduler.scheduler", "msg": "Added job \"情绪指标（恐慌贪婪）\" to job store \"default\"", "request_id": "-", "provider": "-"}
{"ts": "2026-09-26T20:17:12.766533+00:00", "level": "INFO", "logger": "apscheduler.scheduler", "msg": "Added job \"宏观序列\" to job store \"default\"", "request_id": "-", "provider": "-"}
{"ts": "2026-09-26T20:17:12.766640+00:00", "level": "INFO", "logger": "apscheduler.scheduler", "msg": "Added job \"ETF 资金流（未配置时自动跳过）\" to job store \"default\"", "request_id": "-", "provider": "-"}
{"ts": "2026-09-26T20:17:12.766749+00:00", "level": "INFO", "logger": "apscheduler.scheduler", "msg": "Added job \"数据质量扫描\" to job store \"default\"", "request_id": "-", "provider": "-"}
{"ts": "2026-09-26T20:17:12.766854+00:00", "level": "INFO", "logger": "apscheduler.scheduler", "msg": "Added job \"历史缺口自动补洞\" to job store \"default\"", "request_id": "-", "provider": "-"}
{"ts": "2026-09-26T20:17:12.766958+00:00", "level": "INFO", "logger": "apscheduler.scheduler", "msg": "Added job \"数据源健康检查\" to job store \"default\"", "request_id": "-", "provider": "-"}
{"ts": "2026-09-26T20:17:12.767042+00:00", "level": "INFO", "logger": "apscheduler.scheduler", "msg": "Scheduler started", "request_id": "-", "provider": "-"}
{"ts": "2026-09-26T20:17:12.767211+00:00", "level": "INFO", "logger": "app.scheduler.manager", "msg": "scheduler.started", "request_id": "-", "provider": "-", "jobs": 11}
INFO:     Application startup complete.
INFO:     Uvicorn running on http://127.0.0.1:8000 (Press CTRL+C to quit)
{"ts": "2026-09-26T20:17:24.478547+00:00", "level": "INFO", "logger": "app.providers.transport", "msg": "provider.retry", "request_id": "-", "provider": "binance", "attempt": 1, "failure_type": "timeout", "delay": 0.777, "label": "price"}
INFO:     127.0.0.1:52569 - "GET /api/v1/research/replay?date=2021-11-10&perspective=then HTTP/1.1" 200 OK
INFO:     127.0.0.1:52571 - "GET /api/v1/research/replay?date=2018-12-15&perspective=then HTTP/1.1" 200 OK
INFO:     127.0.0.1:52576 - "GET /api/v1/research/replay?date=2020-03-13&perspective=then HTTP/1.1" 200 OK
INFO:     127.0.0.1:52579 - "GET /api/v1/research/replay?date=2024-01-10&perspective=then HTTP/1.1" 200 OK
{"ts": "2026-09-26T20:17:33.395264+00:00", "level": "INFO", "logger": "app.providers.health", "msg": "provider.failure", "request_id": "-", "provider": "binance", "failure_type": "timeout", "consecutive": 1, "message": "整体调用超时"}
{"ts": "2026-09-26T20:17:33.395806+00:00", "level": "INFO", "logger": "app.main", "msg": "app.first_price", "request_id": "-", "provider": "binance_vision", "price": 84040.01}
{"ts": "2026-09-26T20:17:52.885040+00:00", "level": "INFO", "logger": "app.providers.transport", "msg": "provider.retry", "request_id": "-", "provider": "binance", "attempt": 1, "failure_type": "timeout", "delay": 0.712, "label": "price"}
{"ts": "2026-09-26T20:18:01.874224+00:00", "level": "INFO", "logger": "app.providers.health", "msg": "provider.failure", "request_id": "-", "provider": "binance", "failure_type": "timeout", "consecutive": 2, "message": "整体调用超时"}
{"ts": "2026-09-26T20:18:01.938485+00:00", "level": "INFO", "logger": "app.scheduler.manager", "msg": "scheduler.task_done", "request_id": "-", "provider": "-", "job": "market_tick", "status": "success", "ok": true}
{"ts": "2026-09-26T20:18:12.921361+00:00", "level": "INFO", "logger": "app.providers.transport", "msg": "provider.retry", "request_id": "-", "provider": "okx", "attempt": 1, "failure_type": "network_error", "delay": 0.767, "label": "price"}
{"ts": "2026-09-26T20:18:13.697246+00:00", "level": "INFO", "logger": "app.providers.transport", "msg": "provider.retry", "request_id": "-", "provider": "okx", "attempt": 2, "failure_type": "network_error", "delay": 1.393, "label": "price"}
{"ts": "2026-09-26T20:18:15.096606+00:00", "level": "INFO", "logger": "app.providers.health", "msg": "provider.failure", "request_id": "-", "provider": "okx", "failure_type": "network_error", "consecutive": 1, "message": "502 Bad Gateway"}
{"ts": "2026-09-26T20:18:15.104854+00:00", "level": "INFO", "logger": "app.scheduler.manager", "msg": "scheduler.task_done", "request_id": "-", "provider": "-", "job": "market_tick", "status": "success", "ok": true}
{"ts": "2026-09-26T20:18:52.890890+00:00", "level": "INFO", "logger": "app.providers.transport", "msg": "provider.retry", "request_id": "-", "provider": "binance", "attempt": 1, "failure_type": "timeout", "delay": 0.685, "label": "price"}
{"ts": "2026-09-26T20:19:01.885191+00:00", "level": "INFO", "logger": "app.providers.health", "msg": "provider.failure", "request_id": "-", "provider": "binance", "failure_type": "timeout", "consecutive": 3, "message": "整体调用超时"}
{"ts": "2026-09-26T20:19:01.895308+00:00", "level": "INFO", "logger": "app.scheduler.manager", "msg": "scheduler.task_done", "request_id": "-", "provider": "-", "job": "market_tick", "status": "success", "ok": true}
{"ts": "2026-09-26T20:19:12.777989+00:00", "level": "INFO", "logger": "app.scheduler.manager", "msg": "scheduler.task_done", "request_id": "-", "provider": "-", "job": "health_probe", "status": "success", "ok": true}
{"ts": "2026-09-26T20:19:22.931696+00:00", "level": "INFO", "logger": "app.providers.transport", "msg": "provider.retry", "request_id": "-", "provider": "huobi", "attempt": 1, "failure_type": "timeout", "delay": 0.873, "label": "price"}
{"ts": "2026-09-26T20:19:31.897253+00:00", "level": "INFO", "logger": "app.providers.health", "msg": "provider.failure", "request_id": "-", "provider": "huobi", "failure_type": "timeout", "consecutive": 1, "message": "整体调用超时"}
{"ts": "2026-09-26T20:19:31.908965+00:00", "level": "INFO", "logger": "app.scheduler.manager", "msg": "scheduler.task_done", "request_id": "-", "provider": "-", "job": "market_tick", "status": "success", "ok": true}
{"ts": "2026-09-26T20:19:42.890024+00:00", "level": "INFO", "logger": "app.providers.transport", "msg": "provider.retry", "request_id": "-", "provider": "okx", "attempt": 1, "failure_type": "network_error", "delay": 0.802, "label": "price"}
{"ts": "2026-09-26T20:19:43.701523+00:00", "level": "INFO", "logger": "app.providers.transport", "msg": "provider.retry", "request_id": "-", "provider": "okx", "attempt": 2, "failure_type": "network_error", "delay": 1.5, "label": "price"}
{"ts": "2026-09-26T20:19:45.206233+00:00", "level": "INFO", "logger": "app.providers.health", "msg": "provider.failure", "request_id": "-", "provider": "okx", "failure_type": "network_error", "consecutive": 2, "message": "502 Bad Gateway"}
{"ts": "2026-09-26T20:19:45.213347+00:00", "level": "INFO", "logger": "app.scheduler.manager", "msg": "scheduler.task_done", "request_id": "-", "provider": "-", "job": "market_tick", "status": "success", "ok": true}
{"ts": "2026-09-26T20:20:22.906674+00:00", "level": "INFO", "logger": "app.providers.transport", "msg": "provider.retry", "request_id": "-", "provider": "binance", "attempt": 1, "failure_type": "timeout", "delay": 0.867, "label": "price"}
{"ts": "2026-09-26T20:20:31.906633+00:00", "level": "INFO", "logger": "app.providers.health", "msg": "provider.failure", "request_id": "-", "provider": "binance", "failure_type": "timeout", "consecutive": 4, "message": "整体调用超时"}
{"ts": "2026-09-26T20:20:31.916561+00:00", "level": "INFO", "logger": "app.scheduler.manager", "msg": "scheduler.task_done", "request_id": "-", "provider": "-", "job": "market_tick", "status": "success", "ok": true}
{"ts": "2026-09-26T20:20:52.922313+00:00", "level": "INFO", "logger": "app.providers.transport", "msg": "provider.retry", "request_id": "-", "provider": "bybit", "attempt": 1, "failure_type": "timeout", "delay": 0.615, "label": "price"}
{"ts": "2026-09-26T20:21:01.884712+00:00", "level": "INFO", "logger": "app.providers.health", "msg": "provider.failure", "request_id": "-", "provider": "bybit", "failure_type": "timeout", "consecutive": 1, "message": "整体调用超时"}
{"ts": "2026-09-26T20:21:01.892462+00:00", "level": "INFO", "logger": "app.scheduler.manager", "msg": "scheduler.task_done", "request_id": "-", "provider": "-", "job": "market_tick", "status": "success", "ok": true}
{"ts": "2026-09-26T20:21:12.779126+00:00", "level": "INFO", "logger": "app.scheduler.manager", "msg": "scheduler.task_done", "request_id": "-", "provider": "-", "job": "health_probe", "status": "success", "ok": true}
{"ts": "2026-09-26T20:21:13.185810+00:00", "level": "INFO", "logger": "app.scheduler.manager", "msg": "scheduler.task_done", "request_id": "-", "provider": "-", "job": "market_tick", "status": "success", "ok": true}
{"ts": "2026-09-26T20:21:42.999903+00:00", "level": "INFO", "logger": "app.scheduler.manager", "msg": "scheduler.task_done", "request_id": "-", "provider": "-", "job": "market_tick", "status": "success", "ok": true}
{"ts": "2026-09-26T20:22:13.015095+00:00", "level": "INFO", "logger": "app.scheduler.manager", "msg": "scheduler.task_done", "request_id": "-", "provider": "-", "job": "market_tick", "status": "success", "ok": true}
{"ts": "2026-09-26T20:22:13.235455+00:00", "level": "INFO", "logger": "app.scheduler.manager", "msg": "scheduler.task_done", "request_id": "-", "provider": "-", "job": "market_1h", "status": "success", "ok": true}
{"ts": "2026-09-26T20:22:13.444950+00:00", "level": "INFO", "logger": "app.scheduler.manager", "msg": "scheduler.task_done", "request_id": "-", "provider": "-", "job": "derivatives", "status": "success", "ok": true}
{"ts": "2026-09-26T20:22:42.879958+00:00", "level": "INFO", "logger": "app.providers.registry", "msg": "registry.promote_recovered", "request_id": "-", "provider": "huobi"}
{"ts": "2026-09-26T20:22:43.001608+00:00", "level": "INFO", "logger": "app.scheduler.manager", "msg": "scheduler.task_done", "request_id": "-", "provider": "-", "job": "market_tick", "status": "success", "ok": true}
{"ts": "2026-09-26T20:23:12.778412+00:00", "level": "INFO", "logger": "app.scheduler.manager", "msg": "scheduler.task_done", "request_id": "-", "provider": "-", "job": "health_probe", "status": "success", "ok": true}
{"ts": "2026-09-26T20:23:13.001594+00:00", "level": "INFO", "logger": "app.scheduler.manager", "msg": "scheduler.task_done", "request_id": "-", "provider": "-", "job": "market_tick", "status": "success", "ok": true}
{"ts": "2026-09-26T20:23:43.008559+00:00", "level": "INFO", "logger": "app.scheduler.manager", "msg": "scheduler.task_done", "request_id": "-", "provider": "-", "job": "market_tick", "status": "success", "ok": true}
{"ts": "2026-09-26T20:24:12.996255+00:00", "level": "INFO", "logger": "app.scheduler.manager", "msg": "scheduler.task_done", "request_id": "-", "provider": "-", "job": "market_tick", "status": "success", "ok": true}
{"ts": "2026-09-26T20:24:43.011110+00:00", "level": "INFO", "logger": "app.scheduler.manager", "msg": "scheduler.task_done", "request_id": "-", "provider": "-", "job": "market_tick", "status": "success", "ok": true}
{"ts": "2026-09-26T20:25:12.767091+00:00", "level": "INFO", "logger": "app.scheduler.manager", "msg": "scheduler.task_done", "request_id": "-", "provider": "-", "job": "health_probe", "status": "success", "ok": true}
{"ts": "2026-09-26T20:25:13.042607+00:00", "level": "INFO", "logger": "app.scheduler.manager", "msg": "scheduler.task_done", "request_id": "-", "provider": "-", "job": "market_tick", "status": "success", "ok": true}
{"ts": "2026-09-26T20:25:43.016188+00:00", "level": "INFO", "logger": "app.scheduler.manager", "msg": "scheduler.task_done", "request_id": "-", "provider": "-", "job": "market_tick", "status": "success", "ok": true}
{"ts": "2026-09-26T20:26:12.999617+00:00", "level": "INFO", "logger": "app.scheduler.manager", "msg": "scheduler.task_done", "request_id": "-", "provider": "-", "job": "market_tick", "status": "success", "ok": true}
{"ts": "2026-09-26T20:26:42.993975+00:00", "level": "INFO", "logger": "app.scheduler.manager", "msg": "scheduler.task_done", "request_id": "-", "provider": "-", "job": "market_tick", "status": "success", "ok": true}
{"ts": "2026-09-26T20:27:12.777358+00:00", "level": "INFO", "logger": "app.scheduler.manager", "msg": "scheduler.task_done", "request_id": "-", "provider": "-", "job": "health_probe", "status": "success", "ok": true}
{"ts": "2026-09-26T20:27:12.894624+00:00", "level": "INFO", "logger": "app.scheduler.manager", "msg": "scheduler.task_done", "request_id": "-", "provider": "-", "job": "market_1h", "status": "success", "ok": true}
{"ts": "2026-09-26T20:27:13.422712+00:00", "level": "INFO", "logger": "app.scheduler.manager", "msg": "scheduler.task_done", "request_id": "-", "provider": "-", "job": "derivatives", "status": "success", "ok": true}
{"ts": "2026-09-26T20:27:23.262084+00:00", "level": "INFO", "logger": "app.providers.transport", "msg": "provider.retry", "request_id": "-", "provider": "huobi", "attempt": 1, "failure_type": "timeout", "delay": 0.757, "label": "price"}
{"ts": "2026-09-26T20:27:32.267607+00:00", "level": "INFO", "logger": "app.providers.health", "msg": "provider.failure", "request_id": "-", "provider": "huobi", "failure_type": "timeout", "consecutive": 1, "message": "整体调用超时"}
{"ts": "2026-09-26T20:27:32.276929+00:00", "level": "INFO", "logger": "app.scheduler.manager", "msg": "scheduler.task_done", "request_id": "-", "provider": "-", "job": "market_tick", "status": "success", "ok": true}
{"ts": "2026-09-26T20:27:52.888521+00:00", "level": "INFO", "logger": "app.providers.transport", "msg": "provider.retry", "request_id": "-", "provider": "huobi", "attempt": 1, "failure_type": "timeout", "delay": 0.879, "label": "price"}
{"ts": "2026-09-26T20:28:01.884129+00:00", "level": "INFO", "logger": "app.providers.health", "msg": "provider.failure", "request_id": "-", "provider": "huobi", "failure_type": "timeout", "consecutive": 2, "message": "整体调用超时"}
{"ts": "2026-09-26T20:28:01.892549+00:00", "level": "INFO", "logger": "app.scheduler.manager", "msg": "scheduler.task_done", "request_id": "-", "provider": "-", "job": "market_tick", "status": "success", "ok": true}
{"ts": "2026-09-26T20:28:12.903245+00:00", "level": "INFO", "logger": "app.providers.transport", "msg": "provider.retry", "request_id": "-", "provider": "okx", "attempt": 1, "failure_type": "network_error", "delay": 0.806, "label": "price"}
{"ts": "2026-09-26T20:28:13.719816+00:00", "level": "INFO", "logger": "app.providers.transport", "msg": "provider.retry", "request_id": "-", "provider": "okx", "attempt": 2, "failure_type": "network_error", "delay": 1.227, "label": "price"}
{"ts": "2026-09-26T20:28:14.953589+00:00", "level": "INFO", "logger": "app.providers.health", "msg": "provider.failure", "request_id": "-", "provider": "okx", "failure_type": "network_error", "consecutive": 3, "message": "502 Bad Gateway"}
{"ts": "2026-09-26T20:28:14.964805+00:00", "level": "INFO", "logger": "app.scheduler.manager", "msg": "scheduler.task_done", "request_id": "-", "provider": "-", "job": "market_tick", "status": "success", "ok": true}
{"ts": "2026-09-26T20:28:52.895058+00:00", "level": "INFO", "logger": "app.providers.transport", "msg": "provider.retry", "request_id": "-", "provider": "binance", "attempt": 1, "failure_type": "timeout", "delay": 0.876, "label": "price"}
{"ts": "2026-09-26T20:29:01.911621+00:00", "level": "INFO", "logger": "app.providers.health", "msg": "provider.failure", "request_id": "-", "provider": "binance", "failure_type": "timeout", "consecutive": 5, "message": "整体调用超时"}
{"ts": "2026-09-26T20:29:01.927376+00:00", "level": "INFO", "logger": "app.scheduler.manager", "msg": "scheduler.task_done", "request_id": "-", "provider": "-", "job": "market_tick", "status": "success", "ok": true}
{"ts": "2026-09-26T20:29:12.775231+00:00", "level": "INFO", "logger": "app.scheduler.manager", "msg": "scheduler.task_done", "request_id": "-", "provider": "-", "job": "health_probe", "status": "success", "ok": true}
{"ts": "2026-09-26T20:29:22.928405+00:00", "level": "INFO", "logger": "app.providers.transport", "msg": "provider.retry", "request_id": "-", "provider": "coingecko", "attempt": 1, "failure_type": "timeout", "delay": 0.864, "label": "price"}
{"ts": "2026-09-26T20:29:31.887360+00:00", "level": "INFO", "logger": "app.providers.health", "msg": "provider.failure", "request_id": "-", "provider": "coingecko", "failure_type": "timeout", "consecutive": 1, "message": "整体调用超时"}
{"ts": "2026-09-26T20:29:31.897011+00:00", "level": "INFO", "logger": "app.scheduler.manager", "msg": "scheduler.task_done", "request_id": "-", "provider": "-", "job": "market_tick", "status": "success", "ok": true}
{"ts": "2026-09-26T20:29:52.920846+00:00", "level": "INFO", "logger": "app.providers.transport", "msg": "provider.retry", "request_id": "-", "provider": "coinbase", "attempt": 1, "failure_type": "timeout", "delay": 0.841, "label": "price"}
{"ts": "2026-09-26T20:30:01.888877+00:00", "level": "INFO", "logger": "app.providers.health", "msg": "provider.failure", "request_id": "-", "provider": "coinbase", "failure_type": "timeout", "consecutive": 1, "message": "整体调用超时"}
{"ts": "2026-09-26T20:30:01.896967+00:00", "level": "INFO", "logger": "app.scheduler.manager", "msg": "scheduler.task_done", "request_id": "-", "provider": "-", "job": "market_tick", "status": "success", "ok": true}
{"ts": "2026-09-26T20:30:22.888991+00:00", "level": "INFO", "logger": "app.providers.transport", "msg": "provider.retry", "request_id": "-", "provider": "huobi", "attempt": 1, "failure_type": "timeout", "delay": 0.631, "label": "price"}
{"ts": "2026-09-26T20:30:31.884039+00:00", "level": "INFO", "logger": "app.providers.health", "msg": "provider.failure", "request_id": "-", "provider": "huobi", "failure_type": "timeout", "consecutive": 3, "message": "整体调用超时"}
{"ts": "2026-09-26T20:30:31.891507+00:00", "level": "INFO", "logger": "app.scheduler.manager", "msg": "scheduler.task_done", "request_id": "-", "provider": "-", "job": "market_tick", "status": "success", "ok": true}
{"ts": "2026-09-26T20:30:52.886009+00:00", "level": "INFO", "logger": "app.providers.transport", "msg": "provider.retry", "request_id": "-", "provider": "bybit", "attempt": 1, "failure_type": "timeout", "delay": 0.663, "label": "price"}
{"ts": "2026-09-26T20:31:01.884388+00:00", "level": "INFO", "logger": "app.providers.health", "msg": "provider.failure", "request_id": "-", "provider": "bybit", "failure_type": "timeout", "consecutive": 2, "message": "整体调用超时"}
{"ts": "2026-09-26T20:31:01.894844+00:00", "level": "INFO", "logger": "app.scheduler.manager", "msg": "scheduler.task_done", "request_id": "-", "provider": "-", "job": "market_tick", "status": "success", "ok": true}
{"ts": "2026-09-26T20:31:12.774153+00:00", "level": "INFO", "logger": "app.scheduler.manager", "msg": "scheduler.task_done", "request_id": "-", "provider": "-", "job": "health_probe", "status": "success", "ok": true}
{"ts": "2026-09-26T20:31:12.904194+00:00", "level": "INFO", "logger": "app.providers.transport", "msg": "provider.retry", "request_id": "-", "provider": "okx", "attempt": 1, "failure_type": "network_error", "delay": 0.885, "label": "price"}
{"ts": "2026-09-26T20:31:13.808222+00:00", "level": "INFO", "logger": "app.providers.transport", "msg": "provider.retry", "request_id": "-", "provider": "okx", "attempt": 2, "failure_type": "network_error", "delay": 1.297, "label": "price"}
{"ts": "2026-09-26T20:31:15.125385+00:00", "level": "INFO", "logger": "app.providers.health", "msg": "provider.failure", "request_id": "-", "provider": "okx", "failure_type": "network_error", "consecutive": 4, "message": "502 Bad Gateway"}
{"ts": "2026-09-26T20:31:15.133555+00:00", "level": "INFO", "logger": "app.scheduler.manager", "msg": "scheduler.task_done", "request_id": "-", "provider": "-", "job": "market_tick", "status": "success", "ok": true}
{"ts": "2026-09-26T20:31:52.884330+00:00", "level": "INFO", "logger": "app.providers.transport", "msg": "provider.retry", "request_id": "-", "provider": "binance", "attempt": 1, "failure_type": "timeout", "delay": 0.608, "label": "price"}
{"ts": "2026-09-26T20:32:01.879073+00:00", "level": "INFO", "logger": "app.providers.health", "msg": "provider.failure", "request_id": "-", "provider": "binance", "failure_type": "timeout", "consecutive": 6, "message": "整体调用超时"}
{"ts": "2026-09-26T20:32:01.889945+00:00", "level": "INFO", "logger": "app.scheduler.manager", "msg": "scheduler.task_done", "request_id": "-", "provider": "-", "job": "market_tick", "status": "success", "ok": true}
{"ts": "2026-09-26T20:32:13.229468+00:00", "level": "INFO", "logger": "app.scheduler.manager", "msg": "scheduler.task_done", "request_id": "-", "provider": "-", "job": "market_1h", "status": "success", "ok": true}
{"ts": "2026-09-26T20:32:13.425907+00:00", "level": "INFO", "logger": "app.scheduler.manager", "msg": "scheduler.task_done", "request_id": "-", "provider": "-", "job": "derivatives", "status": "success", "ok": true}
{"ts": "2026-09-26T20:32:22.921488+00:00", "level": "INFO", "logger": "app.providers.transport", "msg": "provider.retry", "request_id": "-", "provider": "binance_us", "attempt": 1, "failure_type": "timeout", "delay": 0.834, "label": "price"}
{"ts": "2026-09-26T20:32:31.887107+00:00", "level": "INFO", "logger": "app.providers.health", "msg": "provider.failure", "request_id": "-", "provider": "binance_us", "failure_type": "timeout", "consecutive": 1, "message": "整体调用超时"}
{"ts": "2026-09-26T20:32:31.895092+00:00", "level": "INFO", "logger": "app.scheduler.manager", "msg": "scheduler.task_done", "request_id": "-", "provider": "-", "job": "market_tick", "status": "success", "ok": true}
{"ts": "2026-09-26T20:32:52.881210+00:00", "level": "INFO", "logger": "app.providers.transport", "msg": "provider.retry", "request_id": "-", "provider": "huobi", "attempt": 1, "failure_type": "timeout", "delay": 0.743, "label": "price"}
{"ts": "2026-09-26T20:33:01.875299+00:00", "level": "INFO", "logger": "app.providers.health", "msg": "provider.failure", "request_id": "-", "provider": "huobi", "failure_type": "timeout", "consecutive": 4, "message": "整体调用超时"}
{"ts": "2026-09-26T20:33:01.885158+00:00", "level": "INFO", "logger": "app.scheduler.manager", "msg": "scheduler.task_done", "request_id": "-", "provider": "-", "job": "market_tick", "status": "success", "ok": true}
{"ts": "2026-09-26T20:33:12.777758+00:00", "level": "INFO", "logger": "app.scheduler.manager", "msg": "scheduler.task_done", "request_id": "-", "provider": "-", "job": "health_probe", "status": "success", "ok": true}
{"ts": "2026-09-26T20:33:22.890211+00:00", "level": "INFO", "logger": "app.providers.transport", "msg": "provider.retry", "request_id": "-", "provider": "coingecko", "attempt": 1, "failure_type": "timeout", "delay": 0.707, "label": "price"}
INFO:     127.0.0.1:55039 - "GET /api/healthz HTTP/1.1" 404 Not Found
{"ts": "2026-09-26T20:33:31.895650+00:00", "level": "INFO", "logger": "app.providers.health", "msg": "provider.failure", "request_id": "-", "provider": "coingecko", "failure_type": "timeout", "consecutive": 2, "message": "整体调用超时"}
{"ts": "2026-09-26T20:33:31.904353+00:00", "level": "INFO", "logger": "app.scheduler.manager", "msg": "scheduler.task_done", "request_id": "-", "provider": "-", "job": "market_tick", "status": "success", "ok": true}
{"ts": "2026-09-26T20:33:52.885629+00:00", "level": "INFO", "logger": "app.providers.transport", "msg": "provider.retry", "request_id": "-", "provider": "coinbase", "attempt": 1, "failure_type": "timeout", "delay": 0.727, "label": "price"}
{"ts": "2026-09-26T20:34:01.897791+00:00", "level": "INFO", "logger": "app.providers.health", "msg": "provider.failure", "request_id": "-", "provider": "coinbase", "failure_type": "timeout", "consecutive": 2, "message": "整体调用超时"}
{"ts": "2026-09-26T20:34:01.906877+00:00", "level": "INFO", "logger": "app.scheduler.manager", "msg": "scheduler.task_done", "request_id": "-", "provider": "-", "job": "market_tick", "status": "success", "ok": true}
{"ts": "2026-09-26T20:34:22.894786+00:00", "level": "INFO", "logger": "app.providers.transport", "msg": "provider.retry", "request_id": "-", "provider": "bybit", "attempt": 1, "failure_type": "timeout", "delay": 0.759, "label": "price"}
{"ts": "2026-09-26T20:34:31.887283+00:00", "level": "INFO", "logger": "app.providers.health", "msg": "provider.failure", "request_id": "-", "provider": "bybit", "failure_type": "timeout", "consecutive": 3, "message": "整体调用超时"}
{"ts": "2026-09-26T20:34:31.896900+00:00", "level": "INFO", "logger": "app.scheduler.manager", "msg": "scheduler.task_done", "request_id": "-", "provider": "-", "job": "market_tick", "status": "success", "ok": true}
{"ts": "2026-09-26T20:34:42.897471+00:00", "level": "INFO", "logger": "app.providers.transport", "msg": "provider.retry", "request_id": "-", "provider": "okx", "attempt": 1, "failure_type": "network_error", "delay": 0.858, "label": "price"}
{"ts": "2026-09-26T20:34:43.767363+00:00", "level": "INFO", "logger": "app.providers.transport", "msg": "provider.retry", "request_id": "-", "provider": "okx", "attempt": 2, "failure_type": "network_error", "delay": 1.274, "label": "price"}
{"ts": "2026-09-26T20:34:45.054013+00:00", "level": "INFO", "logger": "app.providers.health", "msg": "provider.failure", "request_id": "-", "provider": "okx", "failure_type": "network_error", "consecutive": 5, "message": "502 Bad Gateway"}
{"ts": "2026-09-26T20:34:45.062144+00:00", "level": "INFO", "logger": "app.scheduler.manager", "msg": "scheduler.task_done", "request_id": "-", "provider": "-", "job": "market_tick", "status": "success", "ok": true}
{"ts": "2026-09-26T20:35:12.780382+00:00", "level": "INFO", "logger": "app.scheduler.manager", "msg": "scheduler.task_done", "request_id": "-", "provider": "-", "job": "health_probe", "status": "success", "ok": true}
{"ts": "2026-09-26T20:35:22.894120+00:00", "level": "INFO", "logger": "app.providers.transport", "msg": "provider.retry", "request_id": "-", "provider": "binance", "attempt": 1, "failure_type": "timeout", "delay": 0.788, "label": "price"}
{"ts": "2026-09-26T20:35:31.896876+00:00", "level": "INFO", "logger": "app.providers.health", "msg": "provider.failure", "request_id": "-", "provider": "binance", "failure_type": "timeout", "consecutive": 7, "message": "整体调用超时"}
{"ts": "2026-09-26T20:35:31.906333+00:00", "level": "INFO", "logger": "app.scheduler.manager", "msg": "scheduler.task_done", "request_id": "-", "provider": "-", "job": "market_tick", "status": "success", "ok": true}
{"ts": "2026-09-26T20:35:52.933425+00:00", "level": "INFO", "logger": "app.providers.transport", "msg": "provider.retry", "request_id": "-", "provider": "kraken", "attempt": 1, "failure_type": "timeout", "delay": 0.753, "label": "price"}
{"ts": "2026-09-26T20:36:01.895521+00:00", "level": "INFO", "logger": "app.providers.health", "msg": "provider.failure", "request_id": "-", "provider": "kraken", "failure_type": "timeout", "consecutive": 1, "message": "整体调用超时"}
{"ts": "2026-09-26T20:36:01.904019+00:00", "level": "INFO", "logger": "app.scheduler.manager", "msg": "scheduler.task_done", "request_id": "-", "provider": "-", "job": "market_tick", "status": "success", "ok": true}
{"ts": "2026-09-26T20:36:22.888235+00:00", "level": "INFO", "logger": "app.providers.transport", "msg": "provider.retry", "request_id": "-", "provider": "binance_us", "attempt": 1, "failure_type": "timeout", "delay": 0.702, "label": "price"}
{"ts": "2026-09-26T20:36:31.890785+00:00", "level": "INFO", "logger": "app.providers.health", "msg": "provider.failure", "request_id": "-", "provider": "binance_us", "failure_type": "timeout", "consecutive": 2, "message": "整体调用超时"}
{"ts": "2026-09-26T20:36:31.901950+00:00", "level": "INFO", "logger": "app.scheduler.manager", "msg": "scheduler.task_done", "request_id": "-", "provider": "-", "job": "market_tick", "status": "success", "ok": true}
{"ts": "2026-09-26T20:36:52.890388+00:00", "level": "INFO", "logger": "app.providers.transport", "msg": "provider.retry", "request_id": "-", "provider": "huobi", "attempt": 1, "failure_type": "timeout", "delay": 0.71, "label": "price"}
{"ts": "2026-09-26T20:37:01.884924+00:00", "level": "INFO", "logger": "app.providers.health", "msg": "provider.failure", "request_id": "-", "provider": "huobi", "failure_type": "timeout", "consecutive": 5, "message": "整体调用超时"}
{"ts": "2026-09-26T20:37:01.894929+00:00", "level": "INFO", "logger": "app.scheduler.manager", "msg": "scheduler.task_done", "request_id": "-", "provider": "-", "job": "market_tick", "status": "success", "ok": true}
{"ts": "2026-09-26T20:37:12.769718+00:00", "level": "INFO", "logger": "app.scheduler.manager", "msg": "scheduler.task_done", "request_id": "-", "provider": "-", "job": "health_probe", "status": "success", "ok": true}
{"ts": "2026-09-26T20:37:12.895624+00:00", "level": "INFO", "logger": "app.scheduler.manager", "msg": "scheduler.task_done", "request_id": "-", "provider": "-", "job": "market_1h", "status": "success", "ok": true}
{"ts": "2026-09-26T20:37:13.368701+00:00", "level": "INFO", "logger": "app.scheduler.manager", "msg": "scheduler.task_done", "request_id": "-", "provider": "-", "job": "derivatives", "status": "success", "ok": true}
{"ts": "2026-09-26T20:37:23.195281+00:00", "level": "INFO", "logger": "app.providers.transport", "msg": "provider.retry", "request_id": "-", "provider": "coingecko", "attempt": 1, "failure_type": "timeout", "delay": 0.671, "label": "price"}
{"ts": "2026-09-26T20:37:32.197592+00:00", "level": "INFO", "logger": "app.providers.health", "msg": "provider.failure", "request_id": "-", "provider": "coingecko", "failure_type": "timeout", "consecutive": 3, "message": "整体调用超时"}
{"ts": "2026-09-26T20:37:32.207107+00:00", "level": "INFO", "logger": "app.scheduler.manager", "msg": "scheduler.task_done", "request_id": "-", "provider": "-", "job": "market_tick", "status": "success", "ok": true}
{"ts": "2026-09-26T20:37:52.884117+00:00", "level": "INFO", "logger": "app.providers.transport", "msg": "provider.retry", "request_id": "-", "provider": "coinbase", "attempt": 1, "failure_type": "timeout", "delay": 0.888, "label": "price"}
{"ts": "2026-09-26T20:38:01.881535+00:00", "level": "INFO", "logger": "app.providers.health", "msg": "provider.failure", "request_id": "-", "provider": "coinbase", "failure_type": "timeout", "consecutive": 3, "message": "整体调用超时"}
{"ts": "2026-09-26T20:38:01.891827+00:00", "level": "INFO", "logger": "app.scheduler.manager", "msg": "scheduler.task_done", "request_id": "-", "provider": "-", "job": "market_tick", "status": "success", "ok": true}
{"ts": "2026-09-26T20:38:13.064520+00:00", "level": "INFO", "logger": "app.providers.transport", "msg": "provider.retry", "request_id": "-", "provider": "bybit", "attempt": 1, "failure_type": "connect_error", "delay": 0.736, "label": "price"}
{"ts": "2026-09-26T20:38:13.931051+00:00", "level": "INFO", "logger": "app.providers.transport", "msg": "provider.retry", "request_id": "-", "provider": "bybit", "attempt": 2, "failure_type": "connect_error", "delay": 1.311, "label": "price"}
{"ts": "2026-09-26T20:38:15.353494+00:00", "level": "INFO", "logger": "app.providers.health", "msg": "provider.failure", "request_id": "-", "provider": "bybit", "failure_type": "connect_error", "consecutive": 4, "message": "连接失败"}
{"ts": "2026-09-26T20:38:15.368300+00:00", "level": "INFO", "logger": "app.scheduler.manager", "msg": "scheduler.task_done", "request_id": "-", "provider": "-", "job": "market_tick", "status": "success", "ok": true}
{"ts": "2026-09-26T20:38:42.896851+00:00", "level": "INFO", "logger": "app.providers.transport", "msg": "provider.retry", "request_id": "-", "provider": "okx", "attempt": 1, "failure_type": "network_error", "delay": 0.83, "label": "price"}
{"ts": "2026-09-26T20:38:43.729917+00:00", "level": "INFO", "logger": "app.providers.transport", "msg": "provider.retry", "request_id": "-", "provider": "okx", "attempt": 2, "failure_type": "network_error", "delay": 1.393, "label": "price"}
{"ts": "2026-09-26T20:38:45.128737+00:00", "level": "INFO", "logger": "app.providers.health", "msg": "provider.failure", "request_id": "-", "provider": "okx", "failure_type": "network_error", "consecutive": 6, "message": "502 Bad Gateway"}
{"ts": "2026-09-26T20:38:45.136573+00:00", "level": "INFO", "logger": "app.scheduler.manager", "msg": "scheduler.task_done", "request_id": "-", "provider": "-", "job": "market_tick", "status": "success", "ok": true}
{"ts": "2026-09-26T20:39:12.775358+00:00", "level": "INFO", "logger": "app.scheduler.manager", "msg": "scheduler.task_done", "request_id": "-", "provider": "-", "job": "health_probe", "status": "success", "ok": true}
{"ts": "2026-09-26T20:39:22.893990+00:00", "level": "INFO", "logger": "app.providers.transport", "msg": "provider.retry", "request_id": "-", "provider": "binance", "attempt": 1, "failure_type": "timeout", "delay": 0.617, "label": "price"}
{"ts": "2026-09-26T20:39:31.889687+00:00", "level": "INFO", "logger": "app.providers.health", "msg": "provider.failure", "request_id": "-", "provider": "binance", "failure_type": "timeout", "consecutive": 8, "message": "整体调用超时"}
{"ts": "2026-09-26T20:39:31.927887+00:00", "level": "INFO", "logger": "app.scheduler.manager", "msg": "scheduler.task_done", "request_id": "-", "provider": "-", "job": "market_tick", "status": "success", "ok": true}
{"ts": "2026-09-26T20:39:43.758248+00:00", "level": "INFO", "logger": "app.scheduler.manager", "msg": "scheduler.task_done", "request_id": "-", "provider": "-", "job": "market_tick", "status": "success", "ok": true}
{"ts": "2026-09-26T20:40:13.084829+00:00", "level": "INFO", "logger": "app.scheduler.manager", "msg": "scheduler.task_done", "request_id": "-", "provider": "-", "job": "market_tick", "status": "success", "ok": true}
{"ts": "2026-09-26T20:40:43.607498+00:00", "level": "INFO", "logger": "app.scheduler.manager", "msg": "scheduler.task_done", "request_id": "-", "provider": "-", "job": "market_tick", "status": "success", "ok": true}
{"ts": "2026-09-26T20:41:12.774015+00:00", "level": "INFO", "logger": "app.scheduler.manager", "msg": "scheduler.task_done", "request_id": "-", "provider": "-", "job": "health_probe", "status": "success", "ok": true}
{"ts": "2026-09-26T20:41:13.084398+00:00", "level": "INFO", "logger": "app.scheduler.manager", "msg": "scheduler.task_done", "request_id": "-", "provider": "-", "job": "market_tick", "status": "success", "ok": true}
{"ts": "2026-09-26T20:41:43.087464+00:00", "level": "INFO", "logger": "app.scheduler.manager", "msg": "scheduler.task_done", "request_id": "-", "provider": "-", "job": "market_tick", "status": "success", "ok": true}
{"ts": "2026-09-26T20:42:13.092973+00:00", "level": "INFO", "logger": "app.scheduler.manager", "msg": "scheduler.task_done", "request_id": "-", "provider": "-", "job": "market_tick", "status": "success", "ok": true}
{"ts": "2026-09-26T20:42:13.221890+00:00", "level": "INFO", "logger": "app.scheduler.manager", "msg": "scheduler.task_done", "request_id": "-", "provider": "-", "job": "market_1h", "status": "success", "ok": true}
{"ts": "2026-09-26T20:42:13.397681+00:00", "level": "INFO", "logger": "app.scheduler.manager", "msg": "scheduler.task_done", "request_id": "-", "provider": "-", "job": "derivatives", "status": "success", "ok": true}
{"ts": "2026-09-26T20:42:43.088330+00:00", "level": "INFO", "logger": "app.scheduler.manager", "msg": "scheduler.task_done", "request_id": "-", "provider": "-", "job": "market_tick", "status": "success", "ok": true}
{"ts": "2026-09-26T20:43:12.785853+00:00", "level": "INFO", "logger": "app.scheduler.manager", "msg": "scheduler.task_done", "request_id": "-", "provider": "-", "job": "health_probe", "status": "success", "ok": true}
{"ts": "2026-09-26T20:43:14.110049+00:00", "level": "INFO", "logger": "app.scheduler.manager", "msg": "scheduler.task_done", "request_id": "-", "provider": "-", "job": "market_tick", "status": "success", "ok": true}
{"ts": "2026-09-26T20:43:43.091103+00:00", "level": "INFO", "logger": "app.scheduler.manager", "msg": "scheduler.task_done", "request_id": "-", "provider": "-", "job": "market_tick", "status": "success", "ok": true}
{"ts": "2026-09-26T20:44:13.086235+00:00", "level": "INFO", "logger": "app.scheduler.manager", "msg": "scheduler.task_done", "request_id": "-", "provider": "-", "job": "market_tick", "status": "success", "ok": true}
{"ts": "2026-09-26T20:44:44.455378+00:00", "level": "INFO", "logger": "app.scheduler.manager", "msg": "scheduler.task_done", "request_id": "-", "provider": "-", "job": "market_tick", "status": "success", "ok": true}
{"ts": "2026-09-26T20:45:12.783469+00:00", "level": "INFO", "logger": "app.scheduler.manager", "msg": "scheduler.task_done", "request_id": "-", "provider": "-", "job": "health_probe", "status": "success", "ok": true}
{"ts": "2026-09-26T20:45:13.096428+00:00", "level": "INFO", "logger": "app.scheduler.manager", "msg": "scheduler.task_done", "request_id": "-", "provider": "-", "job": "market_tick", "status": "success", "ok": true}
{"ts": "2026-09-26T20:45:44.839314+00:00", "level": "INFO", "logger": "app.scheduler.manager", "msg": "scheduler.task_done", "request_id": "-", "provider": "-", "job": "market_tick", "status": "success", "ok": true}
{"ts": "2026-09-26T20:46:14.279461+00:00", "level": "INFO", "logger": "app.scheduler.manager", "msg": "scheduler.task_done", "request_id": "-", "provider": "-", "job": "market_tick", "status": "success", "ok": true}
{"ts": "2026-09-26T20:46:43.978858+00:00", "level": "INFO", "logger": "app.scheduler.manager", "msg": "scheduler.task_done", "request_id": "-", "provider": "-", "job": "market_tick", "status": "success", "ok": true}
{"ts": "2026-09-26T20:47:12.776138+00:00", "level": "INFO", "logger": "app.scheduler.manager", "msg": "scheduler.task_done", "request_id": "-", "provider": "-", "job": "health_probe", "status": "success", "ok": true}
{"ts": "2026-09-26T20:47:12.896455+00:00", "level": "INFO", "logger": "app.scheduler.manager", "msg": "scheduler.task_done", "request_id": "-", "provider": "-", "job": "market_1h", "status": "success", "ok": true}
{"ts": "2026-09-26T20:47:13.241841+00:00", "level": "INFO", "logger": "app.scheduler.manager", "msg": "scheduler.task_done", "request_id": "-", "provider": "-", "job": "market_1d", "status": "success", "ok": true}
{"ts": "2026-09-26T20:47:13.370218+00:00", "level": "INFO", "logger": "app.scheduler.manager", "msg": "scheduler.task_done", "request_id": "-", "provider": "-", "job": "derivatives", "status": "success", "ok": true}
{"ts": "2026-09-26T20:47:14.769261+00:00", "level": "INFO", "logger": "app.scheduler.manager", "msg": "scheduler.task_done", "request_id": "-", "provider": "-", "job": "market_tick", "status": "success", "ok": true}
{"ts": "2026-09-26T20:47:43.096745+00:00", "level": "INFO", "logger": "app.scheduler.manager", "msg": "scheduler.task_done", "request_id": "-", "provider": "-", "job": "market_tick", "status": "success", "ok": true}
{"ts": "2026-09-26T20:48:13.084429+00:00", "level": "INFO", "logger": "app.scheduler.manager", "msg": "scheduler.task_done", "request_id": "-", "provider": "-", "job": "market_tick", "status": "success", "ok": true}
{"ts": "2026-09-26T20:48:43.090423+00:00", "level": "INFO", "logger": "app.scheduler.manager", "msg": "scheduler.task_done", "request_id": "-", "provider": "-", "job": "market_tick", "status": "success", "ok": true}
{"ts": "2026-09-26T20:49:12.778770+00:00", "level": "INFO", "logger": "app.scheduler.manager", "msg": "scheduler.task_done", "request_id": "-", "provider": "-", "job": "health_probe", "status": "success", "ok": true}
{"ts": "2026-09-26T20:49:13.094598+00:00", "level": "INFO", "logger": "app.scheduler.manager", "msg": "scheduler.task_done", "request_id": "-", "provider": "-", "job": "market_tick", "status": "success", "ok": true}
{"ts": "2026-09-26T20:49:43.089738+00:00", "level": "INFO", "logger": "app.scheduler.manager", "msg": "scheduler.task_done", "request_id": "-", "provider": "-", "job": "market_tick", "status": "success", "ok": true}
{"ts": "2026-09-26T20:50:13.118794+00:00", "level": "INFO", "logger": "app.scheduler.manager", "msg": "scheduler.task_done", "request_id": "-", "provider": "-", "job": "market_tick", "status": "success", "ok": true}
{"ts": "2026-09-26T20:50:43.091873+00:00", "level": "INFO", "logger": "app.scheduler.manager", "msg": "scheduler.task_done", "request_id": "-", "provider": "-", "job": "market_tick", "status": "success", "ok": true}
{"ts": "2026-09-26T20:51:12.774341+00:00", "level": "INFO", "logger": "app.scheduler.manager", "msg": "scheduler.task_done", "request_id": "-", "provider": "-", "job": "health_probe", "status": "success", "ok": true}
{"ts": "2026-09-26T20:51:13.088510+00:00", "level": "INFO", "logger": "app.scheduler.manager", "msg": "scheduler.task_done", "request_id": "-", "provider": "-", "job": "market_tick", "status": "success", "ok": true}
{"ts": "2026-09-26T20:51:43.086325+00:00", "level": "INFO", "logger": "app.scheduler.manager", "msg": "scheduler.task_done", "request_id": "-", "provider": "-", "job": "market_tick", "status": "success", "ok": true}
{"ts": "2026-09-26T20:52:13.095816+00:00", "level": "INFO", "logger": "app.scheduler.manager", "msg": "scheduler.task_done", "request_id": "-", "provider": "-", "job": "market_tick", "status": "success", "ok": true}
{"ts": "2026-09-26T20:52:13.379270+00:00", "level": "INFO", "logger": "app.scheduler.manager", "msg": "scheduler.task_done", "request_id": "-", "provider": "-", "job": "derivatives", "status": "success", "ok": true}
{"ts": "2026-09-26T20:52:13.525880+00:00", "level": "INFO", "logger": "app.scheduler.manager", "msg": "scheduler.task_done", "request_id": "-", "provider": "-", "job": "market_1h", "status": "success", "ok": true}
{"ts": "2026-09-26T20:52:43.083577+00:00", "level": "INFO", "logger": "app.scheduler.manager", "msg": "scheduler.task_done", "request_id": "-", "provider": "-", "job": "market_tick", "status": "success", "ok": true}
{"ts": "2026-09-26T20:53:12.785251+00:00", "level": "INFO", "logger": "app.scheduler.manager", "msg": "scheduler.task_done", "request_id": "-", "provider": "-", "job": "health_probe", "status": "success", "ok": true}
{"ts": "2026-09-26T20:53:13.098383+00:00", "level": "INFO", "logger": "app.scheduler.manager", "msg": "scheduler.task_done", "request_id": "-", "provider": "-", "job": "market_tick", "status": "success", "ok": true}
{"ts": "2026-09-26T20:53:43.084276+00:00", "level": "INFO", "logger": "app.scheduler.manager", "msg": "scheduler.task_done", "request_id": "-", "provider": "-", "job": "market_tick", "status": "success", "ok": true}
{"ts": "2026-09-26T20:54:13.076133+00:00", "level": "INFO", "logger": "app.scheduler.manager", "msg": "scheduler.task_done", "request_id": "-", "provider": "-", "job": "market_tick", "status": "success", "ok": true}
{"ts": "2026-09-26T20:54:43.090236+00:00", "level": "INFO", "logger": "app.scheduler.manager", "msg": "scheduler.task_done", "request_id": "-", "provider": "-", "job": "market_tick", "status": "success", "ok": true}
{"ts": "2026-09-26T20:55:12.774385+00:00", "level": "INFO", "logger": "app.scheduler.manager", "msg": "scheduler.task_done", "request_id": "-", "provider": "-", "job": "health_probe", "status": "success", "ok": true}
{"ts": "2026-09-26T20:55:13.122007+00:00", "level": "INFO", "logger": "app.scheduler.manager", "msg": "scheduler.task_done", "request_id": "-", "provider": "-", "job": "market_tick", "status": "success", "ok": true}
{"ts": "2026-09-26T20:55:45.184859+00:00", "level": "INFO", "logger": "app.scheduler.manager", "msg": "scheduler.task_done", "request_id": "-", "provider": "-", "job": "market_tick", "status": "success", "ok": true}
{"ts": "2026-09-26T20:56:13.089260+00:00", "level": "INFO", "logger": "app.scheduler.manager", "msg": "scheduler.task_done", "request_id": "-", "provider": "-", "job": "market_tick", "status": "success", "ok": true}
{"ts": "2026-09-26T20:56:43.091955+00:00", "level": "INFO", "logger": "app.scheduler.manager", "msg": "scheduler.task_done", "request_id": "-", "provider": "-", "job": "market_tick", "status": "success", "ok": true}
{"ts": "2026-09-26T20:57:12.776072+00:00", "level": "INFO", "logger": "app.scheduler.manager", "msg": "scheduler.task_done", "request_id": "-", "provider": "-", "job": "health_probe", "status": "success", "ok": true}
{"ts": "2026-09-26T20:57:13.225255+00:00", "level": "INFO", "logger": "app.scheduler.manager", "msg": "scheduler.task_done", "request_id": "-", "provider": "-", "job": "market_1h", "status": "success", "ok": true}
{"ts": "2026-09-26T20:57:13.418234+00:00", "level": "INFO", "logger": "app.scheduler.manager", "msg": "scheduler.task_done", "request_id": "-", "provider": "-", "job": "derivatives", "status": "success", "ok": true}
{"ts": "2026-09-26T20:57:15.452373+00:00", "level": "INFO", "logger": "app.scheduler.manager", "msg": "scheduler.task_done", "request_id": "-", "provider": "-", "job": "market_tick", "status": "success", "ok": true}
{"ts": "2026-09-26T20:57:43.087153+00:00", "level": "INFO", "logger": "app.scheduler.manager", "msg": "scheduler.task_done", "request_id": "-", "provider": "-", "job": "market_tick", "status": "success", "ok": true}
{"ts": "2026-09-26T20:58:13.098046+00:00", "level": "INFO", "logger": "app.scheduler.manager", "msg": "scheduler.task_done", "request_id": "-", "provider": "-", "job": "market_tick", "status": "success", "ok": true}
{"ts": "2026-09-26T20:58:43.094504+00:00", "level": "INFO", "logger": "app.scheduler.manager", "msg": "scheduler.task_done", "request_id": "-", "provider": "-", "job": "market_tick", "status": "success", "ok": true}
{"ts": "2026-09-26T20:59:12.769106+00:00", "level": "INFO", "logger": "app.scheduler.manager", "msg": "scheduler.task_done", "request_id": "-", "provider": "-", "job": "health_probe", "status": "success", "ok": true}
{"ts": "2026-09-26T20:59:13.422923+00:00", "level": "INFO", "logger": "app.scheduler.manager", "msg": "scheduler.task_done", "request_id": "-", "provider": "-", "job": "market_tick", "status": "success", "ok": true}
{"ts": "2026-09-26T20:59:43.082504+00:00", "level": "INFO", "logger": "app.scheduler.manager", "msg": "scheduler.task_done", "request_id": "-", "provider": "-", "job": "market_tick", "status": "success", "ok": true}
{"ts": "2026-09-26T21:00:13.088392+00:00", "level": "INFO", "logger": "app.scheduler.manager", "msg": "scheduler.task_done", "request_id": "-", "provider": "-", "job": "market_tick", "status": "success", "ok": true}
{"ts": "2026-09-26T21:00:43.079863+00:00", "level": "INFO", "logger": "app.scheduler.manager", "msg": "scheduler.task_done", "request_id": "-", "provider": "-", "job": "market_tick", "status": "success", "ok": true}
{"ts": "2026-09-26T21:01:12.776864+00:00", "level": "INFO", "logger": "app.scheduler.manager", "msg": "scheduler.task_done", "request_id": "-", "provider": "-", "job": "health_probe", "status": "success", "ok": true}
{"ts": "2026-09-26T21:01:13.177370+00:00", "level": "INFO", "logger": "app.scheduler.manager", "msg": "scheduler.task_done", "request_id": "-", "provider": "-", "job": "market_tick", "status": "success", "ok": true}
{"ts": "2026-09-26T21:01:44.988275+00:00", "level": "INFO", "logger": "app.scheduler.manager", "msg": "scheduler.task_done", "request_id": "-", "provider": "-", "job": "market_tick", "status": "success", "ok": true}
{"ts": "2026-09-26T21:02:12.898453+00:00", "level": "INFO", "logger": "app.scheduler.manager", "msg": "scheduler.task_done", "request_id": "-", "provider": "-", "job": "market_1h", "status": "success", "ok": true}
{"ts": "2026-09-26T21:02:13.372718+00:00", "level": "INFO", "logger": "app.scheduler.manager", "msg": "scheduler.task_done", "request_id": "-", "provider": "-", "job": "derivatives", "status": "success", "ok": true}
{"ts": "2026-09-26T21:02:14.177171+00:00", "level": "INFO", "logger": "app.scheduler.manager", "msg": "scheduler.task_done", "request_id": "-", "provider": "-", "job": "market_tick", "status": "success", "ok": true}
{"ts": "2026-09-26T21:02:43.104846+00:00", "level": "INFO", "logger": "app.scheduler.manager", "msg": "scheduler.task_done", "request_id": "-", "provider": "-", "job": "market_tick", "status": "success", "ok": true}
{"ts": "2026-09-26T21:03:12.778115+00:00", "level": "INFO", "logger": "app.scheduler.manager", "msg": "scheduler.task_done", "request_id": "-", "provider": "-", "job": "health_probe", "status": "success", "ok": true}
{"ts": "2026-09-26T21:03:13.524320+00:00", "level": "INFO", "logger": "app.scheduler.manager", "msg": "scheduler.task_done", "request_id": "-", "provider": "-", "job": "market_tick", "status": "success", "ok": true}
{"ts": "2026-09-26T21:03:43.110639+00:00", "level": "INFO", "logger": "app.scheduler.manager", "msg": "scheduler.task_done", "request_id": "-", "provider": "-", "job": "market_tick", "status": "success", "ok": true}
{"ts": "2026-09-26T21:04:13.327240+00:00", "level": "INFO", "logger": "app.scheduler.manager", "msg": "scheduler.task_done", "request_id": "-", "provider": "-", "job": "market_tick", "status": "success", "ok": true}
{"ts": "2026-09-26T21:04:44.522841+00:00", "level": "INFO", "logger": "app.scheduler.manager", "msg": "scheduler.task_done", "request_id": "-", "provider": "-", "job": "market_tick", "status": "success", "ok": true}
{"ts": "2026-09-26T21:05:12.766693+00:00", "level": "INFO", "logger": "app.scheduler.manager", "msg": "scheduler.task_done", "request_id": "-", "provider": "-", "job": "health_probe", "status": "success", "ok": true}
{"ts": "2026-09-26T21:05:13.227928+00:00", "level": "INFO", "logger": "app.scheduler.manager", "msg": "scheduler.task_done", "request_id": "-", "provider": "-", "job": "market_tick", "status": "success", "ok": true}
{"ts": "2026-09-26T21:05:43.114533+00:00", "level": "INFO", "logger": "app.scheduler.manager", "msg": "scheduler.task_done", "request_id": "-", "provider": "-", "job": "market_tick", "status": "success", "ok": true}
{"ts": "2026-09-26T21:06:14.012013+00:00", "level": "INFO", "logger": "app.scheduler.manager", "msg": "scheduler.task_done", "request_id": "-", "provider": "-", "job": "market_tick", "status": "success", "ok": true}
{"ts": "2026-09-26T21:06:43.093801+00:00", "level": "INFO", "logger": "app.scheduler.manager", "msg": "scheduler.task_done", "request_id": "-", "provider": "-", "job": "market_tick", "status": "success", "ok": true}
{"ts": "2026-09-26T21:07:12.773310+00:00", "level": "INFO", "logger": "app.scheduler.manager", "msg": "scheduler.task_done", "request_id": "-", "provider": "-", "job": "health_probe", "status": "success", "ok": true}
{"ts": "2026-09-26T21:07:12.902955+00:00", "level": "INFO", "logger": "app.scheduler.manager", "msg": "scheduler.task_done", "request_id": "-", "provider": "-", "job": "market_1h", "status": "success", "ok": true}
{"ts": "2026-09-26T21:07:13.398443+00:00", "level": "INFO", "logger": "app.scheduler.manager", "msg": "scheduler.task_done", "request_id": "-", "provider": "-", "job": "derivatives", "status": "success", "ok": true}
{"ts": "2026-09-26T21:07:14.185164+00:00", "level": "INFO", "logger": "app.scheduler.manager", "msg": "scheduler.task_done", "request_id": "-", "provider": "-", "job": "market_tick", "status": "success", "ok": true}
{"ts": "2026-09-26T21:07:43.090236+00:00", "level": "INFO", "logger": "app.scheduler.manager", "msg": "scheduler.task_done", "request_id": "-", "provider": "-", "job": "market_tick", "status": "success", "ok": true}
{"ts": "2026-09-26T21:08:13.093255+00:00", "level": "INFO", "logger": "app.scheduler.manager", "msg": "scheduler.task_done", "request_id": "-", "provider": "-", "job": "market_tick", "status": "success", "ok": true}
{"ts": "2026-09-26T21:08:43.105643+00:00", "level": "INFO", "logger": "app.scheduler.manager", "msg": "scheduler.task_done", "request_id": "-", "provider": "-", "job": "market_tick", "status": "success", "ok": true}
{"ts": "2026-09-26T21:09:12.784208+00:00", "level": "INFO", "logger": "app.scheduler.manager", "msg": "scheduler.task_done", "request_id": "-", "provider": "-", "job": "health_probe", "status": "success", "ok": true}
{"ts": "2026-09-26T21:09:13.108977+00:00", "level": "INFO", "logger": "app.scheduler.manager", "msg": "scheduler.task_done", "request_id": "-", "provider": "-", "job": "market_tick", "status": "success", "ok": true}
{"ts": "2026-09-26T21:09:43.183757+00:00", "level": "INFO", "logger": "app.scheduler.manager", "msg": "scheduler.task_done", "request_id": "-", "provider": "-", "job": "market_tick", "status": "success", "ok": true}
{"ts": "2026-09-26T21:10:13.105038+00:00", "level": "INFO", "logger": "app.scheduler.manager", "msg": "scheduler.task_done", "request_id": "-", "provider": "-", "job": "market_tick", "status": "success", "ok": true}
{"ts": "2026-09-26T21:10:43.163756+00:00", "level": "INFO", "logger": "app.scheduler.manager", "msg": "scheduler.task_done", "request_id": "-", "provider": "-", "job": "market_tick", "status": "success", "ok": true}
{"ts": "2026-09-26T21:11:12.777144+00:00", "level": "INFO", "logger": "app.scheduler.manager", "msg": "scheduler.task_done", "request_id": "-", "provider": "-", "job": "health_probe", "status": "success", "ok": true}
{"ts": "2026-09-26T21:11:13.100263+00:00", "level": "INFO", "logger": "app.scheduler.manager", "msg": "scheduler.task_done", "request_id": "-", "provider": "-", "job": "market_tick", "status": "success", "ok": true}
{"ts": "2026-09-26T21:11:43.114203+00:00", "level": "INFO", "logger": "app.scheduler.manager", "msg": "scheduler.task_done", "request_id": "-", "provider": "-", "job": "market_tick", "status": "success", "ok": true}
{"ts": "2026-09-26T21:12:12.900048+00:00", "level": "INFO", "logger": "app.scheduler.manager", "msg": "scheduler.task_done", "request_id": "-", "provider": "-", "job": "market_1h", "status": "success", "ok": true}
{"ts": "2026-09-26T21:12:13.586201+00:00", "level": "INFO", "logger": "app.scheduler.manager", "msg": "scheduler.task_done", "request_id": "-", "provider": "-", "job": "derivatives", "status": "success", "ok": true}
{"ts": "2026-09-26T21:12:14.273929+00:00", "level": "INFO", "logger": "app.scheduler.manager", "msg": "scheduler.task_done", "request_id": "-", "provider": "-", "job": "market_tick", "status": "success", "ok": true}
{"ts": "2026-09-26T21:12:43.100431+00:00", "level": "INFO", "logger": "app.scheduler.manager", "msg": "scheduler.task_done", "request_id": "-", "provider": "-", "job": "market_tick", "status": "success", "ok": true}
{"ts": "2026-09-26T21:13:12.776338+00:00", "level": "INFO", "logger": "app.scheduler.manager", "msg": "scheduler.task_done", "request_id": "-", "provider": "-", "job": "health_probe", "status": "success", "ok": true}
{"ts": "2026-09-26T21:13:13.102972+00:00", "level": "INFO", "logger": "app.scheduler.manager", "msg": "scheduler.task_done", "request_id": "-", "provider": "-", "job": "market_tick", "status": "success", "ok": true}
{"ts": "2026-09-26T21:13:43.113600+00:00", "level": "INFO", "logger": "app.scheduler.manager", "msg": "scheduler.task_done", "request_id": "-", "provider": "-", "job": "market_tick", "status": "success", "ok": true}
{"ts": "2026-09-26T21:14:13.123192+00:00", "level": "INFO", "logger": "app.scheduler.manager", "msg": "scheduler.task_done", "request_id": "-", "provider": "-", "job": "market_tick", "status": "success", "ok": true}
{"ts": "2026-09-26T21:14:44.991997+00:00", "level": "INFO", "logger": "app.scheduler.manager", "msg": "scheduler.task_done", "request_id": "-", "provider": "-", "job": "market_tick", "status": "success", "ok": true}
{"ts": "2026-09-26T21:15:12.781705+00:00", "level": "INFO", "logger": "app.scheduler.manager", "msg": "scheduler.task_done", "request_id": "-", "provider": "-", "job": "health_probe", "status": "success", "ok": true}
{"ts": "2026-09-26T21:15:13.125234+00:00", "level": "INFO", "logger": "app.scheduler.manager", "msg": "scheduler.task_done", "request_id": "-", "provider": "-", "job": "market_tick", "status": "success", "ok": true}
{"ts": "2026-09-26T21:15:43.106207+00:00", "level": "INFO", "logger": "app.scheduler.manager", "msg": "scheduler.task_done", "request_id": "-", "provider": "-", "job": "market_tick", "status": "success", "ok": true}
{"ts": "2026-09-26T21:16:13.140345+00:00", "level": "INFO", "logger": "app.scheduler.manager", "msg": "scheduler.task_done", "request_id": "-", "provider": "-", "job": "market_tick", "status": "success", "ok": true}
{"ts": "2026-09-26T21:16:43.108786+00:00", "level": "INFO", "logger": "app.scheduler.manager", "msg": "scheduler.task_done", "request_id": "-", "provider": "-", "job": "market_tick", "status": "success", "ok": true}
{"ts": "2026-09-26T21:17:12.785102+00:00", "level": "INFO", "logger": "app.scheduler.manager", "msg": "scheduler.task_done", "request_id": "-", "provider": "-", "job": "health_probe", "status": "success", "ok": true}
{"ts": "2026-09-26T21:17:12.912548+00:00", "level": "INFO", "logger": "app.scheduler.manager", "msg": "scheduler.task_done", "request_id": "-", "provider": "-", "job": "market_1h", "status": "success", "ok": true}
{"ts": "2026-09-26T21:17:12.936774+00:00", "level": "INFO", "logger": "app.scheduler.manager", "msg": "scheduler.task_done", "request_id": "-", "provider": "-", "job": "gap_repair", "status": "success", "ok": true}
{"ts": "2026-09-26T21:17:12.974285+00:00", "level": "INFO", "logger": "app.scheduler.manager", "msg": "scheduler.task_done", "request_id": "-", "provider": "-", "job": "quality", "status": "success", "ok": true}
{"ts": "2026-09-26T21:17:13.271122+00:00", "level": "INFO", "logger": "app.scheduler.manager", "msg": "scheduler.task_done", "request_id": "-", "provider": "-", "job": "market_1d", "status": "success", "ok": true}
{"ts": "2026-09-26T21:17:13.437341+00:00", "level": "INFO", "logger": "app.scheduler.manager", "msg": "scheduler.task_done", "request_id": "-", "provider": "-", "job": "market_tick", "status": "success", "ok": true}
{"ts": "2026-09-26T21:17:13.486229+00:00", "level": "INFO", "logger": "app.scheduler.manager", "msg": "scheduler.task_done", "request_id": "-", "provider": "-", "job": "derivatives", "status": "success", "ok": true}
{"ts": "2026-09-26T21:17:13.594465+00:00", "level": "INFO", "logger": "app.scheduler.manager", "msg": "scheduler.task_done", "request_id": "-", "provider": "-", "job": "onchain", "status": "success", "ok": true}
{"ts": "2026-09-26T21:17:14.170302+00:00", "level": "INFO", "logger": "app.scheduler.manager", "msg": "scheduler.task_done", "request_id": "-", "provider": "-", "job": "sentiment", "status": "success", "ok": true}
{"ts": "2026-09-26T21:17:43.112744+00:00", "level": "INFO", "logger": "app.scheduler.manager", "msg": "scheduler.task_done", "request_id": "-", "provider": "-", "job": "market_tick", "status": "success", "ok": true}
{"ts": "2026-09-26T21:18:14.102279+00:00", "level": "INFO", "logger": "app.scheduler.manager", "msg": "scheduler.task_done", "request_id": "-", "provider": "-", "job": "market_tick", "status": "success", "ok": true}
{"ts": "2026-09-26T21:18:44.002793+00:00", "level": "INFO", "logger": "app.scheduler.manager", "msg": "scheduler.task_done", "request_id": "-", "provider": "-", "job": "market_tick", "status": "success", "ok": true}
{"ts": "2026-09-26T21:19:12.767467+00:00", "level": "INFO", "logger": "app.scheduler.manager", "msg": "scheduler.task_done", "request_id": "-", "provider": "-", "job": "health_probe", "status": "success", "ok": true}
{"ts": "2026-09-26T21:19:13.087362+00:00", "level": "INFO", "logger": "app.scheduler.manager", "msg": "scheduler.task_done", "request_id": "-", "provider": "-", "job": "market_tick", "status": "success", "ok": true}
{"ts": "2026-09-26T21:19:43.097001+00:00", "level": "INFO", "logger": "app.scheduler.manager", "msg": "scheduler.task_done", "request_id": "-", "provider": "-", "job": "market_tick", "status": "success", "ok": true}
{"ts": "2026-09-26T21:20:15.253638+00:00", "level": "INFO", "logger": "app.scheduler.manager", "msg": "scheduler.task_done", "request_id": "-", "provider": "-", "job": "market_tick", "status": "success", "ok": true}
{"ts": "2026-09-26T21:20:43.096514+00:00", "level": "INFO", "logger": "app.scheduler.manager", "msg": "scheduler.task_done", "request_id": "-", "provider": "-", "job": "market_tick", "status": "success", "ok": true}
{"ts": "2026-09-26T21:21:12.770352+00:00", "level": "INFO", "logger": "app.scheduler.manager", "msg": "scheduler.task_done", "request_id": "-", "provider": "-", "job": "health_probe", "status": "success", "ok": true}
{"ts": "2026-09-26T21:21:13.094336+00:00", "level": "INFO", "logger": "app.scheduler.manager", "msg": "scheduler.task_done", "request_id": "-", "provider": "-", "job": "market_tick", "status": "success", "ok": true}
{"ts": "2026-09-26T21:21:43.100905+00:00", "level": "INFO", "logger": "app.scheduler.manager", "msg": "scheduler.task_done", "request_id": "-", "provider": "-", "job": "market_tick", "status": "success", "ok": true}
{"ts": "2026-09-26T21:22:12.893444+00:00", "level": "INFO", "logger": "app.scheduler.manager", "msg": "scheduler.task_done", "request_id": "-", "provider": "-", "job": "market_1h", "status": "success", "ok": true}
{"ts": "2026-09-26T21:22:13.384288+00:00", "level": "INFO", "logger": "app.scheduler.manager", "msg": "scheduler.task_done", "request_id": "-", "provider": "-", "job": "derivatives", "status": "success", "ok": true}
{"ts": "2026-09-26T21:22:14.170110+00:00", "level": "INFO", "logger": "app.scheduler.manager", "msg": "scheduler.task_done", "request_id": "-", "provider": "-", "job": "market_tick", "status": "success", "ok": true}
{"ts": "2026-09-26T21:22:43.102105+00:00", "level": "INFO", "logger": "app.scheduler.manager", "msg": "scheduler.task_done", "request_id": "-", "provider": "-", "job": "market_tick", "status": "success", "ok": true}
{"ts": "2026-09-26T21:23:12.787122+00:00", "level": "INFO", "logger": "app.scheduler.manager", "msg": "scheduler.task_done", "request_id": "-", "provider": "-", "job": "health_probe", "status": "success", "ok": true}
{"ts": "2026-09-26T21:23:13.127687+00:00", "level": "INFO", "logger": "app.scheduler.manager", "msg": "scheduler.task_done", "request_id": "-", "provider": "-", "job": "market_tick", "status": "success", "ok": true}
{"ts": "2026-09-26T21:23:43.134203+00:00", "level": "INFO", "logger": "app.scheduler.manager", "msg": "scheduler.task_done", "request_id": "-", "provider": "-", "job": "market_tick", "status": "success", "ok": true}
{"ts": "2026-09-26T21:24:13.097859+00:00", "level": "INFO", "logger": "app.scheduler.manager", "msg": "scheduler.task_done", "request_id": "-", "provider": "-", "job": "market_tick", "status": "success", "ok": true}
{"ts": "2026-09-26T21:24:43.111592+00:00", "level": "INFO", "logger": "app.scheduler.manager", "msg": "scheduler.task_done", "request_id": "-", "provider": "-", "job": "market_tick", "status": "success", "ok": true}
{"ts": "2026-09-26T21:25:12.769958+00:00", "level": "INFO", "logger": "app.scheduler.manager", "msg": "scheduler.task_done", "request_id": "-", "provider": "-", "job": "health_probe", "status": "success", "ok": true}
{"ts": "2026-09-26T21:25:13.140917+00:00", "level": "INFO", "logger": "app.scheduler.manager", "msg": "scheduler.task_done", "request_id": "-", "provider": "-", "job": "market_tick", "status": "success", "ok": true}
{"ts": "2026-09-26T21:25:43.096001+00:00", "level": "INFO", "logger": "app.scheduler.manager", "msg": "scheduler.task_done", "request_id": "-", "provider": "-", "job": "market_tick", "status": "success", "ok": true}
{"ts": "2026-09-26T21:26:13.106004+00:00", "level": "INFO", "logger": "app.scheduler.manager", "msg": "scheduler.task_done", "request_id": "-", "provider": "-", "job": "market_tick", "status": "success", "ok": true}
{"ts": "2026-09-26T21:26:43.100258+00:00", "level": "INFO", "logger": "app.scheduler.manager", "msg": "scheduler.task_done", "request_id": "-", "provider": "-", "job": "market_tick", "status": "success", "ok": true}
{"ts": "2026-09-26T21:27:12.768128+00:00", "level": "INFO", "logger": "app.scheduler.manager", "msg": "scheduler.task_done", "request_id": "-", "provider": "-", "job": "health_probe", "status": "success", "ok": true}
{"ts": "2026-09-26T21:27:12.899817+00:00", "level": "INFO", "logger": "app.scheduler.manager", "msg": "scheduler.task_done", "request_id": "-", "provider": "-", "job": "market_1h", "status": "success", "ok": true}
{"ts": "2026-09-26T21:27:13.347500+00:00", "level": "INFO", "logger": "app.scheduler.manager", "msg": "scheduler.task_done", "request_id": "-", "provider": "-", "job": "derivatives", "status": "success", "ok": true}
{"ts": "2026-09-26T21:27:14.268334+00:00", "level": "INFO", "logger": "app.scheduler.manager", "msg": "scheduler.task_done", "request_id": "-", "provider": "-", "job": "market_tick", "status": "success", "ok": true}
{"ts": "2026-09-26T21:27:43.103650+00:00", "level": "INFO", "logger": "app.scheduler.manager", "msg": "scheduler.task_done", "request_id": "-", "provider": "-", "job": "market_tick", "status": "success", "ok": true}
{"ts": "2026-09-26T21:28:13.101266+00:00", "level": "INFO", "logger": "app.scheduler.manager", "msg": "scheduler.task_done", "request_id": "-", "provider": "-", "job": "market_tick", "status": "success", "ok": true}
{"ts": "2026-09-26T21:28:43.097646+00:00", "level": "INFO", "logger": "app.scheduler.manager", "msg": "scheduler.task_done", "request_id": "-", "provider": "-", "job": "market_tick", "status": "success", "ok": true}
{"ts": "2026-09-26T21:29:12.781375+00:00", "level": "INFO", "logger": "app.scheduler.manager", "msg": "scheduler.task_done", "request_id": "-", "provider": "-", "job": "health_probe", "status": "success", "ok": true}
{"ts": "2026-09-26T21:29:14.579902+00:00", "level": "INFO", "logger": "app.scheduler.manager", "msg": "scheduler.task_done", "request_id": "-", "provider": "-", "job": "market_tick", "status": "success", "ok": true}
{"ts": "2026-09-26T21:29:43.109835+00:00", "level": "INFO", "logger": "app.scheduler.manager", "msg": "scheduler.task_done", "request_id": "-", "provider": "-", "job": "market_tick", "status": "success", "ok": true}
{"ts": "2026-09-26T21:30:14.420432+00:00", "level": "INFO", "logger": "app.scheduler.manager", "msg": "scheduler.task_done", "request_id": "-", "provider": "-", "job": "market_tick", "status": "success", "ok": true}
{"ts": "2026-09-26T21:30:43.108085+00:00", "level": "INFO", "logger": "app.scheduler.manager", "msg": "scheduler.task_done", "request_id": "-", "provider": "-", "job": "market_tick", "status": "success", "ok": true}
{"ts": "2026-09-26T21:31:12.767958+00:00", "level": "INFO", "logger": "app.scheduler.manager", "msg": "scheduler.task_done", "request_id": "-", "provider": "-", "job": "health_probe", "status": "success", "ok": true}
{"ts": "2026-09-26T21:31:13.097893+00:00", "level": "INFO", "logger": "app.scheduler.manager", "msg": "scheduler.task_done", "request_id": "-", "provider": "-", "job": "market_tick", "status": "success", "ok": true}
{"ts": "2026-09-26T21:31:43.107425+00:00", "level": "INFO", "logger": "app.scheduler.manager", "msg": "scheduler.task_done", "request_id": "-", "provider": "-", "job": "market_tick", "status": "success", "ok": true}
{"ts": "2026-09-26T21:32:13.117325+00:00", "level": "INFO", "logger": "app.scheduler.manager", "msg": "scheduler.task_done", "request_id": "-", "provider": "-", "job": "market_tick", "status": "success", "ok": true}
{"ts": "2026-09-26T21:32:13.248094+00:00", "level": "INFO", "logger": "app.scheduler.manager", "msg": "scheduler.task_done", "request_id": "-", "provider": "-", "job": "market_1h", "status": "success", "ok": true}
{"ts": "2026-09-26T21:32:13.439296+00:00", "level": "INFO", "logger": "app.scheduler.manager", "msg": "scheduler.task_done", "request_id": "-", "provider": "-", "job": "derivatives", "status": "success", "ok": true}
{"ts": "2026-09-26T21:32:43.101875+00:00", "level": "INFO", "logger": "app.scheduler.manager", "msg": "scheduler.task_done", "request_id": "-", "provider": "-", "job": "market_tick", "status": "success", "ok": true}
{"ts": "2026-09-26T21:33:12.778625+00:00", "level": "INFO", "logger": "app.scheduler.manager", "msg": "scheduler.task_done", "request_id": "-", "provider": "-", "job": "health_probe", "status": "success", "ok": true}
{"ts": "2026-09-26T21:33:13.107902+00:00", "level": "INFO", "logger": "app.scheduler.manager", "msg": "scheduler.task_done", "request_id": "-", "provider": "-", "job": "market_tick", "status": "success", "ok": true}
{"ts": "2026-09-26T21:33:44.331473+00:00", "level": "INFO", "logger": "app.scheduler.manager", "msg": "scheduler.task_done", "request_id": "-", "provider": "-", "job": "market_tick", "status": "success", "ok": true}
{"ts": "2026-09-26T21:34:13.115465+00:00", "level": "INFO", "logger": "app.scheduler.manager", "msg": "scheduler.task_done", "request_id": "-", "provider": "-", "job": "market_tick", "status": "success", "ok": true}
{"ts": "2026-09-26T21:34:43.109107+00:00", "level": "INFO", "logger": "app.scheduler.manager", "msg": "scheduler.task_done", "request_id": "-", "provider": "-", "job": "market_tick", "status": "success", "ok": true}
{"ts": "2026-09-26T21:35:12.773511+00:00", "level": "INFO", "logger": "app.scheduler.manager", "msg": "scheduler.task_done", "request_id": "-", "provider": "-", "job": "health_probe", "status": "success", "ok": true}
{"ts": "2026-09-26T21:35:13.115077+00:00", "level": "INFO", "logger": "app.scheduler.manager", "msg": "scheduler.task_done", "request_id": "-", "provider": "-", "job": "market_tick", "status": "success", "ok": true}
{"ts": "2026-09-26T21:35:43.098958+00:00", "level": "INFO", "logger": "app.scheduler.manager", "msg": "scheduler.task_done", "request_id": "-", "provider": "-", "job": "market_tick", "status": "success", "ok": true}
{"ts": "2026-09-26T21:36:14.595766+00:00", "level": "INFO", "logger": "app.scheduler.manager", "msg": "scheduler.task_done", "request_id": "-", "provider": "-", "job": "market_tick", "status": "success", "ok": true}
{"ts": "2026-09-26T21:36:43.103226+00:00", "level": "INFO", "logger": "app.scheduler.manager", "msg": "scheduler.task_done", "request_id": "-", "provider": "-", "job": "market_tick", "status": "success", "ok": true}
{"ts": "2026-09-26T21:37:12.779355+00:00", "level": "INFO", "logger": "app.scheduler.manager", "msg": "scheduler.task_done", "request_id": "-", "provider": "-", "job": "health_probe", "status": "success", "ok": true}
{"ts": "2026-09-26T21:37:12.907240+00:00", "level": "INFO", "logger": "app.scheduler.manager", "msg": "scheduler.task_done", "request_id": "-", "provider": "-", "job": "market_1h", "status": "success", "ok": true}
{"ts": "2026-09-26T21:37:13.405378+00:00", "level": "INFO", "logger": "app.scheduler.manager", "msg": "scheduler.task_done", "request_id": "-", "provider": "-", "job": "derivatives", "status": "success", "ok": true}
{"ts": "2026-09-26T21:37:14.082951+00:00", "level": "INFO", "logger": "app.scheduler.manager", "msg": "scheduler.task_done", "request_id": "-", "provider": "-", "job": "market_tick", "status": "success", "ok": true}
{"ts": "2026-09-26T21:37:43.096768+00:00", "level": "INFO", "logger": "app.scheduler.manager", "msg": "scheduler.task_done", "request_id": "-", "provider": "-", "job": "market_tick", "status": "success", "ok": true}
{"ts": "2026-09-26T21:38:13.087643+00:00", "level": "INFO", "logger": "app.scheduler.manager", "msg": "scheduler.task_done", "request_id": "-", "provider": "-", "job": "market_tick", "status": "success", "ok": true}
{"ts": "2026-09-26T21:38:43.100202+00:00", "level": "INFO", "logger": "app.scheduler.manager", "msg": "scheduler.task_done", "request_id": "-", "provider": "-", "job": "market_tick", "status": "success", "ok": true}
{"ts": "2026-09-26T21:39:12.778594+00:00", "level": "INFO", "logger": "app.scheduler.manager", "msg": "scheduler.task_done", "request_id": "-", "provider": "-", "job": "health_probe", "status": "success", "ok": true}
{"ts": "2026-09-26T21:39:13.102999+00:00", "level": "INFO", "logger": "app.scheduler.manager", "msg": "scheduler.task_done", "request_id": "-", "provider": "-", "job": "market_tick", "status": "success", "ok": true}
{"ts": "2026-09-26T21:39:43.465594+00:00", "level": "INFO", "logger": "app.scheduler.manager", "msg": "scheduler.task_done", "request_id": "-", "provider": "-", "job": "market_tick", "status": "success", "ok": true}
{"ts": "2026-09-26T21:40:13.109422+00:00", "level": "INFO", "logger": "app.scheduler.manager", "msg": "scheduler.task_done", "request_id": "-", "provider": "-", "job": "market_tick", "status": "success", "ok": true}
{"ts": "2026-09-26T21:40:43.100067+00:00", "level": "INFO", "logger": "app.scheduler.manager", "msg": "scheduler.task_done", "request_id": "-", "provider": "-", "job": "market_tick", "status": "success", "ok": true}
{"ts": "2026-09-26T21:41:12.775683+00:00", "level": "INFO", "logger": "app.scheduler.manager", "msg": "scheduler.task_done", "request_id": "-", "provider": "-", "job": "health_probe", "status": "success", "ok": true}
{"ts": "2026-09-26T21:41:13.111313+00:00", "level": "INFO", "logger": "app.scheduler.manager", "msg": "scheduler.task_done", "request_id": "-", "provider": "-", "job": "market_tick", "status": "success", "ok": true}
{"ts": "2026-09-26T21:41:43.105319+00:00", "level": "INFO", "logger": "app.scheduler.manager", "msg": "scheduler.task_done", "request_id": "-", "provider": "-", "job": "market_tick", "status": "success", "ok": true}
{"ts": "2026-09-26T21:42:12.897176+00:00", "level": "INFO", "logger": "app.scheduler.manager", "msg": "scheduler.task_done", "request_id": "-", "provider": "-", "job": "market_1h", "status": "success", "ok": true}
{"ts": "2026-09-26T21:42:13.384823+00:00", "level": "INFO", "logger": "app.scheduler.manager", "msg": "scheduler.task_done", "request_id": "-", "provider": "-", "job": "derivatives", "status": "success", "ok": true}
{"ts": "2026-09-26T21:42:14.062198+00:00", "level": "INFO", "logger": "app.scheduler.manager", "msg": "scheduler.task_done", "request_id": "-", "provider": "-", "job": "market_tick", "status": "success", "ok": true}
{"ts": "2026-09-26T21:42:43.102443+00:00", "level": "INFO", "logger": "app.scheduler.manager", "msg": "scheduler.task_done", "request_id": "-", "provider": "-", "job": "market_tick", "status": "success", "ok": true}
{"ts": "2026-09-26T21:43:12.768314+00:00", "level": "INFO", "logger": "app.scheduler.manager", "msg": "scheduler.task_done", "request_id": "-", "provider": "-", "job": "health_probe", "status": "success", "ok": true}
{"ts": "2026-09-26T21:43:13.103435+00:00", "level": "INFO", "logger": "app.scheduler.manager", "msg": "scheduler.task_done", "request_id": "-", "provider": "-", "job": "market_tick", "status": "success", "ok": true}
{"ts": "2026-09-26T21:43:43.117860+00:00", "level": "INFO", "logger": "app.scheduler.manager", "msg": "scheduler.task_done", "request_id": "-", "provider": "-", "job": "market_tick", "status": "success", "ok": true}
{"ts": "2026-09-26T21:44:13.106329+00:00", "level": "INFO", "logger": "app.scheduler.manager", "msg": "scheduler.task_done", "request_id": "-", "provider": "-", "job": "market_tick", "status": "success", "ok": true}
{"ts": "2026-09-26T21:44:43.106088+00:00", "level": "INFO", "logger": "app.scheduler.manager", "msg": "scheduler.task_done", "request_id": "-", "provider": "-", "job": "market_tick", "status": "success", "ok": true}
{"ts": "2026-09-26T21:45:12.780264+00:00", "level": "INFO", "logger": "app.scheduler.manager", "msg": "scheduler.task_done", "request_id": "-", "provider": "-", "job": "health_probe", "status": "success", "ok": true}
{"ts": "2026-09-26T21:45:13.132995+00:00", "level": "INFO", "logger": "app.scheduler.manager", "msg": "scheduler.task_done", "request_id": "-", "provider": "-", "job": "market_tick", "status": "success", "ok": true}
{"ts": "2026-09-26T21:45:43.097969+00:00", "level": "INFO", "logger": "app.scheduler.manager", "msg": "scheduler.task_done", "request_id": "-", "provider": "-", "job": "market_tick", "status": "success", "ok": true}
{"ts": "2026-09-26T21:46:13.112243+00:00", "level": "INFO", "logger": "app.scheduler.manager", "msg": "scheduler.task_done", "request_id": "-", "provider": "-", "job": "market_tick", "status": "success", "ok": true}
{"ts": "2026-09-26T21:46:44.657268+00:00", "level": "INFO", "logger": "app.scheduler.manager", "msg": "scheduler.task_done", "request_id": "-", "provider": "-", "job": "market_tick", "status": "success", "ok": true}
{"ts": "2026-09-26T21:47:12.782938+00:00", "level": "INFO", "logger": "app.scheduler.manager", "msg": "scheduler.task_done", "request_id": "-", "provider": "-", "job": "health_probe", "status": "success", "ok": true}
{"ts": "2026-09-26T21:47:12.912822+00:00", "level": "INFO", "logger": "app.scheduler.manager", "msg": "scheduler.task_done", "request_id": "-", "provider": "-", "job": "market_1h", "status": "success", "ok": true}
{"ts": "2026-09-26T21:47:13.234011+00:00", "level": "INFO", "logger": "app.scheduler.manager", "msg": "scheduler.task_done", "request_id": "-", "provider": "-", "job": "market_1d", "status": "success", "ok": true}
{"ts": "2026-09-26T21:47:13.397108+00:00", "level": "INFO", "logger": "app.scheduler.manager", "msg": "scheduler.task_done", "request_id": "-", "provider": "-", "job": "derivatives", "status": "success", "ok": true}
{"ts": "2026-09-26T21:47:14.043167+00:00", "level": "INFO", "logger": "app.scheduler.manager", "msg": "scheduler.task_done", "request_id": "-", "provider": "-", "job": "market_tick", "status": "success", "ok": true}
{"ts": "2026-09-26T21:47:43.091844+00:00", "level": "INFO", "logger": "app.scheduler.manager", "msg": "scheduler.task_done", "request_id": "-", "provider": "-", "job": "market_tick", "status": "success", "ok": true}
{"ts": "2026-09-26T21:48:13.093500+00:00", "level": "INFO", "logger": "app.scheduler.manager", "msg": "scheduler.task_done", "request_id": "-", "provider": "-", "job": "market_tick", "status": "success", "ok": true}
{"ts": "2026-09-26T21:48:43.100713+00:00", "level": "INFO", "logger": "app.scheduler.manager", "msg": "scheduler.task_done", "request_id": "-", "provider": "-", "job": "market_tick", "status": "success", "ok": true}
{"ts": "2026-09-26T21:49:12.773416+00:00", "level": "INFO", "logger": "app.scheduler.manager", "msg": "scheduler.task_done", "request_id": "-", "provider": "-", "job": "health_probe", "status": "success", "ok": true}
{"ts": "2026-09-26T21:49:13.097954+00:00", "level": "INFO", "logger": "app.scheduler.manager", "msg": "scheduler.task_done", "request_id": "-", "provider": "-", "job": "market_tick", "status": "success", "ok": true}
{"ts": "2026-09-26T21:49:43.099302+00:00", "level": "INFO", "logger": "app.scheduler.manager", "msg": "scheduler.task_done", "request_id": "-", "provider": "-", "job": "market_tick", "status": "success", "ok": true}
{"ts": "2026-09-26T21:50:13.093020+00:00", "level": "INFO", "logger": "app.scheduler.manager", "msg": "scheduler.task_done", "request_id": "-", "provider": "-", "job": "market_tick", "status": "success", "ok": true}
{"ts": "2026-09-26T21:50:43.783448+00:00", "level": "INFO", "logger": "app.scheduler.manager", "msg": "scheduler.task_done", "request_id": "-", "provider": "-", "job": "market_tick", "status": "success", "ok": true}
{"ts": "2026-09-26T21:51:12.774433+00:00", "level": "INFO", "logger": "app.scheduler.manager", "msg": "scheduler.task_done", "request_id": "-", "provider": "-", "job": "health_probe", "status": "success", "ok": true}
{"ts": "2026-09-26T21:51:13.092600+00:00", "level": "INFO", "logger": "app.scheduler.manager", "msg": "scheduler.task_done", "request_id": "-", "provider": "-", "job": "market_tick", "status": "success", "ok": true}
{"ts": "2026-09-26T21:51:43.137894+00:00", "level": "INFO", "logger": "app.scheduler.manager", "msg": "scheduler.task_done", "request_id": "-", "provider": "-", "job": "market_tick", "status": "success", "ok": true}
{"ts": "2026-09-26T21:52:13.233322+00:00", "level": "INFO", "logger": "app.scheduler.manager", "msg": "scheduler.task_done", "request_id": "-", "provider": "-", "job": "market_tick", "status": "success", "ok": true}
{"ts": "2026-09-26T21:52:13.247732+00:00", "level": "INFO", "logger": "app.scheduler.manager", "msg": "scheduler.task_done", "request_id": "-", "provider": "-", "job": "market_1h", "status": "success", "ok": true}
{"ts": "2026-09-26T21:52:14.232055+00:00", "level": "INFO", "logger": "app.scheduler.manager", "msg": "scheduler.task_done", "request_id": "-", "provider": "-", "job": "derivatives", "status": "success", "ok": true}
{"ts": "2026-09-26T21:52:43.087100+00:00", "level": "INFO", "logger": "app.scheduler.manager", "msg": "scheduler.task_done", "request_id": "-", "provider": "-", "job": "market_tick", "status": "success", "ok": true}
{"ts": "2026-09-26T21:53:12.768805+00:00", "level": "INFO", "logger": "app.scheduler.manager", "msg": "scheduler.task_done", "request_id": "-", "provider": "-", "job": "health_probe", "status": "success", "ok": true}
{"ts": "2026-09-26T21:53:13.087034+00:00", "level": "INFO", "logger": "app.scheduler.manager", "msg": "scheduler.task_done", "request_id": "-", "provider": "-", "job": "market_tick", "status": "success", "ok": true}
{"ts": "2026-09-26T21:53:43.086772+00:00", "level": "INFO", "logger": "app.scheduler.manager", "msg": "scheduler.task_done", "request_id": "-", "provider": "-", "job": "market_tick", "status": "success", "ok": true}
{"ts": "2026-09-26T21:54:13.089660+00:00", "level": "INFO", "logger": "app.scheduler.manager", "msg": "scheduler.task_done", "request_id": "-", "provider": "-", "job": "market_tick", "status": "success", "ok": true}
{"ts": "2026-09-26T21:54:43.090508+00:00", "level": "INFO", "logger": "app.scheduler.manager", "msg": "scheduler.task_done", "request_id": "-", "provider": "-", "job": "market_tick", "status": "success", "ok": true}
{"ts": "2026-09-26T21:55:12.776038+00:00", "level": "INFO", "logger": "app.scheduler.manager", "msg": "scheduler.task_done", "request_id": "-", "provider": "-", "job": "health_probe", "status": "success", "ok": true}
{"ts": "2026-09-26T21:55:13.099830+00:00", "level": "INFO", "logger": "app.scheduler.manager", "msg": "scheduler.task_done", "request_id": "-", "provider": "-", "job": "market_tick", "status": "success", "ok": true}
{"ts": "2026-09-26T21:55:43.086685+00:00", "level": "INFO", "logger": "app.scheduler.manager", "msg": "scheduler.task_done", "request_id": "-", "provider": "-", "job": "market_tick", "status": "success", "ok": true}
{"ts": "2026-09-26T21:56:13.088928+00:00", "level": "INFO", "logger": "app.scheduler.manager", "msg": "scheduler.task_done", "request_id": "-", "provider": "-", "job": "market_tick", "status": "success", "ok": true}
{"ts": "2026-09-26T21:56:44.982656+00:00", "level": "INFO", "logger": "app.scheduler.manager", "msg": "scheduler.task_done", "request_id": "-", "provider": "-", "job": "market_tick", "status": "success", "ok": true}
{"ts": "2026-09-26T21:57:12.779667+00:00", "level": "INFO", "logger": "app.scheduler.manager", "msg": "scheduler.task_done", "request_id": "-", "provider": "-", "job": "health_probe", "status": "success", "ok": true}
{"ts": "2026-09-26T21:57:13.119201+00:00", "level": "INFO", "logger": "app.scheduler.manager", "msg": "scheduler.task_done", "request_id": "-", "provider": "-", "job": "market_tick", "status": "success", "ok": true}
{"ts": "2026-09-26T21:57:13.239478+00:00", "level": "INFO", "logger": "app.scheduler.manager", "msg": "scheduler.task_done", "request_id": "-", "provider": "-", "job": "market_1h", "status": "success", "ok": true}
{"ts": "2026-09-26T21:57:13.433902+00:00", "level": "INFO", "logger": "app.scheduler.manager", "msg": "scheduler.task_done", "request_id": "-", "provider": "-", "job": "derivatives", "status": "success", "ok": true}
{"ts": "2026-09-26T21:57:43.079824+00:00", "level": "INFO", "logger": "app.scheduler.manager", "msg": "scheduler.task_done", "request_id": "-", "provider": "-", "job": "market_tick", "status": "success", "ok": true}
{"ts": "2026-09-26T21:58:13.128614+00:00", "level": "INFO", "logger": "app.scheduler.manager", "msg": "scheduler.task_done", "request_id": "-", "provider": "-", "job": "market_tick", "status": "success", "ok": true}
{"ts": "2026-09-26T21:58:43.225534+00:00", "level": "INFO", "logger": "app.scheduler.manager", "msg": "scheduler.task_done", "request_id": "-", "provider": "-", "job": "market_tick", "status": "success", "ok": true}
{"ts": "2026-09-26T21:59:12.772977+00:00", "level": "INFO", "logger": "app.scheduler.manager", "msg": "scheduler.task_done", "request_id": "-", "provider": "-", "job": "health_probe", "status": "success", "ok": true}
{"ts": "2026-09-26T21:59:13.684098+00:00", "level": "INFO", "logger": "app.scheduler.manager", "msg": "scheduler.task_done", "request_id": "-", "provider": "-", "job": "market_tick", "status": "success", "ok": true}
{"ts": "2026-09-26T21:59:44.602686+00:00", "level": "INFO", "logger": "app.scheduler.manager", "msg": "scheduler.task_done", "request_id": "-", "provider": "-", "job": "market_tick", "status": "success", "ok": true}
{"ts": "2026-09-26T22:00:13.649872+00:00", "level": "INFO", "logger": "app.scheduler.manager", "msg": "scheduler.task_done", "request_id": "-", "provider": "-", "job": "market_tick", "status": "success", "ok": true}
{"ts": "2026-09-26T22:00:43.094513+00:00", "level": "INFO", "logger": "app.scheduler.manager", "msg": "scheduler.task_done", "request_id": "-", "provider": "-", "job": "market_tick", "status": "success", "ok": true}
{"ts": "2026-09-26T22:01:12.770528+00:00", "level": "INFO", "logger": "app.scheduler.manager", "msg": "scheduler.task_done", "request_id": "-", "provider": "-", "job": "health_probe", "status": "success", "ok": true}
{"ts": "2026-09-26T22:01:13.109604+00:00", "level": "INFO", "logger": "app.scheduler.manager", "msg": "scheduler.task_done", "request_id": "-", "provider": "-", "job": "market_tick", "status": "success", "ok": true}
{"ts": "2026-09-26T22:01:43.099039+00:00", "level": "INFO", "logger": "app.scheduler.manager", "msg": "scheduler.task_done", "request_id": "-", "provider": "-", "job": "market_tick", "status": "success", "ok": true}
{"ts": "2026-09-26T22:02:13.101206+00:00", "level": "INFO", "logger": "app.scheduler.manager", "msg": "scheduler.task_done", "request_id": "-", "provider": "-", "job": "market_tick", "status": "success", "ok": true}
{"ts": "2026-09-26T22:02:13.210660+00:00", "level": "INFO", "logger": "app.scheduler.manager", "msg": "scheduler.task_done", "request_id": "-", "provider": "-", "job": "market_1h", "status": "success", "ok": true}
{"ts": "2026-09-26T22:02:13.397667+00:00", "level": "INFO", "logger": "app.scheduler.manager", "msg": "scheduler.task_done", "request_id": "-", "provider": "-", "job": "derivatives", "status": "success", "ok": true}
{"ts": "2026-09-26T22:02:43.087249+00:00", "level": "INFO", "logger": "app.scheduler.manager", "msg": "scheduler.task_done", "request_id": "-", "provider": "-", "job": "market_tick", "status": "success", "ok": true}
{"ts": "2026-09-26T22:03:12.771376+00:00", "level": "INFO", "logger": "app.scheduler.manager", "msg": "scheduler.task_done", "request_id": "-", "provider": "-", "job": "health_probe", "status": "success", "ok": true}
{"ts": "2026-09-26T22:03:16.996631+00:00", "level": "INFO", "logger": "app.scheduler.manager", "msg": "scheduler.task_done", "request_id": "-", "provider": "-", "job": "market_tick", "status": "success", "ok": true}
{"ts": "2026-09-26T22:03:43.093196+00:00", "level": "INFO", "logger": "app.scheduler.manager", "msg": "scheduler.task_done", "request_id": "-", "provider": "-", "job": "market_tick", "status": "success", "ok": true}
{"ts": "2026-09-26T22:04:13.265476+00:00", "level": "INFO", "logger": "app.scheduler.manager", "msg": "scheduler.task_done", "request_id": "-", "provider": "-", "job": "market_tick", "status": "success", "ok": true}
{"ts": "2026-09-26T22:04:43.105436+00:00", "level": "INFO", "logger": "app.scheduler.manager", "msg": "scheduler.task_done", "request_id": "-", "provider": "-", "job": "market_tick", "status": "success", "ok": true}
{"ts": "2026-09-26T22:05:12.780599+00:00", "level": "INFO", "logger": "app.scheduler.manager", "msg": "scheduler.task_done", "request_id": "-", "provider": "-", "job": "health_probe", "status": "success", "ok": true}
{"ts": "2026-09-26T22:05:13.099084+00:00", "level": "INFO", "logger": "app.scheduler.manager", "msg": "scheduler.task_done", "request_id": "-", "provider": "-", "job": "market_tick", "status": "success", "ok": true}
{"ts": "2026-09-26T22:05:43.168884+00:00", "level": "INFO", "logger": "app.scheduler.manager", "msg": "scheduler.task_done", "request_id": "-", "provider": "-", "job": "market_tick", "status": "success", "ok": true}
{"ts": "2026-09-26T22:06:13.105283+00:00", "level": "INFO", "logger": "app.scheduler.manager", "msg": "scheduler.task_done", "request_id": "-", "provider": "-", "job": "market_tick", "status": "success", "ok": true}
{"ts": "2026-09-26T22:06:43.110387+00:00", "level": "INFO", "logger": "app.scheduler.manager", "msg": "scheduler.task_done", "request_id": "-", "provider": "-", "job": "market_tick", "status": "success", "ok": true}
{"ts": "2026-09-26T22:07:12.774908+00:00", "level": "INFO", "logger": "app.scheduler.manager", "msg": "scheduler.task_done", "request_id": "-", "provider": "-", "job": "health_probe", "status": "success", "ok": true}
{"ts": "2026-09-26T22:07:13.174873+00:00", "level": "INFO", "logger": "app.scheduler.manager", "msg": "scheduler.task_done", "request_id": "-", "provider": "-", "job": "market_tick", "status": "success", "ok": true}
{"ts": "2026-09-26T22:07:13.234747+00:00", "level": "INFO", "logger": "app.scheduler.manager", "msg": "scheduler.task_done", "request_id": "-", "provider": "-", "job": "market_1h", "status": "success", "ok": true}
{"ts": "2026-09-26T22:07:13.388918+00:00", "level": "INFO", "logger": "app.scheduler.manager", "msg": "scheduler.task_done", "request_id": "-", "provider": "-", "job": "derivatives", "status": "success", "ok": true}
{"ts": "2026-09-26T22:07:43.082809+00:00", "level": "INFO", "logger": "app.scheduler.manager", "msg": "scheduler.task_done", "request_id": "-", "provider": "-", "job": "market_tick", "status": "success", "ok": true}
{"ts": "2026-09-26T22:08:13.085377+00:00", "level": "INFO", "logger": "app.scheduler.manager", "msg": "scheduler.task_done", "request_id": "-", "provider": "-", "job": "market_tick", "status": "success", "ok": true}
{"ts": "2026-09-26T22:08:43.099017+00:00", "level": "INFO", "logger": "app.scheduler.manager", "msg": "scheduler.task_done", "request_id": "-", "provider": "-", "job": "market_tick", "status": "success", "ok": true}
{"ts": "2026-09-26T22:09:12.768013+00:00", "level": "INFO", "logger": "app.scheduler.manager", "msg": "scheduler.task_done", "request_id": "-", "provider": "-", "job": "health_probe", "status": "success", "ok": true}
{"ts": "2026-09-26T22:09:13.084088+00:00", "level": "INFO", "logger": "app.scheduler.manager", "msg": "scheduler.task_done", "request_id": "-", "provider": "-", "job": "market_tick", "status": "success", "ok": true}
{"ts": "2026-09-26T22:09:43.099176+00:00", "level": "INFO", "logger": "app.scheduler.manager", "msg": "scheduler.task_done", "request_id": "-", "provider": "-", "job": "market_tick", "status": "success", "ok": true}
{"ts": "2026-09-26T22:10:13.162039+00:00", "level": "INFO", "logger": "app.scheduler.manager", "msg": "scheduler.task_done", "request_id": "-", "provider": "-", "job": "market_tick", "status": "success", "ok": true}
{"ts": "2026-09-26T22:10:43.092363+00:00", "level": "INFO", "logger": "app.scheduler.manager", "msg": "scheduler.task_done", "request_id": "-", "provider": "-", "job": "market_tick", "status": "success", "ok": true}
{"ts": "2026-09-26T22:11:12.768143+00:00", "level": "INFO", "logger": "app.scheduler.manager", "msg": "scheduler.task_done", "request_id": "-", "provider": "-", "job": "health_probe", "status": "success", "ok": true}
{"ts": "2026-09-26T22:11:13.194874+00:00", "level": "INFO", "logger": "app.scheduler.manager", "msg": "scheduler.task_done", "request_id": "-", "provider": "-", "job": "market_tick", "status": "success", "ok": true}
{"ts": "2026-09-26T22:11:43.095904+00:00", "level": "INFO", "logger": "app.scheduler.manager", "msg": "scheduler.task_done", "request_id": "-", "provider": "-", "job": "market_tick", "status": "success", "ok": true}
{"ts": "2026-09-26T22:12:12.895378+00:00", "level": "INFO", "logger": "app.scheduler.manager", "msg": "scheduler.task_done", "request_id": "-", "provider": "-", "job": "market_1h", "status": "success", "ok": true}
{"ts": "2026-09-26T22:12:13.447401+00:00", "level": "INFO", "logger": "app.scheduler.manager", "msg": "scheduler.task_done", "request_id": "-", "provider": "-", "job": "derivatives", "status": "success", "ok": true}
{"ts": "2026-09-26T22:12:14.114420+00:00", "level": "INFO", "logger": "app.scheduler.manager", "msg": "scheduler.task_done", "request_id": "-", "provider": "-", "job": "market_tick", "status": "success", "ok": true}
{"ts": "2026-09-26T22:12:44.748740+00:00", "level": "INFO", "logger": "app.scheduler.manager", "msg": "scheduler.task_done", "request_id": "-", "provider": "-", "job": "market_tick", "status": "success", "ok": true}
{"ts": "2026-09-26T22:13:12.776673+00:00", "level": "INFO", "logger": "app.scheduler.manager", "msg": "scheduler.task_done", "request_id": "-", "provider": "-", "job": "health_probe", "status": "success", "ok": true}
{"ts": "2026-09-26T22:13:13.191982+00:00", "level": "INFO", "logger": "app.scheduler.manager", "msg": "scheduler.task_done", "request_id": "-", "provider": "-", "job": "market_tick", "status": "success", "ok": true}
{"ts": "2026-09-26T22:13:43.120806+00:00", "level": "INFO", "logger": "app.scheduler.manager", "msg": "scheduler.task_done", "request_id": "-", "provider": "-", "job": "market_tick", "status": "success", "ok": true}
{"ts": "2026-09-26T22:14:13.109402+00:00", "level": "INFO", "logger": "app.scheduler.manager", "msg": "scheduler.task_done", "request_id": "-", "provider": "-", "job": "market_tick", "status": "success", "ok": true}
{"ts": "2026-09-26T22:14:43.121284+00:00", "level": "INFO", "logger": "app.scheduler.manager", "msg": "scheduler.task_done", "request_id": "-", "provider": "-", "job": "market_tick", "status": "success", "ok": true}
{"ts": "2026-09-26T22:15:12.772773+00:00", "level": "INFO", "logger": "app.scheduler.manager", "msg": "scheduler.task_done", "request_id": "-", "provider": "-", "job": "health_probe", "status": "success", "ok": true}
{"ts": "2026-09-26T22:15:13.109697+00:00", "level": "INFO", "logger": "app.scheduler.manager", "msg": "scheduler.task_done", "request_id": "-", "provider": "-", "job": "market_tick", "status": "success", "ok": true}
{"ts": "2026-09-26T22:15:43.123381+00:00", "level": "INFO", "logger": "app.scheduler.manager", "msg": "scheduler.task_done", "request_id": "-", "provider": "-", "job": "market_tick", "status": "success", "ok": true}
{"ts": "2026-09-26T22:16:15.538001+00:00", "level": "INFO", "logger": "app.scheduler.manager", "msg": "scheduler.task_done", "request_id": "-", "provider": "-", "job": "market_tick", "status": "success", "ok": true}
{"ts": "2026-09-26T22:16:43.181812+00:00", "level": "INFO", "logger": "app.scheduler.manager", "msg": "scheduler.task_done", "request_id": "-", "provider": "-", "job": "market_tick", "status": "success", "ok": true}
{"ts": "2026-09-26T22:17:12.936454+00:00", "level": "INFO", "logger": "app.scheduler.manager", "msg": "scheduler.task_done", "request_id": "-", "provider": "-", "job": "health_probe", "status": "success", "ok": true}
{"ts": "2026-09-26T22:17:12.991829+00:00", "level": "INFO", "logger": "app.scheduler.manager", "msg": "scheduler.task_done", "request_id": "-", "provider": "-", "job": "quality", "status": "success", "ok": true}
{"ts": "2026-09-26T22:17:13.023472+00:00", "level": "INFO", "logger": "app.scheduler.manager", "msg": "scheduler.task_done", "request_id": "-", "provider": "-", "job": "gap_repair", "status": "success", "ok": true}
{"ts": "2026-09-26T22:17:13.469386+00:00", "level": "INFO", "logger": "app.scheduler.manager", "msg": "scheduler.task_done", "request_id": "-", "provider": "-", "job": "market_1d", "status": "success", "ok": true}
{"ts": "2026-09-26T22:17:13.525921+00:00", "level": "INFO", "logger": "app.scheduler.manager", "msg": "scheduler.task_done", "request_id": "-", "provider": "-", "job": "market_1h", "status": "success", "ok": true}
{"ts": "2026-09-26T22:17:13.713670+00:00", "level": "INFO", "logger": "app.scheduler.manager", "msg": "scheduler.task_done", "request_id": "-", "provider": "-", "job": "derivatives", "status": "success", "ok": true}
{"ts": "2026-09-26T22:17:13.726470+00:00", "level": "INFO", "logger": "app.scheduler.manager", "msg": "scheduler.task_done", "request_id": "-", "provider": "-", "job": "onchain", "status": "success", "ok": true}
{"ts": "2026-09-26T22:17:14.183725+00:00", "level": "INFO", "logger": "app.scheduler.manager", "msg": "scheduler.task_done", "request_id": "-", "provider": "-", "job": "sentiment", "status": "success", "ok": true}
{"ts": "2026-09-26T22:17:14.215763+00:00", "level": "INFO", "logger": "app.scheduler.manager", "msg": "scheduler.task_done", "request_id": "-", "provider": "-", "job": "market_tick", "status": "success", "ok": true}
{"ts": "2026-09-26T22:17:45.246179+00:00", "level": "INFO", "logger": "app.scheduler.manager", "msg": "scheduler.task_done", "request_id": "-", "provider": "-", "job": "market_tick", "status": "success", "ok": true}
{"ts": "2026-09-26T22:18:13.116600+00:00", "level": "INFO", "logger": "app.scheduler.manager", "msg": "scheduler.task_done", "request_id": "-", "provider": "-", "job": "market_tick", "status": "success", "ok": true}
{"ts": "2026-09-26T22:18:43.093773+00:00", "level": "INFO", "logger": "app.scheduler.manager", "msg": "scheduler.task_done", "request_id": "-", "provider": "-", "job": "market_tick", "status": "success", "ok": true}
{"ts": "2026-09-26T22:19:12.773334+00:00", "level": "INFO", "logger": "app.scheduler.manager", "msg": "scheduler.task_done", "request_id": "-", "provider": "-", "job": "health_probe", "status": "success", "ok": true}
{"ts": "2026-09-26T22:19:13.093906+00:00", "level": "INFO", "logger": "app.scheduler.manager", "msg": "scheduler.task_done", "request_id": "-", "provider": "-", "job": "market_tick", "status": "success", "ok": true}
{"ts": "2026-09-26T22:19:44.213956+00:00", "level": "INFO", "logger": "app.scheduler.manager", "msg": "scheduler.task_done", "request_id": "-", "provider": "-", "job": "market_tick", "status": "success", "ok": true}
{"ts": "2026-09-26T22:20:13.093317+00:00", "level": "INFO", "logger": "app.scheduler.manager", "msg": "scheduler.task_done", "request_id": "-", "provider": "-", "job": "market_tick", "status": "success", "ok": true}
{"ts": "2026-09-26T22:20:43.106212+00:00", "level": "INFO", "logger": "app.scheduler.manager", "msg": "scheduler.task_done", "request_id": "-", "provider": "-", "job": "market_tick", "status": "success", "ok": true}
{"ts": "2026-09-26T22:21:12.782176+00:00", "level": "INFO", "logger": "app.scheduler.manager", "msg": "scheduler.task_done", "request_id": "-", "provider": "-", "job": "health_probe", "status": "success", "ok": true}
{"ts": "2026-09-26T22:21:13.150130+00:00", "level": "INFO", "logger": "app.scheduler.manager", "msg": "scheduler.task_done", "request_id": "-", "provider": "-", "job": "market_tick", "status": "success", "ok": true}
{"ts": "2026-09-26T22:21:43.095830+00:00", "level": "INFO", "logger": "app.scheduler.manager", "msg": "scheduler.task_done", "request_id": "-", "provider": "-", "job": "market_tick", "status": "success", "ok": true}
{"ts": "2026-09-26T22:22:13.104786+00:00", "level": "INFO", "logger": "app.scheduler.manager", "msg": "scheduler.task_done", "request_id": "-", "provider": "-", "job": "market_tick", "status": "success", "ok": true}
{"ts": "2026-09-26T22:22:13.281890+00:00", "level": "INFO", "logger": "app.scheduler.manager", "msg": "scheduler.task_done", "request_id": "-", "provider": "-", "job": "market_1h", "status": "success", "ok": true}
{"ts": "2026-09-26T22:22:13.376792+00:00", "level": "INFO", "logger": "app.scheduler.manager", "msg": "scheduler.task_done", "request_id": "-", "provider": "-", "job": "derivatives", "status": "success", "ok": true}
{"ts": "2026-09-26T22:22:43.130229+00:00", "level": "INFO", "logger": "app.scheduler.manager", "msg": "scheduler.task_done", "request_id": "-", "provider": "-", "job": "market_tick", "status": "success", "ok": true}
{"ts": "2026-09-26T22:23:12.772382+00:00", "level": "INFO", "logger": "app.scheduler.manager", "msg": "scheduler.task_done", "request_id": "-", "provider": "-", "job": "health_probe", "status": "success", "ok": true}
{"ts": "2026-09-26T22:23:13.104031+00:00", "level": "INFO", "logger": "app.scheduler.manager", "msg": "scheduler.task_done", "request_id": "-", "provider": "-", "job": "market_tick", "status": "success", "ok": true}
{"ts": "2026-09-26T22:23:43.097573+00:00", "level": "INFO", "logger": "app.scheduler.manager", "msg": "scheduler.task_done", "request_id": "-", "provider": "-", "job": "market_tick", "status": "success", "ok": true}
{"ts": "2026-09-26T22:24:13.085702+00:00", "level": "INFO", "logger": "app.scheduler.manager", "msg": "scheduler.task_done", "request_id": "-", "provider": "-", "job": "market_tick", "status": "success", "ok": true}
{"ts": "2026-09-26T22:24:43.113107+00:00", "level": "INFO", "logger": "app.scheduler.manager", "msg": "scheduler.task_done", "request_id": "-", "provider": "-", "job": "market_tick", "status": "success", "ok": true}
{"ts": "2026-09-26T22:25:12.777864+00:00", "level": "INFO", "logger": "app.scheduler.manager", "msg": "scheduler.task_done", "request_id": "-", "provider": "-", "job": "health_probe", "status": "success", "ok": true}
{"ts": "2026-09-26T22:25:14.113112+00:00", "level": "INFO", "logger": "app.scheduler.manager", "msg": "scheduler.task_done", "request_id": "-", "provider": "-", "job": "market_tick", "status": "success", "ok": true}
{"ts": "2026-09-26T22:25:43.090698+00:00", "level": "INFO", "logger": "app.scheduler.manager", "msg": "scheduler.task_done", "request_id": "-", "provider": "-", "job": "market_tick", "status": "success", "ok": true}
{"ts": "2026-09-26T22:26:13.091085+00:00", "level": "INFO", "logger": "app.scheduler.manager", "msg": "scheduler.task_done", "request_id": "-", "provider": "-", "job": "market_tick", "status": "success", "ok": true}
{"ts": "2026-09-26T22:26:43.889160+00:00", "level": "INFO", "logger": "app.scheduler.manager", "msg": "scheduler.task_done", "request_id": "-", "provider": "-", "job": "market_tick", "status": "success", "ok": true}
{"ts": "2026-09-26T22:27:12.781095+00:00", "level": "INFO", "logger": "app.scheduler.manager", "msg": "scheduler.task_done", "request_id": "-", "provider": "-", "job": "health_probe", "status": "success", "ok": true}
{"ts": "2026-09-26T22:27:13.152216+00:00", "level": "INFO", "logger": "app.scheduler.manager", "msg": "scheduler.task_done", "request_id": "-", "provider": "-", "job": "market_tick", "status": "success", "ok": true}
{"ts": "2026-09-26T22:27:13.205666+00:00", "level": "INFO", "logger": "app.scheduler.manager", "msg": "scheduler.task_done", "request_id": "-", "provider": "-", "job": "market_1h", "status": "success", "ok": true}
{"ts": "2026-09-26T22:27:13.379154+00:00", "level": "INFO", "logger": "app.scheduler.manager", "msg": "scheduler.task_done", "request_id": "-", "provider": "-", "job": "derivatives", "status": "success", "ok": true}
{"ts": "2026-09-26T22:27:44.170667+00:00", "level": "INFO", "logger": "app.scheduler.manager", "msg": "scheduler.task_done", "request_id": "-", "provider": "-", "job": "market_tick", "status": "success", "ok": true}
{"ts": "2026-09-26T22:28:13.353274+00:00", "level": "INFO", "logger": "app.scheduler.manager", "msg": "scheduler.task_done", "request_id": "-", "provider": "-", "job": "market_tick", "status": "success", "ok": true}
{"ts": "2026-09-26T22:28:43.133203+00:00", "level": "INFO", "logger": "app.scheduler.manager", "msg": "scheduler.task_done", "request_id": "-", "provider": "-", "job": "market_tick", "status": "success", "ok": true}
{"ts": "2026-09-26T22:29:12.769162+00:00", "level": "INFO", "logger": "app.scheduler.manager", "msg": "scheduler.task_done", "request_id": "-", "provider": "-", "job": "health_probe", "status": "success", "ok": true}
{"ts": "2026-09-26T22:29:13.111913+00:00", "level": "INFO", "logger": "app.scheduler.manager", "msg": "scheduler.task_done", "request_id": "-", "provider": "-", "job": "market_tick", "status": "success", "ok": true}
{"ts": "2026-09-26T22:29:43.096969+00:00", "level": "INFO", "logger": "app.scheduler.manager", "msg": "scheduler.task_done", "request_id": "-", "provider": "-", "job": "market_tick", "status": "success", "ok": true}
{"ts": "2026-09-26T22:30:13.093666+00:00", "level": "INFO", "logger": "app.scheduler.manager", "msg": "scheduler.task_done", "request_id": "-", "provider": "-", "job": "market_tick", "status": "success", "ok": true}
{"ts": "2026-09-26T22:30:43.091372+00:00", "level": "INFO", "logger": "app.scheduler.manager", "msg": "scheduler.task_done", "request_id": "-", "provider": "-", "job": "market_tick", "status": "success", "ok": true}
{"ts": "2026-09-26T22:31:12.769873+00:00", "level": "INFO", "logger": "app.scheduler.manager", "msg": "scheduler.task_done", "request_id": "-", "provider": "-", "job": "health_probe", "status": "success", "ok": true}
{"ts": "2026-09-26T22:31:13.096446+00:00", "level": "INFO", "logger": "app.scheduler.manager", "msg": "scheduler.task_done", "request_id": "-", "provider": "-", "job": "market_tick", "status": "success", "ok": true}
{"ts": "2026-09-26T22:31:43.091387+00:00", "level": "INFO", "logger": "app.scheduler.manager", "msg": "scheduler.task_done", "request_id": "-", "provider": "-", "job": "market_tick", "status": "success", "ok": true}
{"ts": "2026-09-26T22:32:13.143209+00:00", "level": "INFO", "logger": "app.scheduler.manager", "msg": "scheduler.task_done", "request_id": "-", "provider": "-", "job": "market_tick", "status": "success", "ok": true}
{"ts": "2026-09-26T22:32:13.227883+00:00", "level": "INFO", "logger": "app.scheduler.manager", "msg": "scheduler.task_done", "request_id": "-", "provider": "-", "job": "market_1h", "status": "success", "ok": true}
{"ts": "2026-09-26T22:32:13.469140+00:00", "level": "INFO", "logger": "app.scheduler.manager", "msg": "scheduler.task_done", "request_id": "-", "provider": "-", "job": "derivatives", "status": "success", "ok": true}
{"ts": "2026-09-26T22:32:43.084755+00:00", "level": "INFO", "logger": "app.scheduler.manager", "msg": "scheduler.task_done", "request_id": "-", "provider": "-", "job": "market_tick", "status": "success", "ok": true}
{"ts": "2026-09-26T22:33:12.770352+00:00", "level": "INFO", "logger": "app.scheduler.manager", "msg": "scheduler.task_done", "request_id": "-", "provider": "-", "job": "health_probe", "status": "success", "ok": true}
{"ts": "2026-09-26T22:33:13.089315+00:00", "level": "INFO", "logger": "app.scheduler.manager", "msg": "scheduler.task_done", "request_id": "-", "provider": "-", "job": "market_tick", "status": "success", "ok": true}
{"ts": "2026-09-26T22:33:43.087605+00:00", "level": "INFO", "logger": "app.scheduler.manager", "msg": "scheduler.task_done", "request_id": "-", "provider": "-", "job": "market_tick", "status": "success", "ok": true}
{"ts": "2026-09-26T22:34:13.113156+00:00", "level": "INFO", "logger": "app.scheduler.manager", "msg": "scheduler.task_done", "request_id": "-", "provider": "-", "job": "market_tick", "status": "success", "ok": true}
{"ts": "2026-09-26T22:34:43.563683+00:00", "level": "INFO", "logger": "app.scheduler.manager", "msg": "scheduler.task_done", "request_id": "-", "provider": "-", "job": "market_tick", "status": "success", "ok": true}
{"ts": "2026-09-26T22:35:12.769792+00:00", "level": "INFO", "logger": "app.scheduler.manager", "msg": "scheduler.task_done", "request_id": "-", "provider": "-", "job": "health_probe", "status": "success", "ok": true}
{"ts": "2026-09-26T22:35:14.988958+00:00", "level": "INFO", "logger": "app.scheduler.manager", "msg": "scheduler.task_done", "request_id": "-", "provider": "-", "job": "market_tick", "status": "success", "ok": true}
{"ts": "2026-09-26T22:35:43.140356+00:00", "level": "INFO", "logger": "app.scheduler.manager", "msg": "scheduler.task_done", "request_id": "-", "provider": "-", "job": "market_tick", "status": "success", "ok": true}
{"ts": "2026-09-26T22:36:13.091182+00:00", "level": "INFO", "logger": "app.scheduler.manager", "msg": "scheduler.task_done", "request_id": "-", "provider": "-", "job": "market_tick", "status": "success", "ok": true}
{"ts": "2026-09-26T22:36:43.081522+00:00", "level": "INFO", "logger": "app.scheduler.manager", "msg": "scheduler.task_done", "request_id": "-", "provider": "-", "job": "market_tick", "status": "success", "ok": true}
{"ts": "2026-09-26T22:37:12.787251+00:00", "level": "INFO", "logger": "app.scheduler.manager", "msg": "scheduler.task_done", "request_id": "-", "provider": "-", "job": "health_probe", "status": "success", "ok": true}
{"ts": "2026-09-26T22:37:13.121414+00:00", "level": "INFO", "logger": "app.scheduler.manager", "msg": "scheduler.task_done", "request_id": "-", "provider": "-", "job": "market_tick", "status": "success", "ok": true}
{"ts": "2026-09-26T22:37:13.244869+00:00", "level": "INFO", "logger": "app.scheduler.manager", "msg": "scheduler.task_done", "request_id": "-", "provider": "-", "job": "market_1h", "status": "success", "ok": true}
{"ts": "2026-09-26T22:37:13.445516+00:00", "level": "INFO", "logger": "app.scheduler.manager", "msg": "scheduler.task_done", "request_id": "-", "provider": "-", "job": "derivatives", "status": "success", "ok": true}
{"ts": "2026-09-26T22:37:43.098407+00:00", "level": "INFO", "logger": "app.scheduler.manager", "msg": "scheduler.task_done", "request_id": "-", "provider": "-", "job": "market_tick", "status": "success", "ok": true}
{"ts": "2026-09-26T22:38:14.529328+00:00", "level": "INFO", "logger": "app.scheduler.manager", "msg": "scheduler.task_done", "request_id": "-", "provider": "-", "job": "market_tick", "status": "success", "ok": true}
{"ts": "2026-09-26T22:38:43.095633+00:00", "level": "INFO", "logger": "app.scheduler.manager", "msg": "scheduler.task_done", "request_id": "-", "provider": "-", "job": "market_tick", "status": "success", "ok": true}
{"ts": "2026-09-26T22:39:12.770151+00:00", "level": "INFO", "logger": "app.scheduler.manager", "msg": "scheduler.task_done", "request_id": "-", "provider": "-", "job": "health_probe", "status": "success", "ok": true}
{"ts": "2026-09-26T22:39:13.099130+00:00", "level": "INFO", "logger": "app.scheduler.manager", "msg": "scheduler.task_done", "request_id": "-", "provider": "-", "job": "market_tick", "status": "success", "ok": true}
{"ts": "2026-09-26T22:39:43.086732+00:00", "level": "INFO", "logger": "app.scheduler.manager", "msg": "scheduler.task_done", "request_id": "-", "provider": "-", "job": "market_tick", "status": "success", "ok": true}
{"ts": "2026-09-26T22:40:13.092351+00:00", "level": "INFO", "logger": "app.scheduler.manager", "msg": "scheduler.task_done", "request_id": "-", "provider": "-", "job": "market_tick", "status": "success", "ok": true}
{"ts": "2026-09-26T22:40:44.989455+00:00", "level": "INFO", "logger": "app.scheduler.manager", "msg": "scheduler.task_done", "request_id": "-", "provider": "-", "job": "market_tick", "status": "success", "ok": true}
{"ts": "2026-09-26T22:41:12.782760+00:00", "level": "INFO", "logger": "app.scheduler.manager", "msg": "scheduler.task_done", "request_id": "-", "provider": "-", "job": "health_probe", "status": "success", "ok": true}
{"ts": "2026-09-26T22:41:13.113171+00:00", "level": "INFO", "logger": "app.scheduler.manager", "msg": "scheduler.task_done", "request_id": "-", "provider": "-", "job": "market_tick", "status": "success", "ok": true}
{"ts": "2026-09-26T22:41:43.091672+00:00", "level": "INFO", "logger": "app.scheduler.manager", "msg": "scheduler.task_done", "request_id": "-", "provider": "-", "job": "market_tick", "status": "success", "ok": true}
{"ts": "2026-09-26T22:42:12.884758+00:00", "level": "INFO", "logger": "app.scheduler.manager", "msg": "scheduler.task_done", "request_id": "-", "provider": "-", "job": "market_1h", "status": "success", "ok": true}
{"ts": "2026-09-26T22:42:13.396632+00:00", "level": "INFO", "logger": "app.scheduler.manager", "msg": "scheduler.task_done", "request_id": "-", "provider": "-", "job": "derivatives", "status": "success", "ok": true}
{"ts": "2026-09-26T22:42:14.007717+00:00", "level": "INFO", "logger": "app.scheduler.manager", "msg": "scheduler.task_done", "request_id": "-", "provider": "-", "job": "market_tick", "status": "success", "ok": true}
{"ts": "2026-09-26T22:42:43.089468+00:00", "level": "INFO", "logger": "app.scheduler.manager", "msg": "scheduler.task_done", "request_id": "-", "provider": "-", "job": "market_tick", "status": "success", "ok": true}
{"ts": "2026-09-26T22:43:12.783173+00:00", "level": "INFO", "logger": "app.scheduler.manager", "msg": "scheduler.task_done", "request_id": "-", "provider": "-", "job": "health_probe", "status": "success", "ok": true}
{"ts": "2026-09-26T22:43:13.105529+00:00", "level": "INFO", "logger": "app.scheduler.manager", "msg": "scheduler.task_done", "request_id": "-", "provider": "-", "job": "market_tick", "status": "success", "ok": true}
{"ts": "2026-09-26T22:43:43.090505+00:00", "level": "INFO", "logger": "app.scheduler.manager", "msg": "scheduler.task_done", "request_id": "-", "provider": "-", "job": "market_tick", "status": "success", "ok": true}
{"ts": "2026-09-26T22:44:13.083531+00:00", "level": "INFO", "logger": "app.scheduler.manager", "msg": "scheduler.task_done", "request_id": "-", "provider": "-", "job": "market_tick", "status": "success", "ok": true}
{"ts": "2026-09-26T22:44:43.089995+00:00", "level": "INFO", "logger": "app.scheduler.manager", "msg": "scheduler.task_done", "request_id": "-", "provider": "-", "job": "market_tick", "status": "success", "ok": true}
{"ts": "2026-09-26T22:45:12.781937+00:00", "level": "INFO", "logger": "app.scheduler.manager", "msg": "scheduler.task_done", "request_id": "-", "provider": "-", "job": "health_probe", "status": "success", "ok": true}
{"ts": "2026-09-26T22:45:15.023836+00:00", "level": "INFO", "logger": "app.scheduler.manager", "msg": "scheduler.task_done", "request_id": "-", "provider": "-", "job": "market_tick", "status": "success", "ok": true}
{"ts": "2026-09-26T22:45:43.094834+00:00", "level": "INFO", "logger": "app.scheduler.manager", "msg": "scheduler.task_done", "request_id": "-", "provider": "-", "job": "market_tick", "status": "success", "ok": true}
{"ts": "2026-09-26T22:46:13.099469+00:00", "level": "INFO", "logger": "app.scheduler.manager", "msg": "scheduler.task_done", "request_id": "-", "provider": "-", "job": "market_tick", "status": "success", "ok": true}
{"ts": "2026-09-26T22:46:43.077297+00:00", "level": "INFO", "logger": "app.scheduler.manager", "msg": "scheduler.task_done", "request_id": "-", "provider": "-", "job": "market_tick", "status": "success", "ok": true}
{"ts": "2026-09-26T22:47:12.772403+00:00", "level": "INFO", "logger": "app.scheduler.manager", "msg": "scheduler.task_done", "request_id": "-", "provider": "-", "job": "health_probe", "status": "success", "ok": true}
{"ts": "2026-09-26T22:47:12.889041+00:00", "level": "INFO", "logger": "app.scheduler.manager", "msg": "scheduler.task_done", "request_id": "-", "provider": "-", "job": "market_1h", "status": "success", "ok": true}
{"ts": "2026-09-26T22:47:13.211425+00:00", "level": "INFO", "logger": "app.scheduler.manager", "msg": "scheduler.task_done", "request_id": "-", "provider": "-", "job": "market_1d", "status": "success", "ok": true}
{"ts": "2026-09-26T22:47:13.397902+00:00", "level": "INFO", "logger": "app.scheduler.manager", "msg": "scheduler.task_done", "request_id": "-", "provider": "-", "job": "derivatives", "status": "success", "ok": true}
{"ts": "2026-09-26T22:47:14.051824+00:00", "level": "INFO", "logger": "app.scheduler.manager", "msg": "scheduler.task_done", "request_id": "-", "provider": "-", "job": "market_tick", "status": "success", "ok": true}
{"ts": "2026-09-26T22:47:43.110109+00:00", "level": "INFO", "logger": "app.scheduler.manager", "msg": "scheduler.task_done", "request_id": "-", "provider": "-", "job": "market_tick", "status": "success", "ok": true}
{"ts": "2026-09-26T22:48:13.086664+00:00", "level": "INFO", "logger": "app.scheduler.manager", "msg": "scheduler.task_done", "request_id": "-", "provider": "-", "job": "market_tick", "status": "success", "ok": true}
{"ts": "2026-09-26T22:48:43.087082+00:00", "level": "INFO", "logger": "app.scheduler.manager", "msg": "scheduler.task_done", "request_id": "-", "provider": "-", "job": "market_tick", "status": "success", "ok": true}
{"ts": "2026-09-26T22:49:12.770397+00:00", "level": "INFO", "logger": "app.scheduler.manager", "msg": "scheduler.task_done", "request_id": "-", "provider": "-", "job": "health_probe", "status": "success", "ok": true}
{"ts": "2026-09-26T22:49:13.273787+00:00", "level": "INFO", "logger": "app.scheduler.manager", "msg": "scheduler.task_done", "request_id": "-", "provider": "-", "job": "market_tick", "status": "success", "ok": true}
{"ts": "2026-09-26T22:49:43.086033+00:00", "level": "INFO", "logger": "app.scheduler.manager", "msg": "scheduler.task_done", "request_id": "-", "provider": "-", "job": "market_tick", "status": "success", "ok": true}
{"ts": "2026-09-26T22:50:14.098277+00:00", "level": "INFO", "logger": "app.scheduler.manager", "msg": "scheduler.task_done", "request_id": "-", "provider": "-", "job": "market_tick", "status": "success", "ok": true}
{"ts": "2026-09-26T22:50:43.126678+00:00", "level": "INFO", "logger": "app.scheduler.manager", "msg": "scheduler.task_done", "request_id": "-", "provider": "-", "job": "market_tick", "status": "success", "ok": true}
{"ts": "2026-09-26T22:51:12.775743+00:00", "level": "INFO", "logger": "app.scheduler.manager", "msg": "scheduler.task_done", "request_id": "-", "provider": "-", "job": "health_probe", "status": "success", "ok": true}
{"ts": "2026-09-26T22:51:13.945902+00:00", "level": "INFO", "logger": "app.scheduler.manager", "msg": "scheduler.task_done", "request_id": "-", "provider": "-", "job": "market_tick", "status": "success", "ok": true}
{"ts": "2026-09-26T22:51:43.106545+00:00", "level": "INFO", "logger": "app.scheduler.manager", "msg": "scheduler.task_done", "request_id": "-", "provider": "-", "job": "market_tick", "status": "success", "ok": true}
{"ts": "2026-09-26T22:52:12.898069+00:00", "level": "INFO", "logger": "app.scheduler.manager", "msg": "scheduler.task_done", "request_id": "-", "provider": "-", "job": "market_1h", "status": "success", "ok": true}
{"ts": "2026-09-26T22:52:13.362666+00:00", "level": "INFO", "logger": "app.scheduler.manager", "msg": "scheduler.task_done", "request_id": "-", "provider": "-", "job": "derivatives", "status": "success", "ok": true}
{"ts": "2026-09-26T22:52:14.091717+00:00", "level": "INFO", "logger": "app.scheduler.manager", "msg": "scheduler.task_done", "request_id": "-", "provider": "-", "job": "market_tick", "status": "success", "ok": true}
{"ts": "2026-09-26T22:52:43.090718+00:00", "level": "INFO", "logger": "app.scheduler.manager", "msg": "scheduler.task_done", "request_id": "-", "provider": "-", "job": "market_tick", "status": "success", "ok": true}
{"ts": "2026-09-26T22:53:12.781973+00:00", "level": "INFO", "logger": "app.scheduler.manager", "msg": "scheduler.task_done", "request_id": "-", "provider": "-", "job": "health_probe", "status": "success", "ok": true}
{"ts": "2026-09-26T22:53:13.114197+00:00", "level": "INFO", "logger": "app.scheduler.manager", "msg": "scheduler.task_done", "request_id": "-", "provider": "-", "job": "market_tick", "status": "success", "ok": true}
{"ts": "2026-09-26T22:53:43.097855+00:00", "level": "INFO", "logger": "app.scheduler.manager", "msg": "scheduler.task_done", "request_id": "-", "provider": "-", "job": "market_tick", "status": "success", "ok": true}
{"ts": "2026-09-26T22:54:13.092061+00:00", "level": "INFO", "logger": "app.scheduler.manager", "msg": "scheduler.task_done", "request_id": "-", "provider": "-", "job": "market_tick", "status": "success", "ok": true}
{"ts": "2026-09-26T22:54:43.087198+00:00", "level": "INFO", "logger": "app.scheduler.manager", "msg": "scheduler.task_done", "request_id": "-", "provider": "-", "job": "market_tick", "status": "success", "ok": true}
{"ts": "2026-09-26T22:55:12.777870+00:00", "level": "INFO", "logger": "app.scheduler.manager", "msg": "scheduler.task_done", "request_id": "-", "provider": "-", "job": "health_probe", "status": "success", "ok": true}
{"ts": "2026-09-26T22:55:13.105173+00:00", "level": "INFO", "logger": "app.scheduler.manager", "msg": "scheduler.task_done", "request_id": "-", "provider": "-", "job": "market_tick", "status": "success", "ok": true}
{"ts": "2026-09-26T22:55:43.094485+00:00", "level": "INFO", "logger": "app.scheduler.manager", "msg": "scheduler.task_done", "request_id": "-", "provider": "-", "job": "market_tick", "status": "success", "ok": true}
{"ts": "2026-09-26T22:56:13.087473+00:00", "level": "INFO", "logger": "app.scheduler.manager", "msg": "scheduler.task_done", "request_id": "-", "provider": "-", "job": "market_tick", "status": "success", "ok": true}
{"ts": "2026-09-26T22:56:43.096119+00:00", "level": "INFO", "logger": "app.scheduler.manager", "msg": "scheduler.task_done", "request_id": "-", "provider": "-", "job": "market_tick", "status": "success", "ok": true}
{"ts": "2026-09-26T22:57:12.780200+00:00", "level": "INFO", "logger": "app.scheduler.manager", "msg": "scheduler.task_done", "request_id": "-", "provider": "-", "job": "health_probe", "status": "success", "ok": true}
{"ts": "2026-09-26T22:57:12.908515+00:00", "level": "INFO", "logger": "app.scheduler.manager", "msg": "scheduler.task_done", "request_id": "-", "provider": "-", "job": "market_1h", "status": "success", "ok": true}
{"ts": "2026-09-26T22:57:13.373914+00:00", "level": "INFO", "logger": "app.scheduler.manager", "msg": "scheduler.task_done", "request_id": "-", "provider": "-", "job": "derivatives", "status": "success", "ok": true}
{"ts": "2026-09-26T22:57:14.065457+00:00", "level": "INFO", "logger": "app.scheduler.manager", "msg": "scheduler.task_done", "request_id": "-", "provider": "-", "job": "market_tick", "status": "success", "ok": true}
{"ts": "2026-09-26T22:57:43.106344+00:00", "level": "INFO", "logger": "app.scheduler.manager", "msg": "scheduler.task_done", "request_id": "-", "provider": "-", "job": "market_tick", "status": "success", "ok": true}
{"ts": "2026-09-26T22:58:13.084389+00:00", "level": "INFO", "logger": "app.scheduler.manager", "msg": "scheduler.task_done", "request_id": "-", "provider": "-", "job": "market_tick", "status": "success", "ok": true}
{"ts": "2026-09-26T22:58:43.086894+00:00", "level": "INFO", "logger": "app.scheduler.manager", "msg": "scheduler.task_done", "request_id": "-", "provider": "-", "job": "market_tick", "status": "success", "ok": true}
{"ts": "2026-09-26T22:59:12.779935+00:00", "level": "INFO", "logger": "app.scheduler.manager", "msg": "scheduler.task_done", "request_id": "-", "provider": "-", "job": "health_probe", "status": "success", "ok": true}
{"ts": "2026-09-26T22:59:13.107750+00:00", "level": "INFO", "logger": "app.scheduler.manager", "msg": "scheduler.task_done", "request_id": "-", "provider": "-", "job": "market_tick", "status": "success", "ok": true}
{"ts": "2026-09-26T22:59:43.088040+00:00", "level": "INFO", "logger": "app.scheduler.manager", "msg": "scheduler.task_done", "request_id": "-", "provider": "-", "job": "market_tick", "status": "success", "ok": true}
{"ts": "2026-09-26T23:00:15.001794+00:00", "level": "INFO", "logger": "app.scheduler.manager", "msg": "scheduler.task_done", "request_id": "-", "provider": "-", "job": "market_tick", "status": "success", "ok": true}
{"ts": "2026-09-26T23:00:44.184654+00:00", "level": "INFO", "logger": "app.scheduler.manager", "msg": "scheduler.task_done", "request_id": "-", "provider": "-", "job": "market_tick", "status": "success", "ok": true}
{"ts": "2026-09-26T23:01:12.768900+00:00", "level": "INFO", "logger": "app.scheduler.manager", "msg": "scheduler.task_done", "request_id": "-", "provider": "-", "job": "health_probe", "status": "success", "ok": true}
{"ts": "2026-09-26T23:01:13.095764+00:00", "level": "INFO", "logger": "app.scheduler.manager", "msg": "scheduler.task_done", "request_id": "-", "provider": "-", "job": "market_tick", "status": "success", "ok": true}
{"ts": "2026-09-26T23:01:43.100394+00:00", "level": "INFO", "logger": "app.scheduler.manager", "msg": "scheduler.task_done", "request_id": "-", "provider": "-", "job": "market_tick", "status": "success", "ok": true}
{"ts": "2026-09-26T23:02:12.886832+00:00", "level": "INFO", "logger": "app.scheduler.manager", "msg": "scheduler.task_done", "request_id": "-", "provider": "-", "job": "market_1h", "status": "success", "ok": true}
{"ts": "2026-09-26T23:02:13.786375+00:00", "level": "INFO", "logger": "app.scheduler.manager", "msg": "scheduler.task_done", "request_id": "-", "provider": "-", "job": "derivatives", "status": "success", "ok": true}
{"ts": "2026-09-26T23:02:15.963389+00:00", "level": "INFO", "logger": "app.scheduler.manager", "msg": "scheduler.task_done", "request_id": "-", "provider": "-", "job": "market_tick", "status": "success", "ok": true}
{"ts": "2026-09-26T23:02:43.786901+00:00", "level": "INFO", "logger": "app.scheduler.manager", "msg": "scheduler.task_done", "request_id": "-", "provider": "-", "job": "market_tick", "status": "success", "ok": true}
{"ts": "2026-09-26T23:03:12.781746+00:00", "level": "INFO", "logger": "app.scheduler.manager", "msg": "scheduler.task_done", "request_id": "-", "provider": "-", "job": "health_probe", "status": "success", "ok": true}
{"ts": "2026-09-26T23:03:13.105964+00:00", "level": "INFO", "logger": "app.scheduler.manager", "msg": "scheduler.task_done", "request_id": "-", "provider": "-", "job": "market_tick", "status": "success", "ok": true}
{"ts": "2026-09-26T23:03:43.095685+00:00", "level": "INFO", "logger": "app.scheduler.manager", "msg": "scheduler.task_done", "request_id": "-", "provider": "-", "job": "market_tick", "status": "success", "ok": true}
{"ts": "2026-09-26T23:04:13.113203+00:00", "level": "INFO", "logger": "app.scheduler.manager", "msg": "scheduler.task_done", "request_id": "-", "provider": "-", "job": "market_tick", "status": "success", "ok": true}
{"ts": "2026-09-26T23:04:43.111112+00:00", "level": "INFO", "logger": "app.scheduler.manager", "msg": "scheduler.task_done", "request_id": "-", "provider": "-", "job": "market_tick", "status": "success", "ok": true}
{"ts": "2026-09-26T23:05:12.771644+00:00", "level": "INFO", "logger": "app.scheduler.manager", "msg": "scheduler.task_done", "request_id": "-", "provider": "-", "job": "health_probe", "status": "success", "ok": true}
{"ts": "2026-09-26T23:05:13.096493+00:00", "level": "INFO", "logger": "app.scheduler.manager", "msg": "scheduler.task_done", "request_id": "-", "provider": "-", "job": "market_tick", "status": "success", "ok": true}
{"ts": "2026-09-26T23:05:43.988732+00:00", "level": "INFO", "logger": "app.scheduler.manager", "msg": "scheduler.task_done", "request_id": "-", "provider": "-", "job": "market_tick", "status": "success", "ok": true}
{"ts": "2026-09-26T23:06:13.092331+00:00", "level": "INFO", "logger": "app.scheduler.manager", "msg": "scheduler.task_done", "request_id": "-", "provider": "-", "job": "market_tick", "status": "success", "ok": true}
{"ts": "2026-09-26T23:06:43.102457+00:00", "level": "INFO", "logger": "app.scheduler.manager", "msg": "scheduler.task_done", "request_id": "-", "provider": "-", "job": "market_tick", "status": "success", "ok": true}
{"ts": "2026-09-26T23:07:12.781576+00:00", "level": "INFO", "logger": "app.scheduler.manager", "msg": "scheduler.task_done", "request_id": "-", "provider": "-", "job": "health_probe", "status": "success", "ok": true}
{"ts": "2026-09-26T23:07:13.115334+00:00", "level": "INFO", "logger": "app.scheduler.manager", "msg": "scheduler.task_done", "request_id": "-", "provider": "-", "job": "market_tick", "status": "success", "ok": true}
{"ts": "2026-09-26T23:07:13.308922+00:00", "level": "INFO", "logger": "app.scheduler.manager", "msg": "scheduler.task_done", "request_id": "-", "provider": "-", "job": "market_1h", "status": "success", "ok": true}
{"ts": "2026-09-26T23:07:13.395576+00:00", "level": "INFO", "logger": "app.scheduler.manager", "msg": "scheduler.task_done", "request_id": "-", "provider": "-", "job": "derivatives", "status": "success", "ok": true}
{"ts": "2026-09-26T23:07:43.092495+00:00", "level": "INFO", "logger": "app.scheduler.manager", "msg": "scheduler.task_done", "request_id": "-", "provider": "-", "job": "market_tick", "status": "success", "ok": true}
{"ts": "2026-09-26T23:08:13.123260+00:00", "level": "INFO", "logger": "app.scheduler.manager", "msg": "scheduler.task_done", "request_id": "-", "provider": "-", "job": "market_tick", "status": "success", "ok": true}
{"ts": "2026-09-26T23:08:43.106699+00:00", "level": "INFO", "logger": "app.scheduler.manager", "msg": "scheduler.task_done", "request_id": "-", "provider": "-", "job": "market_tick", "status": "success", "ok": true}
{"ts": "2026-09-26T23:09:12.774003+00:00", "level": "INFO", "logger": "app.scheduler.manager", "msg": "scheduler.task_done", "request_id": "-", "provider": "-", "job": "health_probe", "status": "success", "ok": true}
{"ts": "2026-09-26T23:09:13.100194+00:00", "level": "INFO", "logger": "app.scheduler.manager", "msg": "scheduler.task_done", "request_id": "-", "provider": "-", "job": "market_tick", "status": "success", "ok": true}
{"ts": "2026-09-26T23:09:43.139478+00:00", "level": "INFO", "logger": "app.scheduler.manager", "msg": "scheduler.task_done", "request_id": "-", "provider": "-", "job": "market_tick", "status": "success", "ok": true}
{"ts": "2026-09-26T23:10:13.093064+00:00", "level": "INFO", "logger": "app.scheduler.manager", "msg": "scheduler.task_done", "request_id": "-", "provider": "-", "job": "market_tick", "status": "success", "ok": true}
{"ts": "2026-09-26T23:10:43.109507+00:00", "level": "INFO", "logger": "app.scheduler.manager", "msg": "scheduler.task_done", "request_id": "-", "provider": "-", "job": "market_tick", "status": "success", "ok": true}
{"ts": "2026-09-26T23:11:12.768636+00:00", "level": "INFO", "logger": "app.scheduler.manager", "msg": "scheduler.task_done", "request_id": "-", "provider": "-", "job": "health_probe", "status": "success", "ok": true}
{"ts": "2026-09-26T23:11:15.075135+00:00", "level": "INFO", "logger": "app.scheduler.manager", "msg": "scheduler.task_done", "request_id": "-", "provider": "-", "job": "market_tick", "status": "success", "ok": true}
{"ts": "2026-09-26T23:11:43.095157+00:00", "level": "INFO", "logger": "app.scheduler.manager", "msg": "scheduler.task_done", "request_id": "-", "provider": "-", "job": "market_tick", "status": "success", "ok": true}
{"ts": "2026-09-26T23:12:13.216429+00:00", "level": "INFO", "logger": "app.scheduler.manager", "msg": "scheduler.task_done", "request_id": "-", "provider": "-", "job": "market_1h", "status": "success", "ok": true}
{"ts": "2026-09-26T23:12:13.401949+00:00", "level": "INFO", "logger": "app.scheduler.manager", "msg": "scheduler.task_done", "request_id": "-", "provider": "-", "job": "derivatives", "status": "success", "ok": true}
{"ts": "2026-09-26T23:12:13.520694+00:00", "level": "INFO", "logger": "app.scheduler.manager", "msg": "scheduler.task_done", "request_id": "-", "provider": "-", "job": "market_tick", "status": "success", "ok": true}
{"ts": "2026-09-26T23:12:44.197345+00:00", "level": "INFO", "logger": "app.scheduler.manager", "msg": "scheduler.task_done", "request_id": "-", "provider": "-", "job": "market_tick", "status": "success", "ok": true}
{"ts": "2026-09-26T23:13:12.769386+00:00", "level": "INFO", "logger": "app.scheduler.manager", "msg": "scheduler.task_done", "request_id": "-", "provider": "-", "job": "health_probe", "status": "success", "ok": true}
{"ts": "2026-09-26T23:13:13.106274+00:00", "level": "INFO", "logger": "app.scheduler.manager", "msg": "scheduler.task_done", "request_id": "-", "provider": "-", "job": "market_tick", "status": "success", "ok": true}
{"ts": "2026-09-26T23:13:43.099909+00:00", "level": "INFO", "logger": "app.scheduler.manager", "msg": "scheduler.task_done", "request_id": "-", "provider": "-", "job": "market_tick", "status": "success", "ok": true}
{"ts": "2026-09-26T23:14:13.100476+00:00", "level": "INFO", "logger": "app.scheduler.manager", "msg": "scheduler.task_done", "request_id": "-", "provider": "-", "job": "market_tick", "status": "success", "ok": true}
{"ts": "2026-09-26T23:14:43.123204+00:00", "level": "INFO", "logger": "app.scheduler.manager", "msg": "scheduler.task_done", "request_id": "-", "provider": "-", "job": "market_tick", "status": "success", "ok": true}
{"ts": "2026-09-26T23:15:12.783630+00:00", "level": "INFO", "logger": "app.scheduler.manager", "msg": "scheduler.task_done", "request_id": "-", "provider": "-", "job": "health_probe", "status": "success", "ok": true}
{"ts": "2026-09-26T23:15:13.111455+00:00", "level": "INFO", "logger": "app.scheduler.manager", "msg": "scheduler.task_done", "request_id": "-", "provider": "-", "job": "market_tick", "status": "success", "ok": true}
{"ts": "2026-09-26T23:15:43.097020+00:00", "level": "INFO", "logger": "app.scheduler.manager", "msg": "scheduler.task_done", "request_id": "-", "provider": "-", "job": "market_tick", "status": "success", "ok": true}
{"ts": "2026-09-26T23:16:13.103217+00:00", "level": "INFO", "logger": "app.scheduler.manager", "msg": "scheduler.task_done", "request_id": "-", "provider": "-", "job": "market_tick", "status": "success", "ok": true}
{"ts": "2026-09-26T23:16:43.097487+00:00", "level": "INFO", "logger": "app.scheduler.manager", "msg": "scheduler.task_done", "request_id": "-", "provider": "-", "job": "market_tick", "status": "success", "ok": true}
{"ts": "2026-09-26T23:17:12.896113+00:00", "level": "INFO", "logger": "app.scheduler.manager", "msg": "scheduler.task_done", "request_id": "-", "provider": "-", "job": "health_probe", "status": "success", "ok": true}
{"ts": "2026-09-26T23:17:12.969881+00:00", "level": "INFO", "logger": "app.scheduler.manager", "msg": "scheduler.task_done", "request_id": "-", "provider": "-", "job": "quality", "status": "success", "ok": true}
{"ts": "2026-09-26T23:17:13.020400+00:00", "level": "INFO", "logger": "app.scheduler.manager", "msg": "scheduler.task_done", "request_id": "-", "provider": "-", "job": "gap_repair", "status": "success", "ok": true}
{"ts": "2026-09-26T23:17:13.464572+00:00", "level": "INFO", "logger": "app.scheduler.manager", "msg": "scheduler.task_done", "request_id": "-", "provider": "-", "job": "market_1d", "status": "success", "ok": true}
{"ts": "2026-09-26T23:17:13.480347+00:00", "level": "INFO", "logger": "app.scheduler.manager", "msg": "scheduler.task_done", "request_id": "-", "provider": "-", "job": "market_1h", "status": "success", "ok": true}
{"ts": "2026-09-26T23:17:13.577950+00:00", "level": "INFO", "logger": "app.scheduler.manager", "msg": "scheduler.task_done", "request_id": "-", "provider": "-", "job": "derivatives", "status": "success", "ok": true}
{"ts": "2026-09-26T23:17:13.718112+00:00", "level": "INFO", "logger": "app.scheduler.manager", "msg": "scheduler.task_done", "request_id": "-", "provider": "-", "job": "onchain", "status": "success", "ok": true}
{"ts": "2026-09-26T23:17:14.275658+00:00", "level": "INFO", "logger": "app.scheduler.manager", "msg": "scheduler.task_done", "request_id": "-", "provider": "-", "job": "sentiment", "status": "success", "ok": true}
{"ts": "2026-09-26T23:17:14.377114+00:00", "level": "INFO", "logger": "app.scheduler.manager", "msg": "scheduler.task_done", "request_id": "-", "provider": "-", "job": "market_tick", "status": "success", "ok": true}
{"ts": "2026-09-26T23:17:43.099278+00:00", "level": "INFO", "logger": "app.scheduler.manager", "msg": "scheduler.task_done", "request_id": "-", "provider": "-", "job": "market_tick", "status": "success", "ok": true}
{"ts": "2026-09-26T23:18:13.087928+00:00", "level": "INFO", "logger": "app.scheduler.manager", "msg": "scheduler.task_done", "request_id": "-", "provider": "-", "job": "market_tick", "status": "success", "ok": true}
{"ts": "2026-09-26T23:18:43.098906+00:00", "level": "INFO", "logger": "app.scheduler.manager", "msg": "scheduler.task_done", "request_id": "-", "provider": "-", "job": "market_tick", "status": "success", "ok": true}
{"ts": "2026-09-26T23:19:12.774954+00:00", "level": "INFO", "logger": "app.scheduler.manager", "msg": "scheduler.task_done", "request_id": "-", "provider": "-", "job": "health_probe", "status": "success", "ok": true}
{"ts": "2026-09-26T23:19:14.404537+00:00", "level": "INFO", "logger": "app.scheduler.manager", "msg": "scheduler.task_done", "request_id": "-", "provider": "-", "job": "market_tick", "status": "success", "ok": true}
{"ts": "2026-09-26T23:19:43.090377+00:00", "level": "INFO", "logger": "app.scheduler.manager", "msg": "scheduler.task_done", "request_id": "-", "provider": "-", "job": "market_tick", "status": "success", "ok": true}
{"ts": "2026-09-26T23:20:13.108788+00:00", "level": "INFO", "logger": "app.scheduler.manager", "msg": "scheduler.task_done", "request_id": "-", "provider": "-", "job": "market_tick", "status": "success", "ok": true}
{"ts": "2026-09-26T23:20:43.108087+00:00", "level": "INFO", "logger": "app.scheduler.manager", "msg": "scheduler.task_done", "request_id": "-", "provider": "-", "job": "market_tick", "status": "success", "ok": true}
{"ts": "2026-09-26T23:21:12.774779+00:00", "level": "INFO", "logger": "app.scheduler.manager", "msg": "scheduler.task_done", "request_id": "-", "provider": "-", "job": "health_probe", "status": "success", "ok": true}
{"ts": "2026-09-26T23:21:13.111011+00:00", "level": "INFO", "logger": "app.scheduler.manager", "msg": "scheduler.task_done", "request_id": "-", "provider": "-", "job": "market_tick", "status": "success", "ok": true}
{"ts": "2026-09-26T23:21:43.108915+00:00", "level": "INFO", "logger": "app.scheduler.manager", "msg": "scheduler.task_done", "request_id": "-", "provider": "-", "job": "market_tick", "status": "success", "ok": true}
{"ts": "2026-09-26T23:22:13.123323+00:00", "level": "INFO", "logger": "app.scheduler.manager", "msg": "scheduler.task_done", "request_id": "-", "provider": "-", "job": "market_tick", "status": "success", "ok": true}
{"ts": "2026-09-26T23:22:13.252547+00:00", "level": "INFO", "logger": "app.scheduler.manager", "msg": "scheduler.task_done", "request_id": "-", "provider": "-", "job": "market_1h", "status": "success", "ok": true}
{"ts": "2026-09-26T23:22:13.380300+00:00", "level": "INFO", "logger": "app.scheduler.manager", "msg": "scheduler.task_done", "request_id": "-", "provider": "-", "job": "derivatives", "status": "success", "ok": true}
{"ts": "2026-09-26T23:22:43.514565+00:00", "level": "INFO", "logger": "app.scheduler.manager", "msg": "scheduler.task_done", "request_id": "-", "provider": "-", "job": "market_tick", "status": "success", "ok": true}
{"ts": "2026-09-26T23:23:12.779787+00:00", "level": "INFO", "logger": "app.scheduler.manager", "msg": "scheduler.task_done", "request_id": "-", "provider": "-", "job": "health_probe", "status": "success", "ok": true}
{"ts": "2026-09-26T23:23:13.100753+00:00", "level": "INFO", "logger": "app.scheduler.manager", "msg": "scheduler.task_done", "request_id": "-", "provider": "-", "job": "market_tick", "status": "success", "ok": true}
{"ts": "2026-09-26T23:23:43.113256+00:00", "level": "INFO", "logger": "app.scheduler.manager", "msg": "scheduler.task_done", "request_id": "-", "provider": "-", "job": "market_tick", "status": "success", "ok": true}
{"ts": "2026-09-26T23:24:13.107757+00:00", "level": "INFO", "logger": "app.scheduler.manager", "msg": "scheduler.task_done", "request_id": "-", "provider": "-", "job": "market_tick", "status": "success", "ok": true}
{"ts": "2026-09-26T23:24:43.090659+00:00", "level": "INFO", "logger": "app.scheduler.manager", "msg": "scheduler.task_done", "request_id": "-", "provider": "-", "job": "market_tick", "status": "success", "ok": true}
{"ts": "2026-09-26T23:25:12.769046+00:00", "level": "INFO", "logger": "app.scheduler.manager", "msg": "scheduler.task_done", "request_id": "-", "provider": "-", "job": "health_probe", "status": "success", "ok": true}
{"ts": "2026-09-26T23:25:13.091107+00:00", "level": "INFO", "logger": "app.scheduler.manager", "msg": "scheduler.task_done", "request_id": "-", "provider": "-", "job": "market_tick", "status": "success", "ok": true}
{"ts": "2026-09-26T23:25:43.101113+00:00", "level": "INFO", "logger": "app.scheduler.manager", "msg": "scheduler.task_done", "request_id": "-", "provider": "-", "job": "market_tick", "status": "success", "ok": true}
{"ts": "2026-09-26T23:26:14.494003+00:00", "level": "INFO", "logger": "app.scheduler.manager", "msg": "scheduler.task_done", "request_id": "-", "provider": "-", "job": "market_tick", "status": "success", "ok": true}
{"ts": "2026-09-26T23:26:43.088229+00:00", "level": "INFO", "logger": "app.scheduler.manager", "msg": "scheduler.task_done", "request_id": "-", "provider": "-", "job": "market_tick", "status": "success", "ok": true}
{"ts": "2026-09-26T23:27:12.773441+00:00", "level": "INFO", "logger": "app.scheduler.manager", "msg": "scheduler.task_done", "request_id": "-", "provider": "-", "job": "health_probe", "status": "success", "ok": true}
{"ts": "2026-09-26T23:27:12.895818+00:00", "level": "INFO", "logger": "app.scheduler.manager", "msg": "scheduler.task_done", "request_id": "-", "provider": "-", "job": "market_1h", "status": "success", "ok": true}
{"ts": "2026-09-26T23:27:13.389934+00:00", "level": "INFO", "logger": "app.scheduler.manager", "msg": "scheduler.task_done", "request_id": "-", "provider": "-", "job": "derivatives", "status": "success", "ok": true}
{"ts": "2026-09-26T23:27:14.900057+00:00", "level": "INFO", "logger": "app.scheduler.manager", "msg": "scheduler.task_done", "request_id": "-", "provider": "-", "job": "market_tick", "status": "success", "ok": true}
{"ts": "2026-09-26T23:27:43.085367+00:00", "level": "INFO", "logger": "app.scheduler.manager", "msg": "scheduler.task_done", "request_id": "-", "provider": "-", "job": "market_tick", "status": "success", "ok": true}
{"ts": "2026-09-26T23:28:13.110418+00:00", "level": "INFO", "logger": "app.scheduler.manager", "msg": "scheduler.task_done", "request_id": "-", "provider": "-", "job": "market_tick", "status": "success", "ok": true}
{"ts": "2026-09-26T23:28:43.110257+00:00", "level": "INFO", "logger": "app.scheduler.manager", "msg": "scheduler.task_done", "request_id": "-", "provider": "-", "job": "market_tick", "status": "success", "ok": true}
{"ts": "2026-09-26T23:29:12.777641+00:00", "level": "INFO", "logger": "app.scheduler.manager", "msg": "scheduler.task_done", "request_id": "-", "provider": "-", "job": "health_probe", "status": "success", "ok": true}
{"ts": "2026-09-26T23:29:13.116337+00:00", "level": "INFO", "logger": "app.scheduler.manager", "msg": "scheduler.task_done", "request_id": "-", "provider": "-", "job": "market_tick", "status": "success", "ok": true}
{"ts": "2026-09-26T23:29:43.112755+00:00", "level": "INFO", "logger": "app.scheduler.manager", "msg": "scheduler.task_done", "request_id": "-", "provider": "-", "job": "market_tick", "status": "success", "ok": true}
{"ts": "2026-09-26T23:30:14.972589+00:00", "level": "INFO", "logger": "app.scheduler.manager", "msg": "scheduler.task_done", "request_id": "-", "provider": "-", "job": "market_tick", "status": "success", "ok": true}
{"ts": "2026-09-26T23:30:43.095084+00:00", "level": "INFO", "logger": "app.scheduler.manager", "msg": "scheduler.task_done", "request_id": "-", "provider": "-", "job": "market_tick", "status": "success", "ok": true}
{"ts": "2026-09-26T23:31:12.786028+00:00", "level": "INFO", "logger": "app.scheduler.manager", "msg": "scheduler.task_done", "request_id": "-", "provider": "-", "job": "health_probe", "status": "success", "ok": true}
{"ts": "2026-09-26T23:31:13.308633+00:00", "level": "INFO", "logger": "app.scheduler.manager", "msg": "scheduler.task_done", "request_id": "-", "provider": "-", "job": "market_tick", "status": "success", "ok": true}
{"ts": "2026-09-26T23:31:43.116723+00:00", "level": "INFO", "logger": "app.scheduler.manager", "msg": "scheduler.task_done", "request_id": "-", "provider": "-", "job": "market_tick", "status": "success", "ok": true}
{"ts": "2026-09-26T23:32:13.100853+00:00", "level": "INFO", "logger": "app.scheduler.manager", "msg": "scheduler.task_done", "request_id": "-", "provider": "-", "job": "market_tick", "status": "success", "ok": true}
{"ts": "2026-09-26T23:32:13.230525+00:00", "level": "INFO", "logger": "app.scheduler.manager", "msg": "scheduler.task_done", "request_id": "-", "provider": "-", "job": "market_1h", "status": "success", "ok": true}
{"ts": "2026-09-26T23:32:13.480668+00:00", "level": "INFO", "logger": "app.scheduler.manager", "msg": "scheduler.task_done", "request_id": "-", "provider": "-", "job": "derivatives", "status": "success", "ok": true}
{"ts": "2026-09-26T23:32:44.023115+00:00", "level": "INFO", "logger": "app.scheduler.manager", "msg": "scheduler.task_done", "request_id": "-", "provider": "-", "job": "market_tick", "status": "success", "ok": true}
{"ts": "2026-09-26T23:33:12.777293+00:00", "level": "INFO", "logger": "app.scheduler.manager", "msg": "scheduler.task_done", "request_id": "-", "provider": "-", "job": "health_probe", "status": "success", "ok": true}
{"ts": "2026-09-26T23:33:13.125185+00:00", "level": "INFO", "logger": "app.scheduler.manager", "msg": "scheduler.task_done", "request_id": "-", "provider": "-", "job": "market_tick", "status": "success", "ok": true}
{"ts": "2026-09-26T23:33:43.097173+00:00", "level": "INFO", "logger": "app.scheduler.manager", "msg": "scheduler.task_done", "request_id": "-", "provider": "-", "job": "market_tick", "status": "success", "ok": true}
{"ts": "2026-09-26T23:34:14.403008+00:00", "level": "INFO", "logger": "app.scheduler.manager", "msg": "scheduler.task_done", "request_id": "-", "provider": "-", "job": "market_tick", "status": "success", "ok": true}
{"ts": "2026-09-26T23:34:43.108157+00:00", "level": "INFO", "logger": "app.scheduler.manager", "msg": "scheduler.task_done", "request_id": "-", "provider": "-", "job": "market_tick", "status": "success", "ok": true}
{"ts": "2026-09-26T23:35:12.782686+00:00", "level": "INFO", "logger": "app.scheduler.manager", "msg": "scheduler.task_done", "request_id": "-", "provider": "-", "job": "health_probe", "status": "success", "ok": true}
{"ts": "2026-09-26T23:35:13.123363+00:00", "level": "INFO", "logger": "app.scheduler.manager", "msg": "scheduler.task_done", "request_id": "-", "provider": "-", "job": "market_tick", "status": "success", "ok": true}
{"ts": "2026-09-26T23:35:43.089091+00:00", "level": "INFO", "logger": "app.scheduler.manager", "msg": "scheduler.task_done", "request_id": "-", "provider": "-", "job": "market_tick", "status": "success", "ok": true}
{"ts": "2026-09-26T23:36:13.117929+00:00", "level": "INFO", "logger": "app.scheduler.manager", "msg": "scheduler.task_done", "request_id": "-", "provider": "-", "job": "market_tick", "status": "success", "ok": true}
{"ts": "2026-09-26T23:36:43.099103+00:00", "level": "INFO", "logger": "app.scheduler.manager", "msg": "scheduler.task_done", "request_id": "-", "provider": "-", "job": "market_tick", "status": "success", "ok": true}
{"ts": "2026-09-26T23:37:12.780703+00:00", "level": "INFO", "logger": "app.scheduler.manager", "msg": "scheduler.task_done", "request_id": "-", "provider": "-", "job": "health_probe", "status": "success", "ok": true}
{"ts": "2026-09-26T23:37:13.117612+00:00", "level": "INFO", "logger": "app.scheduler.manager", "msg": "scheduler.task_done", "request_id": "-", "provider": "-", "job": "market_tick", "status": "success", "ok": true}
{"ts": "2026-09-26T23:37:13.216651+00:00", "level": "INFO", "logger": "app.scheduler.manager", "msg": "scheduler.task_done", "request_id": "-", "provider": "-", "job": "market_1h", "status": "success", "ok": true}
{"ts": "2026-09-26T23:37:13.422225+00:00", "level": "INFO", "logger": "app.scheduler.manager", "msg": "scheduler.task_done", "request_id": "-", "provider": "-", "job": "derivatives", "status": "success", "ok": true}
{"ts": "2026-09-26T23:37:45.536891+00:00", "level": "INFO", "logger": "app.scheduler.manager", "msg": "scheduler.task_done", "request_id": "-", "provider": "-", "job": "market_tick", "status": "success", "ok": true}
{"ts": "2026-09-26T23:38:13.097094+00:00", "level": "INFO", "logger": "app.scheduler.manager", "msg": "scheduler.task_done", "request_id": "-", "provider": "-", "job": "market_tick", "status": "success", "ok": true}
{"ts": "2026-09-26T23:38:43.117885+00:00", "level": "INFO", "logger": "app.scheduler.manager", "msg": "scheduler.task_done", "request_id": "-", "provider": "-", "job": "market_tick", "status": "success", "ok": true}
{"ts": "2026-09-26T23:39:12.789872+00:00", "level": "INFO", "logger": "app.scheduler.manager", "msg": "scheduler.task_done", "request_id": "-", "provider": "-", "job": "health_probe", "status": "success", "ok": true}
{"ts": "2026-09-26T23:39:13.110600+00:00", "level": "INFO", "logger": "app.scheduler.manager", "msg": "scheduler.task_done", "request_id": "-", "provider": "-", "job": "market_tick", "status": "success", "ok": true}
{"ts": "2026-09-26T23:39:43.227963+00:00", "level": "INFO", "logger": "app.scheduler.manager", "msg": "scheduler.task_done", "request_id": "-", "provider": "-", "job": "market_tick", "status": "success", "ok": true}
{"ts": "2026-09-26T23:40:13.121598+00:00", "level": "INFO", "logger": "app.scheduler.manager", "msg": "scheduler.task_done", "request_id": "-", "provider": "-", "job": "market_tick", "status": "success", "ok": true}
{"ts": "2026-09-26T23:40:43.714342+00:00", "level": "INFO", "logger": "app.scheduler.manager", "msg": "scheduler.task_done", "request_id": "-", "provider": "-", "job": "market_tick", "status": "success", "ok": true}
{"ts": "2026-09-26T23:41:12.768959+00:00", "level": "INFO", "logger": "app.scheduler.manager", "msg": "scheduler.task_done", "request_id": "-", "provider": "-", "job": "health_probe", "status": "success", "ok": true}
{"ts": "2026-09-26T23:41:15.352392+00:00", "level": "INFO", "logger": "app.scheduler.manager", "msg": "scheduler.task_done", "request_id": "-", "provider": "-", "job": "market_tick", "status": "success", "ok": true}
{"ts": "2026-09-26T23:41:43.121907+00:00", "level": "INFO", "logger": "app.scheduler.manager", "msg": "scheduler.task_done", "request_id": "-", "provider": "-", "job": "market_tick", "status": "success", "ok": true}
{"ts": "2026-09-26T23:42:12.893103+00:00", "level": "INFO", "logger": "app.scheduler.manager", "msg": "scheduler.task_done", "request_id": "-", "provider": "-", "job": "market_1h", "status": "success", "ok": true}
{"ts": "2026-09-26T23:42:13.388523+00:00", "level": "INFO", "logger": "app.scheduler.manager", "msg": "scheduler.task_done", "request_id": "-", "provider": "-", "job": "derivatives", "status": "success", "ok": true}
{"ts": "2026-09-26T23:42:14.060093+00:00", "level": "INFO", "logger": "app.scheduler.manager", "msg": "scheduler.task_done", "request_id": "-", "provider": "-", "job": "market_tick", "status": "success", "ok": true}
{"ts": "2026-09-26T23:42:43.103391+00:00", "level": "INFO", "logger": "app.scheduler.manager", "msg": "scheduler.task_done", "request_id": "-", "provider": "-", "job": "market_tick", "status": "success", "ok": true}
{"ts": "2026-09-26T23:43:12.779213+00:00", "level": "INFO", "logger": "app.scheduler.manager", "msg": "scheduler.task_done", "request_id": "-", "provider": "-", "job": "health_probe", "status": "success", "ok": true}
{"ts": "2026-09-26T23:43:13.115201+00:00", "level": "INFO", "logger": "app.scheduler.manager", "msg": "scheduler.task_done", "request_id": "-", "provider": "-", "job": "market_tick", "status": "success", "ok": true}
{"ts": "2026-09-26T23:43:43.098826+00:00", "level": "INFO", "logger": "app.scheduler.manager", "msg": "scheduler.task_done", "request_id": "-", "provider": "-", "job": "market_tick", "status": "success", "ok": true}
{"ts": "2026-09-26T23:44:13.094258+00:00", "level": "INFO", "logger": "app.scheduler.manager", "msg": "scheduler.task_done", "request_id": "-", "provider": "-", "job": "market_tick", "status": "success", "ok": true}
{"ts": "2026-09-26T23:44:43.130694+00:00", "level": "INFO", "logger": "app.scheduler.manager", "msg": "scheduler.task_done", "request_id": "-", "provider": "-", "job": "market_tick", "status": "success", "ok": true}
{"ts": "2026-09-26T23:45:12.774520+00:00", "level": "INFO", "logger": "app.scheduler.manager", "msg": "scheduler.task_done", "request_id": "-", "provider": "-", "job": "health_probe", "status": "success", "ok": true}
{"ts": "2026-09-26T23:45:15.565562+00:00", "level": "INFO", "logger": "app.scheduler.manager", "msg": "scheduler.task_done", "request_id": "-", "provider": "-", "job": "market_tick", "status": "success", "ok": true}
{"ts": "2026-09-26T23:45:43.096182+00:00", "level": "INFO", "logger": "app.scheduler.manager", "msg": "scheduler.task_done", "request_id": "-", "provider": "-", "job": "market_tick", "status": "success", "ok": true}
{"ts": "2026-09-26T23:46:13.112424+00:00", "level": "INFO", "logger": "app.scheduler.manager", "msg": "scheduler.task_done", "request_id": "-", "provider": "-", "job": "market_tick", "status": "success", "ok": true}
{"ts": "2026-09-26T23:46:43.135813+00:00", "level": "INFO", "logger": "app.scheduler.manager", "msg": "scheduler.task_done", "request_id": "-", "provider": "-", "job": "market_tick", "status": "success", "ok": true}
{"ts": "2026-09-26T23:47:12.781301+00:00", "level": "INFO", "logger": "app.scheduler.manager", "msg": "scheduler.task_done", "request_id": "-", "provider": "-", "job": "health_probe", "status": "success", "ok": true}
{"ts": "2026-09-26T23:47:12.894141+00:00", "level": "INFO", "logger": "app.scheduler.manager", "msg": "scheduler.task_done", "request_id": "-", "provider": "-", "job": "market_1d", "status": "success", "ok": true}
{"ts": "2026-09-26T23:47:13.266268+00:00", "level": "INFO", "logger": "app.scheduler.manager", "msg": "scheduler.task_done", "request_id": "-", "provider": "-", "job": "market_1h", "status": "success", "ok": true}
{"ts": "2026-09-26T23:47:13.403907+00:00", "level": "INFO", "logger": "app.scheduler.manager", "msg": "scheduler.task_done", "request_id": "-", "provider": "-", "job": "derivatives", "status": "success", "ok": true}
{"ts": "2026-09-26T23:47:15.064369+00:00", "level": "INFO", "logger": "app.scheduler.manager", "msg": "scheduler.task_done", "request_id": "-", "provider": "-", "job": "market_tick", "status": "success", "ok": true}
{"ts": "2026-09-26T23:47:43.096419+00:00", "level": "INFO", "logger": "app.scheduler.manager", "msg": "scheduler.task_done", "request_id": "-", "provider": "-", "job": "market_tick", "status": "success", "ok": true}
{"ts": "2026-09-26T23:48:13.089779+00:00", "level": "INFO", "logger": "app.scheduler.manager", "msg": "scheduler.task_done", "request_id": "-", "provider": "-", "job": "market_tick", "status": "success", "ok": true}
{"ts": "2026-09-26T23:48:43.097364+00:00", "level": "INFO", "logger": "app.scheduler.manager", "msg": "scheduler.task_done", "request_id": "-", "provider": "-", "job": "market_tick", "status": "success", "ok": true}
{"ts": "2026-09-26T23:49:12.769750+00:00", "level": "INFO", "logger": "app.scheduler.manager", "msg": "scheduler.task_done", "request_id": "-", "provider": "-", "job": "health_probe", "status": "success", "ok": true}
{"ts": "2026-09-26T23:49:13.091945+00:00", "level": "INFO", "logger": "app.scheduler.manager", "msg": "scheduler.task_done", "request_id": "-", "provider": "-", "job": "market_tick", "status": "success", "ok": true}
{"ts": "2026-09-26T23:49:43.116650+00:00", "level": "INFO", "logger": "app.scheduler.manager", "msg": "scheduler.task_done", "request_id": "-", "provider": "-", "job": "market_tick", "status": "success", "ok": true}
{"ts": "2026-09-26T23:50:13.111705+00:00", "level": "INFO", "logger": "app.scheduler.manager", "msg": "scheduler.task_done", "request_id": "-", "provider": "-", "job": "market_tick", "status": "success", "ok": true}
{"ts": "2026-09-26T23:50:43.398325+00:00", "level": "INFO", "logger": "app.scheduler.manager", "msg": "scheduler.task_done", "request_id": "-", "provider": "-", "job": "market_tick", "status": "success", "ok": true}
{"ts": "2026-09-26T23:51:12.779642+00:00", "level": "INFO", "logger": "app.scheduler.manager", "msg": "scheduler.task_done", "request_id": "-", "provider": "-", "job": "health_probe", "status": "success", "ok": true}
{"ts": "2026-09-26T23:51:13.122894+00:00", "level": "INFO", "logger": "app.scheduler.manager", "msg": "scheduler.task_done", "request_id": "-", "provider": "-", "job": "market_tick", "status": "success", "ok": true}
{"ts": "2026-09-26T23:51:43.116196+00:00", "level": "INFO", "logger": "app.scheduler.manager", "msg": "scheduler.task_done", "request_id": "-", "provider": "-", "job": "market_tick", "status": "success", "ok": true}
{"ts": "2026-09-26T23:52:12.880520+00:00", "level": "INFO", "logger": "app.scheduler.manager", "msg": "scheduler.task_done", "request_id": "-", "provider": "-", "job": "market_1h", "status": "success", "ok": true}
{"ts": "2026-09-26T23:52:13.446244+00:00", "level": "INFO", "logger": "app.scheduler.manager", "msg": "scheduler.task_done", "request_id": "-", "provider": "-", "job": "derivatives", "status": "success", "ok": true}
{"ts": "2026-09-26T23:52:14.168935+00:00", "level": "INFO", "logger": "app.scheduler.manager", "msg": "scheduler.task_done", "request_id": "-", "provider": "-", "job": "market_tick", "status": "success", "ok": true}
{"ts": "2026-09-26T23:52:43.348888+00:00", "level": "INFO", "logger": "app.scheduler.manager", "msg": "scheduler.task_done", "request_id": "-", "provider": "-", "job": "market_tick", "status": "success", "ok": true}
{"ts": "2026-09-26T23:53:12.779895+00:00", "level": "INFO", "logger": "app.scheduler.manager", "msg": "scheduler.task_done", "request_id": "-", "provider": "-", "job": "health_probe", "status": "success", "ok": true}
{"ts": "2026-09-26T23:53:13.095399+00:00", "level": "INFO", "logger": "app.scheduler.manager", "msg": "scheduler.task_done", "request_id": "-", "provider": "-", "job": "market_tick", "status": "success", "ok": true}
{"ts": "2026-09-26T23:53:43.101677+00:00", "level": "INFO", "logger": "app.scheduler.manager", "msg": "scheduler.task_done", "request_id": "-", "provider": "-", "job": "market_tick", "status": "success", "ok": true}
{"ts": "2026-09-26T23:54:13.078266+00:00", "level": "INFO", "logger": "app.scheduler.manager", "msg": "scheduler.task_done", "request_id": "-", "provider": "-", "job": "market_tick", "status": "success", "ok": true}
{"ts": "2026-09-26T23:54:43.117712+00:00", "level": "INFO", "logger": "app.scheduler.manager", "msg": "scheduler.task_done", "request_id": "-", "provider": "-", "job": "market_tick", "status": "success", "ok": true}
{"ts": "2026-09-26T23:55:12.771571+00:00", "level": "INFO", "logger": "app.scheduler.manager", "msg": "scheduler.task_done", "request_id": "-", "provider": "-", "job": "health_probe", "status": "success", "ok": true}
{"ts": "2026-09-26T23:55:13.105718+00:00", "level": "INFO", "logger": "app.scheduler.manager", "msg": "scheduler.task_done", "request_id": "-", "provider": "-", "job": "market_tick", "status": "success", "ok": true}
{"ts": "2026-09-26T23:55:43.247408+00:00", "level": "INFO", "logger": "app.scheduler.manager", "msg": "scheduler.task_done", "request_id": "-", "provider": "-", "job": "market_tick", "status": "success", "ok": true}
{"ts": "2026-09-26T23:56:13.097984+00:00", "level": "INFO", "logger": "app.scheduler.manager", "msg": "scheduler.task_done", "request_id": "-", "provider": "-", "job": "market_tick", "status": "success", "ok": true}
{"ts": "2026-09-26T23:56:43.074241+00:00", "level": "INFO", "logger": "app.scheduler.manager", "msg": "scheduler.task_done", "request_id": "-", "provider": "-", "job": "market_tick", "status": "success", "ok": true}
{"ts": "2026-09-26T23:57:12.775748+00:00", "level": "INFO", "logger": "app.scheduler.manager", "msg": "scheduler.task_done", "request_id": "-", "provider": "-", "job": "health_probe", "status": "success", "ok": true}
{"ts": "2026-09-26T23:57:13.283554+00:00", "level": "INFO", "logger": "app.scheduler.manager", "msg": "scheduler.task_done", "request_id": "-", "provider": "-", "job": "market_1h", "status": "success", "ok": true}
{"ts": "2026-09-26T23:57:13.411185+00:00", "level": "INFO", "logger": "app.scheduler.manager", "msg": "scheduler.task_done", "request_id": "-", "provider": "-", "job": "derivatives", "status": "success", "ok": true}
{"ts": "2026-09-26T23:57:13.535236+00:00", "level": "INFO", "logger": "app.scheduler.manager", "msg": "scheduler.task_done", "request_id": "-", "provider": "-", "job": "market_tick", "status": "success", "ok": true}
{"ts": "2026-09-26T23:57:43.250420+00:00", "level": "INFO", "logger": "app.scheduler.manager", "msg": "scheduler.task_done", "request_id": "-", "provider": "-", "job": "market_tick", "status": "success", "ok": true}
{"ts": "2026-09-26T23:58:13.080539+00:00", "level": "INFO", "logger": "app.scheduler.manager", "msg": "scheduler.task_done", "request_id": "-", "provider": "-", "job": "market_tick", "status": "success", "ok": true}
{"ts": "2026-09-26T23:58:43.105129+00:00", "level": "INFO", "logger": "app.scheduler.manager", "msg": "scheduler.task_done", "request_id": "-", "provider": "-", "job": "market_tick", "status": "success", "ok": true}
{"ts": "2026-09-26T23:59:12.772619+00:00", "level": "INFO", "logger": "app.scheduler.manager", "msg": "scheduler.task_done", "request_id": "-", "provider": "-", "job": "health_probe", "status": "success", "ok": true}
{"ts": "2026-09-26T23:59:13.173242+00:00", "level": "INFO", "logger": "app.scheduler.manager", "msg": "scheduler.task_done", "request_id": "-", "provider": "-", "job": "market_tick", "status": "success", "ok": true}
{"ts": "2026-09-26T23:59:43.089400+00:00", "level": "INFO", "logger": "app.scheduler.manager", "msg": "scheduler.task_done", "request_id": "-", "provider": "-", "job": "market_tick", "status": "success", "ok": true}
{"ts": "2026-09-27T00:00:13.098342+00:00", "level": "INFO", "logger": "app.scheduler.manager", "msg": "scheduler.task_done", "request_id": "-", "provider": "-", "job": "market_tick", "status": "success", "ok": true}
{"ts": "2026-09-27T00:00:43.102254+00:00", "level": "INFO", "logger": "app.scheduler.manager", "msg": "scheduler.task_done", "request_id": "-", "provider": "-", "job": "market_tick", "status": "success", "ok": true}
{"ts": "2026-09-27T00:01:12.782823+00:00", "level": "INFO", "logger": "app.scheduler.manager", "msg": "scheduler.task_done", "request_id": "-", "provider": "-", "job": "health_probe", "status": "success", "ok": true}
{"ts": "2026-09-27T00:01:13.104774+00:00", "level": "INFO", "logger": "app.scheduler.manager", "msg": "scheduler.task_done", "request_id": "-", "provider": "-", "job": "market_tick", "status": "success", "ok": true}
{"ts": "2026-09-27T00:01:43.083216+00:00", "level": "INFO", "logger": "app.scheduler.manager", "msg": "scheduler.task_done", "request_id": "-", "provider": "-", "job": "market_tick", "status": "success", "ok": true}
{"ts": "2026-09-27T00:02:13.088814+00:00", "level": "INFO", "logger": "app.scheduler.manager", "msg": "scheduler.task_done", "request_id": "-", "provider": "-", "job": "market_tick", "status": "success", "ok": true}
{"ts": "2026-09-27T00:02:13.207558+00:00", "level": "INFO", "logger": "app.scheduler.manager", "msg": "scheduler.task_done", "request_id": "-", "provider": "-", "job": "market_1h", "status": "success", "ok": true}
{"ts": "2026-09-27T00:02:13.386524+00:00", "level": "INFO", "logger": "app.scheduler.manager", "msg": "scheduler.task_done", "request_id": "-", "provider": "-", "job": "derivatives", "status": "success", "ok": true}
{"ts": "2026-09-27T00:02:43.101521+00:00", "level": "INFO", "logger": "app.scheduler.manager", "msg": "scheduler.task_done", "request_id": "-", "provider": "-", "job": "market_tick", "status": "success", "ok": true}
{"ts": "2026-09-27T00:03:12.777595+00:00", "level": "INFO", "logger": "app.scheduler.manager", "msg": "scheduler.task_done", "request_id": "-", "provider": "-", "job": "health_probe", "status": "success", "ok": true}
{"ts": "2026-09-27T00:03:13.377741+00:00", "level": "INFO", "logger": "app.scheduler.manager", "msg": "scheduler.task_done", "request_id": "-", "provider": "-", "job": "market_tick", "status": "success", "ok": true}
{"ts": "2026-09-27T00:03:43.106489+00:00", "level": "INFO", "logger": "app.scheduler.manager", "msg": "scheduler.task_done", "request_id": "-", "provider": "-", "job": "market_tick", "status": "success", "ok": true}
{"ts": "2026-09-27T00:04:13.659592+00:00", "level": "INFO", "logger": "app.scheduler.manager", "msg": "scheduler.task_done", "request_id": "-", "provider": "-", "job": "market_tick", "status": "success", "ok": true}
{"ts": "2026-09-27T00:04:43.095173+00:00", "level": "INFO", "logger": "app.scheduler.manager", "msg": "scheduler.task_done", "request_id": "-", "provider": "-", "job": "market_tick", "status": "success", "ok": true}
{"ts": "2026-09-27T00:05:12.786636+00:00", "level": "INFO", "logger": "app.scheduler.manager", "msg": "scheduler.task_done", "request_id": "-", "provider": "-", "job": "health_probe", "status": "success", "ok": true}
{"ts": "2026-09-27T00:05:13.128389+00:00", "level": "INFO", "logger": "app.scheduler.manager", "msg": "scheduler.task_done", "request_id": "-", "provider": "-", "job": "market_tick", "status": "success", "ok": true}
{"ts": "2026-09-27T00:05:43.086975+00:00", "level": "INFO", "logger": "app.scheduler.manager", "msg": "scheduler.task_done", "request_id": "-", "provider": "-", "job": "market_tick", "status": "success", "ok": true}
{"ts": "2026-09-27T00:06:13.079940+00:00", "level": "INFO", "logger": "app.scheduler.manager", "msg": "scheduler.task_done", "request_id": "-", "provider": "-", "job": "market_tick", "status": "success", "ok": true}
{"ts": "2026-09-27T00:06:43.088288+00:00", "level": "INFO", "logger": "app.scheduler.manager", "msg": "scheduler.task_done", "request_id": "-", "provider": "-", "job": "market_tick", "status": "success", "ok": true}
{"ts": "2026-09-27T00:07:12.780700+00:00", "level": "INFO", "logger": "app.scheduler.manager", "msg": "scheduler.task_done", "request_id": "-", "provider": "-", "job": "health_probe", "status": "success", "ok": true}
{"ts": "2026-09-27T00:07:13.119114+00:00", "level": "INFO", "logger": "app.scheduler.manager", "msg": "scheduler.task_done", "request_id": "-", "provider": "-", "job": "market_tick", "status": "success", "ok": true}
{"ts": "2026-09-27T00:07:13.209861+00:00", "level": "INFO", "logger": "app.scheduler.manager", "msg": "scheduler.task_done", "request_id": "-", "provider": "-", "job": "market_1h", "status": "success", "ok": true}
{"ts": "2026-09-27T00:07:13.390592+00:00", "level": "INFO", "logger": "app.scheduler.manager", "msg": "scheduler.task_done", "request_id": "-", "provider": "-", "job": "derivatives", "status": "success", "ok": true}
{"ts": "2026-09-27T00:07:43.096313+00:00", "level": "INFO", "logger": "app.scheduler.manager", "msg": "scheduler.task_done", "request_id": "-", "provider": "-", "job": "market_tick", "status": "success", "ok": true}
{"ts": "2026-09-27T00:08:13.961922+00:00", "level": "INFO", "logger": "app.scheduler.manager", "msg": "scheduler.task_done", "request_id": "-", "provider": "-", "job": "market_tick", "status": "success", "ok": true}
{"ts": "2026-09-27T00:08:43.081088+00:00", "level": "INFO", "logger": "app.scheduler.manager", "msg": "scheduler.task_done", "request_id": "-", "provider": "-", "job": "market_tick", "status": "success", "ok": true}
{"ts": "2026-09-27T00:09:12.775130+00:00", "level": "INFO", "logger": "app.scheduler.manager", "msg": "scheduler.task_done", "request_id": "-", "provider": "-", "job": "health_probe", "status": "success", "ok": true}
{"ts": "2026-09-27T00:09:14.065699+00:00", "level": "INFO", "logger": "app.scheduler.manager", "msg": "scheduler.task_done", "request_id": "-", "provider": "-", "job": "market_tick", "status": "success", "ok": true}
{"ts": "2026-09-27T00:09:43.097510+00:00", "level": "INFO", "logger": "app.scheduler.manager", "msg": "scheduler.task_done", "request_id": "-", "provider": "-", "job": "market_tick", "status": "success", "ok": true}
{"ts": "2026-09-27T00:10:13.355973+00:00", "level": "INFO", "logger": "app.scheduler.manager", "msg": "scheduler.task_done", "request_id": "-", "provider": "-", "job": "market_tick", "status": "success", "ok": true}
{"ts": "2026-09-27T00:10:43.708833+00:00", "level": "INFO", "logger": "app.scheduler.manager", "msg": "scheduler.task_done", "request_id": "-", "provider": "-", "job": "market_tick", "status": "success", "ok": true}
{"ts": "2026-09-27T00:11:12.773403+00:00", "level": "INFO", "logger": "app.scheduler.manager", "msg": "scheduler.task_done", "request_id": "-", "provider": "-", "job": "health_probe", "status": "success", "ok": true}
{"ts": "2026-09-27T00:11:13.107588+00:00", "level": "INFO", "logger": "app.scheduler.manager", "msg": "scheduler.task_done", "request_id": "-", "provider": "-", "job": "market_tick", "status": "success", "ok": true}
{"ts": "2026-09-27T00:11:43.108097+00:00", "level": "INFO", "logger": "app.scheduler.manager", "msg": "scheduler.task_done", "request_id": "-", "provider": "-", "job": "market_tick", "status": "success", "ok": true}
{"ts": "2026-09-27T00:12:13.124132+00:00", "level": "INFO", "logger": "app.scheduler.manager", "msg": "scheduler.task_done", "request_id": "-", "provider": "-", "job": "market_tick", "status": "success", "ok": true}
{"ts": "2026-09-27T00:12:13.251737+00:00", "level": "INFO", "logger": "app.scheduler.manager", "msg": "scheduler.task_done", "request_id": "-", "provider": "-", "job": "market_1h", "status": "success", "ok": true}
{"ts": "2026-09-27T00:12:13.400463+00:00", "level": "INFO", "logger": "app.scheduler.manager", "msg": "scheduler.task_done", "request_id": "-", "provider": "-", "job": "derivatives", "status": "success", "ok": true}
{"ts": "2026-09-27T00:12:43.118937+00:00", "level": "INFO", "logger": "app.scheduler.manager", "msg": "scheduler.task_done", "request_id": "-", "provider": "-", "job": "market_tick", "status": "success", "ok": true}
{"ts": "2026-09-27T00:13:12.771111+00:00", "level": "INFO", "logger": "app.scheduler.manager", "msg": "scheduler.task_done", "request_id": "-", "provider": "-", "job": "health_probe", "status": "success", "ok": true}
{"ts": "2026-09-27T00:13:13.100746+00:00", "level": "INFO", "logger": "app.scheduler.manager", "msg": "scheduler.task_done", "request_id": "-", "provider": "-", "job": "market_tick", "status": "success", "ok": true}
{"ts": "2026-09-27T00:13:43.434398+00:00", "level": "INFO", "logger": "app.scheduler.manager", "msg": "scheduler.task_done", "request_id": "-", "provider": "-", "job": "market_tick", "status": "success", "ok": true}
{"ts": "2026-09-27T00:14:13.435123+00:00", "level": "INFO", "logger": "app.scheduler.manager", "msg": "scheduler.task_done", "request_id": "-", "provider": "-", "job": "market_tick", "status": "success", "ok": true}
{"ts": "2026-09-27T00:14:43.101519+00:00", "level": "INFO", "logger": "app.scheduler.manager", "msg": "scheduler.task_done", "request_id": "-", "provider": "-", "job": "market_tick", "status": "success", "ok": true}
{"ts": "2026-09-27T00:15:12.781394+00:00", "level": "INFO", "logger": "app.scheduler.manager", "msg": "scheduler.task_done", "request_id": "-", "provider": "-", "job": "health_probe", "status": "success", "ok": true}
{"ts": "2026-09-27T00:15:13.106952+00:00", "level": "INFO", "logger": "app.scheduler.manager", "msg": "scheduler.task_done", "request_id": "-", "provider": "-", "job": "market_tick", "status": "success", "ok": true}
{"ts": "2026-09-27T00:15:43.100686+00:00", "level": "INFO", "logger": "app.scheduler.manager", "msg": "scheduler.task_done", "request_id": "-", "provider": "-", "job": "market_tick", "status": "success", "ok": true}
{"ts": "2026-09-27T00:16:13.086295+00:00", "level": "INFO", "logger": "app.scheduler.manager", "msg": "scheduler.task_done", "request_id": "-", "provider": "-", "job": "market_tick", "status": "success", "ok": true}
{"ts": "2026-09-27T00:16:43.106266+00:00", "level": "INFO", "logger": "app.scheduler.manager", "msg": "scheduler.task_done", "request_id": "-", "provider": "-", "job": "market_tick", "status": "success", "ok": true}
{"ts": "2026-09-27T00:17:12.772537+00:00", "level": "INFO", "logger": "app.scheduler.manager", "msg": "scheduler.task_done", "request_id": "-", "provider": "-", "job": "health_probe", "status": "success", "ok": true}
{"ts": "2026-09-27T00:17:12.810370+00:00", "level": "INFO", "logger": "app.scheduler.manager", "msg": "scheduler.task_done", "request_id": "-", "provider": "-", "job": "quality", "status": "success", "ok": true}
{"ts": "2026-09-27T00:17:12.860715+00:00", "level": "INFO", "logger": "app.scheduler.manager", "msg": "scheduler.task_done", "request_id": "-", "provider": "-", "job": "gap_repair", "status": "success", "ok": true}
{"ts": "2026-09-27T00:17:12.894087+00:00", "level": "INFO", "logger": "app.scheduler.manager", "msg": "scheduler.task_done", "request_id": "-", "provider": "-", "job": "market_1d", "status": "success", "ok": true}
{"ts": "2026-09-27T00:17:13.246126+00:00", "level": "INFO", "logger": "app.scheduler.manager", "msg": "scheduler.task_done", "request_id": "-", "provider": "-", "job": "market_1h", "status": "success", "ok": true}
{"ts": "2026-09-27T00:17:13.458776+00:00", "level": "INFO", "logger": "app.scheduler.manager", "msg": "scheduler.task_done", "request_id": "-", "provider": "-", "job": "derivatives", "status": "success", "ok": true}
{"ts": "2026-09-27T00:17:13.677362+00:00", "level": "INFO", "logger": "app.scheduler.manager", "msg": "scheduler.task_done", "request_id": "-", "provider": "-", "job": "onchain", "status": "success", "ok": true}
{"ts": "2026-09-27T00:17:14.026720+00:00", "level": "INFO", "logger": "app.scheduler.manager", "msg": "scheduler.task_done", "request_id": "-", "provider": "-", "job": "sentiment", "status": "success", "ok": true}
{"ts": "2026-09-27T00:17:14.187205+00:00", "level": "INFO", "logger": "app.scheduler.manager", "msg": "scheduler.task_done", "request_id": "-", "provider": "-", "job": "market_tick", "status": "success", "ok": true}
{"ts": "2026-09-27T00:17:43.126988+00:00", "level": "INFO", "logger": "app.scheduler.manager", "msg": "scheduler.task_done", "request_id": "-", "provider": "-", "job": "market_tick", "status": "success", "ok": true}
{"ts": "2026-09-27T00:18:14.009303+00:00", "level": "INFO", "logger": "app.scheduler.manager", "msg": "scheduler.task_done", "request_id": "-", "provider": "-", "job": "market_tick", "status": "success", "ok": true}
{"ts": "2026-09-27T00:18:43.109591+00:00", "level": "INFO", "logger": "app.scheduler.manager", "msg": "scheduler.task_done", "request_id": "-", "provider": "-", "job": "market_tick", "status": "success", "ok": true}
{"ts": "2026-09-27T00:19:12.771050+00:00", "level": "INFO", "logger": "app.scheduler.manager", "msg": "scheduler.task_done", "request_id": "-", "provider": "-", "job": "health_probe", "status": "success", "ok": true}
{"ts": "2026-09-27T00:19:13.098781+00:00", "level": "INFO", "logger": "app.scheduler.manager", "msg": "scheduler.task_done", "request_id": "-", "provider": "-", "job": "market_tick", "status": "success", "ok": true}
{"ts": "2026-09-27T00:19:43.112344+00:00", "level": "INFO", "logger": "app.scheduler.manager", "msg": "scheduler.task_done", "request_id": "-", "provider": "-", "job": "market_tick", "status": "success", "ok": true}
{"ts": "2026-09-27T00:20:13.098321+00:00", "level": "INFO", "logger": "app.scheduler.manager", "msg": "scheduler.task_done", "request_id": "-", "provider": "-", "job": "market_tick", "status": "success", "ok": true}
{"ts": "2026-09-27T00:20:43.092106+00:00", "level": "INFO", "logger": "app.scheduler.manager", "msg": "scheduler.task_done", "request_id": "-", "provider": "-", "job": "market_tick", "status": "success", "ok": true}
{"ts": "2026-09-27T00:21:12.776135+00:00", "level": "INFO", "logger": "app.scheduler.manager", "msg": "scheduler.task_done", "request_id": "-", "provider": "-", "job": "health_probe", "status": "success", "ok": true}
{"ts": "2026-09-27T00:21:13.096691+00:00", "level": "INFO", "logger": "app.scheduler.manager", "msg": "scheduler.task_done", "request_id": "-", "provider": "-", "job": "market_tick", "status": "success", "ok": true}
{"ts": "2026-09-27T00:21:43.095771+00:00", "level": "INFO", "logger": "app.scheduler.manager", "msg": "scheduler.task_done", "request_id": "-", "provider": "-", "job": "market_tick", "status": "success", "ok": true}
{"ts": "2026-09-27T00:22:12.890778+00:00", "level": "INFO", "logger": "app.scheduler.manager", "msg": "scheduler.task_done", "request_id": "-", "provider": "-", "job": "market_1h", "status": "success", "ok": true}
{"ts": "2026-09-27T00:22:13.431511+00:00", "level": "INFO", "logger": "app.scheduler.manager", "msg": "scheduler.task_done", "request_id": "-", "provider": "-", "job": "derivatives", "status": "success", "ok": true}
{"ts": "2026-09-27T00:22:15.073090+00:00", "level": "INFO", "logger": "app.scheduler.manager", "msg": "scheduler.task_done", "request_id": "-", "provider": "-", "job": "market_tick", "status": "success", "ok": true}
{"ts": "2026-09-27T00:22:43.089987+00:00", "level": "INFO", "logger": "app.scheduler.manager", "msg": "scheduler.task_done", "request_id": "-", "provider": "-", "job": "market_tick", "status": "success", "ok": true}
{"ts": "2026-09-27T00:23:12.773877+00:00", "level": "INFO", "logger": "app.scheduler.manager", "msg": "scheduler.task_done", "request_id": "-", "provider": "-", "job": "health_probe", "status": "success", "ok": true}
{"ts": "2026-09-27T00:23:13.104947+00:00", "level": "INFO", "logger": "app.scheduler.manager", "msg": "scheduler.task_done", "request_id": "-", "provider": "-", "job": "market_tick", "status": "success", "ok": true}
{"ts": "2026-09-27T00:23:43.115112+00:00", "level": "INFO", "logger": "app.scheduler.manager", "msg": "scheduler.task_done", "request_id": "-", "provider": "-", "job": "market_tick", "status": "success", "ok": true}
{"ts": "2026-09-27T00:24:15.387336+00:00", "level": "INFO", "logger": "app.scheduler.manager", "msg": "scheduler.task_done", "request_id": "-", "provider": "-", "job": "market_tick", "status": "success", "ok": true}
{"ts": "2026-09-27T00:24:43.369976+00:00", "level": "INFO", "logger": "app.scheduler.manager", "msg": "scheduler.task_done", "request_id": "-", "provider": "-", "job": "market_tick", "status": "success", "ok": true}
{"ts": "2026-09-27T00:25:12.780958+00:00", "level": "INFO", "logger": "app.scheduler.manager", "msg": "scheduler.task_done", "request_id": "-", "provider": "-", "job": "health_probe", "status": "success", "ok": true}
{"ts": "2026-09-27T00:25:13.127046+00:00", "level": "INFO", "logger": "app.scheduler.manager", "msg": "scheduler.task_done", "request_id": "-", "provider": "-", "job": "market_tick", "status": "success", "ok": true}
{"ts": "2026-09-27T00:25:43.098030+00:00", "level": "INFO", "logger": "app.scheduler.manager", "msg": "scheduler.task_done", "request_id": "-", "provider": "-", "job": "market_tick", "status": "success", "ok": true}
{"ts": "2026-09-27T00:26:13.353599+00:00", "level": "INFO", "logger": "app.scheduler.manager", "msg": "scheduler.task_done", "request_id": "-", "provider": "-", "job": "market_tick", "status": "success", "ok": true}
{"ts": "2026-09-27T00:26:43.103687+00:00", "level": "INFO", "logger": "app.scheduler.manager", "msg": "scheduler.task_done", "request_id": "-", "provider": "-", "job": "market_tick", "status": "success", "ok": true}
{"ts": "2026-09-27T00:27:12.770611+00:00", "level": "INFO", "logger": "app.scheduler.manager", "msg": "scheduler.task_done", "request_id": "-", "provider": "-", "job": "health_probe", "status": "success", "ok": true}
{"ts": "2026-09-27T00:27:12.882901+00:00", "level": "INFO", "logger": "app.scheduler.manager", "msg": "scheduler.task_done", "request_id": "-", "provider": "-", "job": "market_1h", "status": "success", "ok": true}
{"ts": "2026-09-27T00:27:13.363613+00:00", "level": "INFO", "logger": "app.scheduler.manager", "msg": "scheduler.task_done", "request_id": "-", "provider": "-", "job": "derivatives", "status": "success", "ok": true}
{"ts": "2026-09-27T00:27:14.349749+00:00", "level": "INFO", "logger": "app.scheduler.manager", "msg": "scheduler.task_done", "request_id": "-", "provider": "-", "job": "market_tick", "status": "success", "ok": true}
{"ts": "2026-09-27T00:27:43.095775+00:00", "level": "INFO", "logger": "app.scheduler.manager", "msg": "scheduler.task_done", "request_id": "-", "provider": "-", "job": "market_tick", "status": "success", "ok": true}
{"ts": "2026-09-27T00:28:13.174226+00:00", "level": "INFO", "logger": "app.scheduler.manager", "msg": "scheduler.task_done", "request_id": "-", "provider": "-", "job": "market_tick", "status": "success", "ok": true}
{"ts": "2026-09-27T00:28:43.120694+00:00", "level": "INFO", "logger": "app.scheduler.manager", "msg": "scheduler.task_done", "request_id": "-", "provider": "-", "job": "market_tick", "status": "success", "ok": true}
{"ts": "2026-09-27T00:29:12.769984+00:00", "level": "INFO", "logger": "app.scheduler.manager", "msg": "scheduler.task_done", "request_id": "-", "provider": "-", "job": "health_probe", "status": "success", "ok": true}
{"ts": "2026-09-27T00:29:13.514958+00:00", "level": "INFO", "logger": "app.scheduler.manager", "msg": "scheduler.task_done", "request_id": "-", "provider": "-", "job": "market_tick", "status": "success", "ok": true}
{"ts": "2026-09-27T00:29:43.087805+00:00", "level": "INFO", "logger": "app.scheduler.manager", "msg": "scheduler.task_done", "request_id": "-", "provider": "-", "job": "market_tick", "status": "success", "ok": true}
{"ts": "2026-09-27T00:30:14.340096+00:00", "level": "INFO", "logger": "app.scheduler.manager", "msg": "scheduler.task_done", "request_id": "-", "provider": "-", "job": "market_tick", "status": "success", "ok": true}
{"ts": "2026-09-27T00:30:44.346711+00:00", "level": "INFO", "logger": "app.scheduler.manager", "msg": "scheduler.task_done", "request_id": "-", "provider": "-", "job": "market_tick", "status": "success", "ok": true}
{"ts": "2026-09-27T00:31:12.776115+00:00", "level": "INFO", "logger": "app.scheduler.manager", "msg": "scheduler.task_done", "request_id": "-", "provider": "-", "job": "health_probe", "status": "success", "ok": true}
{"ts": "2026-09-27T00:31:13.383167+00:00", "level": "INFO", "logger": "app.scheduler.manager", "msg": "scheduler.task_done", "request_id": "-", "provider": "-", "job": "market_tick", "status": "success", "ok": true}
{"ts": "2026-09-27T00:31:43.738937+00:00", "level": "INFO", "logger": "app.scheduler.manager", "msg": "scheduler.task_done", "request_id": "-", "provider": "-", "job": "market_tick", "status": "success", "ok": true}
{"ts": "2026-09-27T00:32:13.264752+00:00", "level": "INFO", "logger": "app.scheduler.manager", "msg": "scheduler.task_done", "request_id": "-", "provider": "-", "job": "market_1h", "status": "success", "ok": true}
{"ts": "2026-09-27T00:32:13.399552+00:00", "level": "INFO", "logger": "app.scheduler.manager", "msg": "scheduler.task_done", "request_id": "-", "provider": "-", "job": "market_tick", "status": "success", "ok": true}
{"ts": "2026-09-27T00:32:13.595538+00:00", "level": "INFO", "logger": "app.scheduler.manager", "msg": "scheduler.task_done", "request_id": "-", "provider": "-", "job": "derivatives", "status": "success", "ok": true}
{"ts": "2026-09-27T00:32:43.162286+00:00", "level": "INFO", "logger": "app.scheduler.manager", "msg": "scheduler.task_done", "request_id": "-", "provider": "-", "job": "market_tick", "status": "success", "ok": true}
{"ts": "2026-09-27T00:33:12.771534+00:00", "level": "INFO", "logger": "app.scheduler.manager", "msg": "scheduler.task_done", "request_id": "-", "provider": "-", "job": "health_probe", "status": "success", "ok": true}
{"ts": "2026-09-27T00:33:13.169026+00:00", "level": "INFO", "logger": "app.scheduler.manager", "msg": "scheduler.task_done", "request_id": "-", "provider": "-", "job": "market_tick", "status": "success", "ok": true}
{"ts": "2026-09-27T00:33:43.583552+00:00", "level": "INFO", "logger": "app.scheduler.manager", "msg": "scheduler.task_done", "request_id": "-", "provider": "-", "job": "market_tick", "status": "success", "ok": true}
{"ts": "2026-09-27T00:34:13.434327+00:00", "level": "INFO", "logger": "app.scheduler.manager", "msg": "scheduler.task_done", "request_id": "-", "provider": "-", "job": "market_tick", "status": "success", "ok": true}
{"ts": "2026-09-27T00:34:43.281028+00:00", "level": "INFO", "logger": "app.scheduler.manager", "msg": "scheduler.task_done", "request_id": "-", "provider": "-", "job": "market_tick", "status": "success", "ok": true}
{"ts": "2026-09-27T00:35:12.781905+00:00", "level": "INFO", "logger": "app.scheduler.manager", "msg": "scheduler.task_done", "request_id": "-", "provider": "-", "job": "health_probe", "status": "success", "ok": true}
{"ts": "2026-09-27T00:35:13.286660+00:00", "level": "INFO", "logger": "app.scheduler.manager", "msg": "scheduler.task_done", "request_id": "-", "provider": "-", "job": "market_tick", "status": "success", "ok": true}
{"ts": "2026-09-27T00:35:43.494030+00:00", "level": "INFO", "logger": "app.scheduler.manager", "msg": "scheduler.task_done", "request_id": "-", "provider": "-", "job": "market_tick", "status": "success", "ok": true}
{"ts": "2026-09-27T00:36:15.002284+00:00", "level": "INFO", "logger": "app.scheduler.manager", "msg": "scheduler.task_done", "request_id": "-", "provider": "-", "job": "market_tick", "status": "success", "ok": true}
{"ts": "2026-09-27T00:36:43.288767+00:00", "level": "INFO", "logger": "app.scheduler.manager", "msg": "scheduler.task_done", "request_id": "-", "provider": "-", "job": "market_tick", "status": "success", "ok": true}
{"ts": "2026-09-27T00:37:12.778766+00:00", "level": "INFO", "logger": "app.scheduler.manager", "msg": "scheduler.task_done", "request_id": "-", "provider": "-", "job": "health_probe", "status": "success", "ok": true}
{"ts": "2026-09-27T00:37:12.900329+00:00", "level": "INFO", "logger": "app.scheduler.manager", "msg": "scheduler.task_done", "request_id": "-", "provider": "-", "job": "market_1h", "status": "success", "ok": true}
{"ts": "2026-09-27T00:37:13.388705+00:00", "level": "INFO", "logger": "app.scheduler.manager", "msg": "scheduler.task_done", "request_id": "-", "provider": "-", "job": "derivatives", "status": "success", "ok": true}
{"ts": "2026-09-27T00:37:14.213803+00:00", "level": "INFO", "logger": "app.scheduler.manager", "msg": "scheduler.task_done", "request_id": "-", "provider": "-", "job": "market_tick", "status": "success", "ok": true}
{"ts": "2026-09-27T00:37:43.130831+00:00", "level": "INFO", "logger": "app.scheduler.manager", "msg": "scheduler.task_done", "request_id": "-", "provider": "-", "job": "market_tick", "status": "success", "ok": true}
{"ts": "2026-09-27T00:38:13.111258+00:00", "level": "INFO", "logger": "app.scheduler.manager", "msg": "scheduler.task_done", "request_id": "-", "provider": "-", "job": "market_tick", "status": "success", "ok": true}
{"ts": "2026-09-27T00:38:43.348211+00:00", "level": "INFO", "logger": "app.scheduler.manager", "msg": "scheduler.task_done", "request_id": "-", "provider": "-", "job": "market_tick", "status": "success", "ok": true}
{"ts": "2026-09-27T00:39:12.781611+00:00", "level": "INFO", "logger": "app.scheduler.manager", "msg": "scheduler.task_done", "request_id": "-", "provider": "-", "job": "health_probe", "status": "success", "ok": true}
{"ts": "2026-09-27T00:39:13.354968+00:00", "level": "INFO", "logger": "app.scheduler.manager", "msg": "scheduler.task_done", "request_id": "-", "provider": "-", "job": "market_tick", "status": "success", "ok": true}
{"ts": "2026-09-27T00:39:43.526971+00:00", "level": "INFO", "logger": "app.scheduler.manager", "msg": "scheduler.task_done", "request_id": "-", "provider": "-", "job": "market_tick", "status": "success", "ok": true}
{"ts": "2026-09-27T00:40:13.170561+00:00", "level": "INFO", "logger": "app.scheduler.manager", "msg": "scheduler.task_done", "request_id": "-", "provider": "-", "job": "market_tick", "status": "success", "ok": true}
{"ts": "2026-09-27T00:40:43.156307+00:00", "level": "INFO", "logger": "app.scheduler.manager", "msg": "scheduler.task_done", "request_id": "-", "provider": "-", "job": "market_tick", "status": "success", "ok": true}
{"ts": "2026-09-27T00:41:12.779348+00:00", "level": "INFO", "logger": "app.scheduler.manager", "msg": "scheduler.task_done", "request_id": "-", "provider": "-", "job": "health_probe", "status": "success", "ok": true}
{"ts": "2026-09-27T00:41:13.185382+00:00", "level": "INFO", "logger": "app.scheduler.manager", "msg": "scheduler.task_done", "request_id": "-", "provider": "-", "job": "market_tick", "status": "success", "ok": true}
{"ts": "2026-09-27T00:41:43.209912+00:00", "level": "INFO", "logger": "app.scheduler.manager", "msg": "scheduler.task_done", "request_id": "-", "provider": "-", "job": "market_tick", "status": "success", "ok": true}
{"ts": "2026-09-27T00:42:12.891163+00:00", "level": "INFO", "logger": "app.scheduler.manager", "msg": "scheduler.task_done", "request_id": "-", "provider": "-", "job": "market_1h", "status": "success", "ok": true}
{"ts": "2026-09-27T00:42:13.434686+00:00", "level": "INFO", "logger": "app.scheduler.manager", "msg": "scheduler.task_done", "request_id": "-", "provider": "-", "job": "derivatives", "status": "success", "ok": true}
{"ts": "2026-09-27T00:42:14.383680+00:00", "level": "INFO", "logger": "app.scheduler.manager", "msg": "scheduler.task_done", "request_id": "-", "provider": "-", "job": "market_tick", "status": "success", "ok": true}
{"ts": "2026-09-27T00:42:43.118451+00:00", "level": "INFO", "logger": "app.scheduler.manager", "msg": "scheduler.task_done", "request_id": "-", "provider": "-", "job": "market_tick", "status": "success", "ok": true}
{"ts": "2026-09-27T00:43:12.779002+00:00", "level": "INFO", "logger": "app.scheduler.manager", "msg": "scheduler.task_done", "request_id": "-", "provider": "-", "job": "health_probe", "status": "success", "ok": true}
{"ts": "2026-09-27T00:43:14.555830+00:00", "level": "INFO", "logger": "app.scheduler.manager", "msg": "scheduler.task_done", "request_id": "-", "provider": "-", "job": "market_tick", "status": "success", "ok": true}
{"ts": "2026-09-27T00:43:43.096066+00:00", "level": "INFO", "logger": "app.scheduler.manager", "msg": "scheduler.task_done", "request_id": "-", "provider": "-", "job": "market_tick", "status": "success", "ok": true}
{"ts": "2026-09-27T00:44:13.112903+00:00", "level": "INFO", "logger": "app.scheduler.manager", "msg": "scheduler.task_done", "request_id": "-", "provider": "-", "job": "market_tick", "status": "success", "ok": true}
{"ts": "2026-09-27T00:44:43.119305+00:00", "level": "INFO", "logger": "app.scheduler.manager", "msg": "scheduler.task_done", "request_id": "-", "provider": "-", "job": "market_tick", "status": "success", "ok": true}
{"ts": "2026-09-27T00:45:12.779178+00:00", "level": "INFO", "logger": "app.scheduler.manager", "msg": "scheduler.task_done", "request_id": "-", "provider": "-", "job": "health_probe", "status": "success", "ok": true}
{"ts": "2026-09-27T00:45:13.111437+00:00", "level": "INFO", "logger": "app.scheduler.manager", "msg": "scheduler.task_done", "request_id": "-", "provider": "-", "job": "market_tick", "status": "success", "ok": true}
{"ts": "2026-09-27T00:45:43.087270+00:00", "level": "INFO", "logger": "app.scheduler.manager", "msg": "scheduler.task_done", "request_id": "-", "provider": "-", "job": "market_tick", "status": "success", "ok": true}
{"ts": "2026-09-27T00:46:13.105723+00:00", "level": "INFO", "logger": "app.scheduler.manager", "msg": "scheduler.task_done", "request_id": "-", "provider": "-", "job": "market_tick", "status": "success", "ok": true}
{"ts": "2026-09-27T00:46:43.192672+00:00", "level": "INFO", "logger": "app.scheduler.manager", "msg": "scheduler.task_done", "request_id": "-", "provider": "-", "job": "market_tick", "status": "success", "ok": true}
{"ts": "2026-09-27T00:47:12.770095+00:00", "level": "INFO", "logger": "app.scheduler.manager", "msg": "scheduler.task_done", "request_id": "-", "provider": "-", "job": "health_probe", "status": "success", "ok": true}
{"ts": "2026-09-27T00:47:13.110928+00:00", "level": "INFO", "logger": "app.scheduler.manager", "msg": "scheduler.task_done", "request_id": "-", "provider": "-", "job": "market_tick", "status": "success", "ok": true}
{"ts": "2026-09-27T00:47:13.212701+00:00", "level": "INFO", "logger": "app.scheduler.manager", "msg": "scheduler.task_done", "request_id": "-", "provider": "-", "job": "market_1h", "status": "success", "ok": true}
{"ts": "2026-09-27T00:47:13.216691+00:00", "level": "INFO", "logger": "app.scheduler.manager", "msg": "scheduler.task_done", "request_id": "-", "provider": "-", "job": "market_1d", "status": "success", "ok": true}
{"ts": "2026-09-27T00:47:13.388260+00:00", "level": "INFO", "logger": "app.scheduler.manager", "msg": "scheduler.task_done", "request_id": "-", "provider": "-", "job": "derivatives", "status": "success", "ok": true}
{"ts": "2026-09-27T00:47:43.101722+00:00", "level": "INFO", "logger": "app.scheduler.manager", "msg": "scheduler.task_done", "request_id": "-", "provider": "-", "job": "market_tick", "status": "success", "ok": true}
{"ts": "2026-09-27T00:48:13.125259+00:00", "level": "INFO", "logger": "app.scheduler.manager", "msg": "scheduler.task_done", "request_id": "-", "provider": "-", "job": "market_tick", "status": "success", "ok": true}
{"ts": "2026-09-27T00:48:44.477348+00:00", "level": "INFO", "logger": "app.scheduler.manager", "msg": "scheduler.task_done", "request_id": "-", "provider": "-", "job": "market_tick", "status": "success", "ok": true}
{"ts": "2026-09-27T00:49:12.772835+00:00", "level": "INFO", "logger": "app.scheduler.manager", "msg": "scheduler.task_done", "request_id": "-", "provider": "-", "job": "health_probe", "status": "success", "ok": true}
{"ts": "2026-09-27T00:49:13.118419+00:00", "level": "INFO", "logger": "app.scheduler.manager", "msg": "scheduler.task_done", "request_id": "-", "provider": "-", "job": "market_tick", "status": "success", "ok": true}
{"ts": "2026-09-27T00:49:43.374747+00:00", "level": "INFO", "logger": "app.scheduler.manager", "msg": "scheduler.task_done", "request_id": "-", "provider": "-", "job": "market_tick", "status": "success", "ok": true}
{"ts": "2026-09-27T00:50:14.013643+00:00", "level": "INFO", "logger": "app.scheduler.manager", "msg": "scheduler.task_done", "request_id": "-", "provider": "-", "job": "market_tick", "status": "success", "ok": true}
{"ts": "2026-09-27T00:50:43.379319+00:00", "level": "INFO", "logger": "app.scheduler.manager", "msg": "scheduler.task_done", "request_id": "-", "provider": "-", "job": "market_tick", "status": "success", "ok": true}
{"ts": "2026-09-27T00:51:12.774232+00:00", "level": "INFO", "logger": "app.scheduler.manager", "msg": "scheduler.task_done", "request_id": "-", "provider": "-", "job": "health_probe", "status": "success", "ok": true}
{"ts": "2026-09-27T00:51:13.304791+00:00", "level": "INFO", "logger": "app.scheduler.manager", "msg": "scheduler.task_done", "request_id": "-", "provider": "-", "job": "market_tick", "status": "success", "ok": true}
{"ts": "2026-09-27T00:51:43.090910+00:00", "level": "INFO", "logger": "app.scheduler.manager", "msg": "scheduler.task_done", "request_id": "-", "provider": "-", "job": "market_tick", "status": "success", "ok": true}
{"ts": "2026-09-27T00:52:12.901737+00:00", "level": "INFO", "logger": "app.scheduler.manager", "msg": "scheduler.task_done", "request_id": "-", "provider": "-", "job": "market_1h", "status": "success", "ok": true}
{"ts": "2026-09-27T00:52:13.481274+00:00", "level": "INFO", "logger": "app.scheduler.manager", "msg": "scheduler.task_done", "request_id": "-", "provider": "-", "job": "derivatives", "status": "success", "ok": true}
{"ts": "2026-09-27T00:52:14.110190+00:00", "level": "INFO", "logger": "app.scheduler.manager", "msg": "scheduler.task_done", "request_id": "-", "provider": "-", "job": "market_tick", "status": "success", "ok": true}
{"ts": "2026-09-27T00:52:43.096407+00:00", "level": "INFO", "logger": "app.scheduler.manager", "msg": "scheduler.task_done", "request_id": "-", "provider": "-", "job": "market_tick", "status": "success", "ok": true}
{"ts": "2026-09-27T00:53:12.775191+00:00", "level": "INFO", "logger": "app.scheduler.manager", "msg": "scheduler.task_done", "request_id": "-", "provider": "-", "job": "health_probe", "status": "success", "ok": true}
{"ts": "2026-09-27T00:53:13.125862+00:00", "level": "INFO", "logger": "app.scheduler.manager", "msg": "scheduler.task_done", "request_id": "-", "provider": "-", "job": "market_tick", "status": "success", "ok": true}
{"ts": "2026-09-27T00:53:43.384410+00:00", "level": "INFO", "logger": "app.scheduler.manager", "msg": "scheduler.task_done", "request_id": "-", "provider": "-", "job": "market_tick", "status": "success", "ok": true}
{"ts": "2026-09-27T00:54:13.120247+00:00", "level": "INFO", "logger": "app.scheduler.manager", "msg": "scheduler.task_done", "request_id": "-", "provider": "-", "job": "market_tick", "status": "success", "ok": true}
{"ts": "2026-09-27T00:54:43.120871+00:00", "level": "INFO", "logger": "app.scheduler.manager", "msg": "scheduler.task_done", "request_id": "-", "provider": "-", "job": "market_tick", "status": "success", "ok": true}
{"ts": "2026-09-27T00:55:12.771927+00:00", "level": "INFO", "logger": "app.scheduler.manager", "msg": "scheduler.task_done", "request_id": "-", "provider": "-", "job": "health_probe", "status": "success", "ok": true}
{"ts": "2026-09-27T00:55:13.120366+00:00", "level": "INFO", "logger": "app.scheduler.manager", "msg": "scheduler.task_done", "request_id": "-", "provider": "-", "job": "market_tick", "status": "success", "ok": true}
{"ts": "2026-09-27T00:55:43.107827+00:00", "level": "INFO", "logger": "app.scheduler.manager", "msg": "scheduler.task_done", "request_id": "-", "provider": "-", "job": "market_tick", "status": "success", "ok": true}
{"ts": "2026-09-27T00:56:13.116412+00:00", "level": "INFO", "logger": "app.scheduler.manager", "msg": "scheduler.task_done", "request_id": "-", "provider": "-", "job": "market_tick", "status": "success", "ok": true}
{"ts": "2026-09-27T00:56:43.084558+00:00", "level": "INFO", "logger": "app.scheduler.manager", "msg": "scheduler.task_done", "request_id": "-", "provider": "-", "job": "market_tick", "status": "success", "ok": true}
{"ts": "2026-09-27T00:57:12.780742+00:00", "level": "INFO", "logger": "app.scheduler.manager", "msg": "scheduler.task_done", "request_id": "-", "provider": "-", "job": "health_probe", "status": "success", "ok": true}
{"ts": "2026-09-27T00:57:13.133995+00:00", "level": "INFO", "logger": "app.scheduler.manager", "msg": "scheduler.task_done", "request_id": "-", "provider": "-", "job": "market_tick", "status": "success", "ok": true}
{"ts": "2026-09-27T00:57:13.218533+00:00", "level": "INFO", "logger": "app.scheduler.manager", "msg": "scheduler.task_done", "request_id": "-", "provider": "-", "job": "market_1h", "status": "success", "ok": true}
{"ts": "2026-09-27T00:57:13.416080+00:00", "level": "INFO", "logger": "app.scheduler.manager", "msg": "scheduler.task_done", "request_id": "-", "provider": "-", "job": "derivatives", "status": "success", "ok": true}
{"ts": "2026-09-27T00:57:43.095644+00:00", "level": "INFO", "logger": "app.scheduler.manager", "msg": "scheduler.task_done", "request_id": "-", "provider": "-", "job": "market_tick", "status": "success", "ok": true}
{"ts": "2026-09-27T00:58:13.128934+00:00", "level": "INFO", "logger": "app.scheduler.manager", "msg": "scheduler.task_done", "request_id": "-", "provider": "-", "job": "market_tick", "status": "success", "ok": true}
{"ts": "2026-09-27T00:58:44.509820+00:00", "level": "INFO", "logger": "app.scheduler.manager", "msg": "scheduler.task_done", "request_id": "-", "provider": "-", "job": "market_tick", "status": "success", "ok": true}
{"ts": "2026-09-27T00:59:12.780661+00:00", "level": "INFO", "logger": "app.scheduler.manager", "msg": "scheduler.task_done", "request_id": "-", "provider": "-", "job": "health_probe", "status": "success", "ok": true}
{"ts": "2026-09-27T00:59:13.753788+00:00", "level": "INFO", "logger": "app.scheduler.manager", "msg": "scheduler.task_done", "request_id": "-", "provider": "-", "job": "market_tick", "status": "success", "ok": true}
{"ts": "2026-09-27T00:59:43.091568+00:00", "level": "INFO", "logger": "app.scheduler.manager", "msg": "scheduler.task_done", "request_id": "-", "provider": "-", "job": "market_tick", "status": "success", "ok": true}
{"ts": "2026-09-27T01:00:13.731659+00:00", "level": "INFO", "logger": "app.scheduler.manager", "msg": "scheduler.task_done", "request_id": "-", "provider": "-", "job": "market_tick", "status": "success", "ok": true}
{"ts": "2026-09-27T01:00:43.099545+00:00", "level": "INFO", "logger": "app.scheduler.manager", "msg": "scheduler.task_done", "request_id": "-", "provider": "-", "job": "market_tick", "status": "success", "ok": true}
{"ts": "2026-09-27T01:01:12.782064+00:00", "level": "INFO", "logger": "app.scheduler.manager", "msg": "scheduler.task_done", "request_id": "-", "provider": "-", "job": "health_probe", "status": "success", "ok": true}
{"ts": "2026-09-27T01:01:13.123602+00:00", "level": "INFO", "logger": "app.scheduler.manager", "msg": "scheduler.task_done", "request_id": "-", "provider": "-", "job": "market_tick", "status": "success", "ok": true}
{"ts": "2026-09-27T01:01:43.742331+00:00", "level": "INFO", "logger": "app.scheduler.manager", "msg": "scheduler.task_done", "request_id": "-", "provider": "-", "job": "market_tick", "status": "success", "ok": true}
{"ts": "2026-09-27T01:02:12.881882+00:00", "level": "INFO", "logger": "app.scheduler.manager", "msg": "scheduler.task_done", "request_id": "-", "provider": "-", "job": "market_1h", "status": "success", "ok": true}
{"ts": "2026-09-27T01:02:13.405916+00:00", "level": "INFO", "logger": "app.scheduler.manager", "msg": "scheduler.task_done", "request_id": "-", "provider": "-", "job": "derivatives", "status": "success", "ok": true}
{"ts": "2026-09-27T01:02:13.596730+00:00", "level": "INFO", "logger": "app.scheduler.manager", "msg": "scheduler.task_done", "request_id": "-", "provider": "-", "job": "market_tick", "status": "success", "ok": true}
{"ts": "2026-09-27T01:02:43.391157+00:00", "level": "INFO", "logger": "app.scheduler.manager", "msg": "scheduler.task_done", "request_id": "-", "provider": "-", "job": "market_tick", "status": "success", "ok": true}
{"ts": "2026-09-27T01:03:12.777366+00:00", "level": "INFO", "logger": "app.scheduler.manager", "msg": "scheduler.task_done", "request_id": "-", "provider": "-", "job": "health_probe", "status": "success", "ok": true}
{"ts": "2026-09-27T01:03:13.097217+00:00", "level": "INFO", "logger": "app.scheduler.manager", "msg": "scheduler.task_done", "request_id": "-", "provider": "-", "job": "market_tick", "status": "success", "ok": true}
{"ts": "2026-09-27T01:03:43.767507+00:00", "level": "INFO", "logger": "app.scheduler.manager", "msg": "scheduler.task_done", "request_id": "-", "provider": "-", "job": "market_tick", "status": "success", "ok": true}
{"ts": "2026-09-27T01:04:13.129720+00:00", "level": "INFO", "logger": "app.scheduler.manager", "msg": "scheduler.task_done", "request_id": "-", "provider": "-", "job": "market_tick", "status": "success", "ok": true}
{"ts": "2026-09-27T01:04:43.104565+00:00", "level": "INFO", "logger": "app.scheduler.manager", "msg": "scheduler.task_done", "request_id": "-", "provider": "-", "job": "market_tick", "status": "success", "ok": true}
{"ts": "2026-09-27T01:05:12.771648+00:00", "level": "INFO", "logger": "app.scheduler.manager", "msg": "scheduler.task_done", "request_id": "-", "provider": "-", "job": "health_probe", "status": "success", "ok": true}
{"ts": "2026-09-27T01:05:13.165530+00:00", "level": "INFO", "logger": "app.scheduler.manager", "msg": "scheduler.task_done", "request_id": "-", "provider": "-", "job": "market_tick", "status": "success", "ok": true}
{"ts": "2026-09-27T01:05:43.122068+00:00", "level": "INFO", "logger": "app.scheduler.manager", "msg": "scheduler.task_done", "request_id": "-", "provider": "-", "job": "market_tick", "status": "success", "ok": true}
{"ts": "2026-09-27T01:06:13.349774+00:00", "level": "INFO", "logger": "app.scheduler.manager", "msg": "scheduler.task_done", "request_id": "-", "provider": "-", "job": "market_tick", "status": "success", "ok": true}
{"ts": "2026-09-27T01:06:43.661987+00:00", "level": "INFO", "logger": "app.scheduler.manager", "msg": "scheduler.task_done", "request_id": "-", "provider": "-", "job": "market_tick", "status": "success", "ok": true}
{"ts": "2026-09-27T01:07:12.778454+00:00", "level": "INFO", "logger": "app.scheduler.manager", "msg": "scheduler.task_done", "request_id": "-", "provider": "-", "job": "health_probe", "status": "success", "ok": true}
{"ts": "2026-09-27T01:07:13.391446+00:00", "level": "INFO", "logger": "app.scheduler.manager", "msg": "scheduler.task_done", "request_id": "-", "provider": "-", "job": "market_tick", "status": "success", "ok": true}
{"ts": "2026-09-27T01:07:13.396040+00:00", "level": "INFO", "logger": "app.scheduler.manager", "msg": "scheduler.task_done", "request_id": "-", "provider": "-", "job": "derivatives", "status": "success", "ok": true}
{"ts": "2026-09-27T01:07:13.662811+00:00", "level": "INFO", "logger": "app.scheduler.manager", "msg": "scheduler.task_done", "request_id": "-", "provider": "-", "job": "market_1h", "status": "success", "ok": true}
{"ts": "2026-09-27T01:07:43.750365+00:00", "level": "INFO", "logger": "app.scheduler.manager", "msg": "scheduler.task_done", "request_id": "-", "provider": "-", "job": "market_tick", "status": "success", "ok": true}
{"ts": "2026-09-27T01:08:13.118706+00:00", "level": "INFO", "logger": "app.scheduler.manager", "msg": "scheduler.task_done", "request_id": "-", "provider": "-", "job": "market_tick", "status": "success", "ok": true}
{"ts": "2026-09-27T01:08:43.130765+00:00", "level": "INFO", "logger": "app.scheduler.manager", "msg": "scheduler.task_done", "request_id": "-", "provider": "-", "job": "market_tick", "status": "success", "ok": true}
{"ts": "2026-09-27T01:09:12.780701+00:00", "level": "INFO", "logger": "app.scheduler.manager", "msg": "scheduler.task_done", "request_id": "-", "provider": "-", "job": "health_probe", "status": "success", "ok": true}
{"ts": "2026-09-27T01:09:13.101452+00:00", "level": "INFO", "logger": "app.scheduler.manager", "msg": "scheduler.task_done", "request_id": "-", "provider": "-", "job": "market_tick", "status": "success", "ok": true}
{"ts": "2026-09-27T01:09:43.098088+00:00", "level": "INFO", "logger": "app.scheduler.manager", "msg": "scheduler.task_done", "request_id": "-", "provider": "-", "job": "market_tick", "status": "success", "ok": true}
{"ts": "2026-09-27T01:10:13.112284+00:00", "level": "INFO", "logger": "app.scheduler.manager", "msg": "scheduler.task_done", "request_id": "-", "provider": "-", "job": "market_tick", "status": "success", "ok": true}
{"ts": "2026-09-27T01:10:43.099143+00:00", "level": "INFO", "logger": "app.scheduler.manager", "msg": "scheduler.task_done", "request_id": "-", "provider": "-", "job": "market_tick", "status": "success", "ok": true}
{"ts": "2026-09-27T01:11:12.781858+00:00", "level": "INFO", "logger": "app.scheduler.manager", "msg": "scheduler.task_done", "request_id": "-", "provider": "-", "job": "health_probe", "status": "success", "ok": true}
{"ts": "2026-09-27T01:11:13.161679+00:00", "level": "INFO", "logger": "app.scheduler.manager", "msg": "scheduler.task_done", "request_id": "-", "provider": "-", "job": "market_tick", "status": "success", "ok": true}
{"ts": "2026-09-27T01:11:43.134560+00:00", "level": "INFO", "logger": "app.scheduler.manager", "msg": "scheduler.task_done", "request_id": "-", "provider": "-", "job": "market_tick", "status": "success", "ok": true}
{"ts": "2026-09-27T01:12:13.261424+00:00", "level": "INFO", "logger": "app.scheduler.manager", "msg": "scheduler.task_done", "request_id": "-", "provider": "-", "job": "market_1h", "status": "success", "ok": true}
{"ts": "2026-09-27T01:12:13.530160+00:00", "level": "INFO", "logger": "app.scheduler.manager", "msg": "scheduler.task_done", "request_id": "-", "provider": "-", "job": "derivatives", "status": "success", "ok": true}
{"ts": "2026-09-27T01:12:13.777065+00:00", "level": "INFO", "logger": "app.scheduler.manager", "msg": "scheduler.task_done", "request_id": "-", "provider": "-", "job": "market_tick", "status": "success", "ok": true}
{"ts": "2026-09-27T01:12:43.588102+00:00", "level": "INFO", "logger": "app.scheduler.manager", "msg": "scheduler.task_done", "request_id": "-", "provider": "-", "job": "market_tick", "status": "success", "ok": true}
{"ts": "2026-09-27T01:13:12.781111+00:00", "level": "INFO", "logger": "app.scheduler.manager", "msg": "scheduler.task_done", "request_id": "-", "provider": "-", "job": "health_probe", "status": "success", "ok": true}
{"ts": "2026-09-27T01:13:13.122313+00:00", "level": "INFO", "logger": "app.scheduler.manager", "msg": "scheduler.task_done", "request_id": "-", "provider": "-", "job": "market_tick", "status": "success", "ok": true}
{"ts": "2026-09-27T01:13:43.113512+00:00", "level": "INFO", "logger": "app.scheduler.manager", "msg": "scheduler.task_done", "request_id": "-", "provider": "-", "job": "market_tick", "status": "success", "ok": true}
{"ts": "2026-09-27T01:14:13.109920+00:00", "level": "INFO", "logger": "app.scheduler.manager", "msg": "scheduler.task_done", "request_id": "-", "provider": "-", "job": "market_tick", "status": "success", "ok": true}
{"ts": "2026-09-27T01:14:43.112231+00:00", "level": "INFO", "logger": "app.scheduler.manager", "msg": "scheduler.task_done", "request_id": "-", "provider": "-", "job": "market_tick", "status": "success", "ok": true}
{"ts": "2026-09-27T01:15:12.778027+00:00", "level": "INFO", "logger": "app.scheduler.manager", "msg": "scheduler.task_done", "request_id": "-", "provider": "-", "job": "health_probe", "status": "success", "ok": true}
{"ts": "2026-09-27T01:15:13.127897+00:00", "level": "INFO", "logger": "app.scheduler.manager", "msg": "scheduler.task_done", "request_id": "-", "provider": "-", "job": "market_tick", "status": "success", "ok": true}
{"ts": "2026-09-27T01:15:43.151047+00:00", "level": "INFO", "logger": "app.scheduler.manager", "msg": "scheduler.task_done", "request_id": "-", "provider": "-", "job": "market_tick", "status": "success", "ok": true}
{"ts": "2026-09-27T01:16:13.753292+00:00", "level": "INFO", "logger": "app.scheduler.manager", "msg": "scheduler.task_done", "request_id": "-", "provider": "-", "job": "market_tick", "status": "success", "ok": true}
{"ts": "2026-09-27T01:16:43.416290+00:00", "level": "INFO", "logger": "app.scheduler.manager", "msg": "scheduler.task_done", "request_id": "-", "provider": "-", "job": "market_tick", "status": "success", "ok": true}
{"ts": "2026-09-27T01:17:12.789915+00:00", "level": "INFO", "logger": "app.scheduler.manager", "msg": "scheduler.task_done", "request_id": "-", "provider": "-", "job": "health_probe", "status": "success", "ok": true}
{"ts": "2026-09-27T01:17:12.870427+00:00", "level": "INFO", "logger": "app.scheduler.manager", "msg": "scheduler.task_done", "request_id": "-", "provider": "-", "job": "quality", "status": "success", "ok": true}
{"ts": "2026-09-27T01:17:12.888708+00:00", "level": "INFO", "logger": "app.scheduler.manager", "msg": "scheduler.task_done", "request_id": "-", "provider": "-", "job": "gap_repair", "status": "success", "ok": true}
{"ts": "2026-09-27T01:17:12.950653+00:00", "level": "INFO", "logger": "app.scheduler.manager", "msg": "scheduler.task_done", "request_id": "-", "provider": "-", "job": "market_1d", "status": "success", "ok": true}
{"ts": "2026-09-27T01:17:13.342630+00:00", "level": "INFO", "logger": "app.scheduler.manager", "msg": "scheduler.task_done", "request_id": "-", "provider": "-", "job": "market_1h", "status": "success", "ok": true}
{"ts": "2026-09-27T01:17:13.425292+00:00", "level": "INFO", "logger": "app.scheduler.manager", "msg": "scheduler.task_done", "request_id": "-", "provider": "-", "job": "derivatives", "status": "success", "ok": true}
{"ts": "2026-09-27T01:17:13.702395+00:00", "level": "INFO", "logger": "app.scheduler.manager", "msg": "scheduler.task_done", "request_id": "-", "provider": "-", "job": "onchain", "status": "success", "ok": true}
{"ts": "2026-09-27T01:17:13.976686+00:00", "level": "INFO", "logger": "app.scheduler.manager", "msg": "scheduler.task_done", "request_id": "-", "provider": "-", "job": "sentiment", "status": "success", "ok": true}
{"ts": "2026-09-27T01:17:14.957085+00:00", "level": "INFO", "logger": "app.scheduler.manager", "msg": "scheduler.task_done", "request_id": "-", "provider": "-", "job": "market_tick", "status": "success", "ok": true}
{"ts": "2026-09-27T01:17:43.104863+00:00", "level": "INFO", "logger": "app.scheduler.manager", "msg": "scheduler.task_done", "request_id": "-", "provider": "-", "job": "market_tick", "status": "success", "ok": true}
{"ts": "2026-09-27T01:18:13.106123+00:00", "level": "INFO", "logger": "app.scheduler.manager", "msg": "scheduler.task_done", "request_id": "-", "provider": "-", "job": "market_tick", "status": "success", "ok": true}
{"ts": "2026-09-27T01:18:43.131948+00:00", "level": "INFO", "logger": "app.scheduler.manager", "msg": "scheduler.task_done", "request_id": "-", "provider": "-", "job": "market_tick", "status": "success", "ok": true}
{"ts": "2026-09-27T01:19:12.778087+00:00", "level": "INFO", "logger": "app.scheduler.manager", "msg": "scheduler.task_done", "request_id": "-", "provider": "-", "job": "health_probe", "status": "success", "ok": true}
{"ts": "2026-09-27T01:19:14.394020+00:00", "level": "INFO", "logger": "app.scheduler.manager", "msg": "scheduler.task_done", "request_id": "-", "provider": "-", "job": "market_tick", "status": "success", "ok": true}
{"ts": "2026-09-27T01:19:43.105976+00:00", "level": "INFO", "logger": "app.scheduler.manager", "msg": "scheduler.task_done", "request_id": "-", "provider": "-", "job": "market_tick", "status": "success", "ok": true}
{"ts": "2026-09-27T01:20:13.081353+00:00", "level": "INFO", "logger": "app.scheduler.manager", "msg": "scheduler.task_done", "request_id": "-", "provider": "-", "job": "market_tick", "status": "success", "ok": true}
{"ts": "2026-09-27T01:20:43.089047+00:00", "level": "INFO", "logger": "app.scheduler.manager", "msg": "scheduler.task_done", "request_id": "-", "provider": "-", "job": "market_tick", "status": "success", "ok": true}
{"ts": "2026-09-27T01:21:12.781655+00:00", "level": "INFO", "logger": "app.scheduler.manager", "msg": "scheduler.task_done", "request_id": "-", "provider": "-", "job": "health_probe", "status": "success", "ok": true}
{"ts": "2026-09-27T01:21:13.101772+00:00", "level": "INFO", "logger": "app.scheduler.manager", "msg": "scheduler.task_done", "request_id": "-", "provider": "-", "job": "market_tick", "status": "success", "ok": true}
{"ts": "2026-09-27T01:21:43.316959+00:00", "level": "INFO", "logger": "app.scheduler.manager", "msg": "scheduler.task_done", "request_id": "-", "provider": "-", "job": "market_tick", "status": "success", "ok": true}
{"ts": "2026-09-27T01:22:13.133197+00:00", "level": "INFO", "logger": "app.scheduler.manager", "msg": "scheduler.task_done", "request_id": "-", "provider": "-", "job": "market_tick", "status": "success", "ok": true}
{"ts": "2026-09-27T01:22:13.271742+00:00", "level": "INFO", "logger": "app.scheduler.manager", "msg": "scheduler.task_done", "request_id": "-", "provider": "-", "job": "market_1h", "status": "success", "ok": true}
{"ts": "2026-09-27T01:22:13.379504+00:00", "level": "INFO", "logger": "app.scheduler.manager", "msg": "scheduler.task_done", "request_id": "-", "provider": "-", "job": "derivatives", "status": "success", "ok": true}
{"ts": "2026-09-27T01:22:43.101403+00:00", "level": "INFO", "logger": "app.scheduler.manager", "msg": "scheduler.task_done", "request_id": "-", "provider": "-", "job": "market_tick", "status": "success", "ok": true}
{"ts": "2026-09-27T01:23:12.787642+00:00", "level": "INFO", "logger": "app.scheduler.manager", "msg": "scheduler.task_done", "request_id": "-", "provider": "-", "job": "health_probe", "status": "success", "ok": true}
{"ts": "2026-09-27T01:23:13.119957+00:00", "level": "INFO", "logger": "app.scheduler.manager", "msg": "scheduler.task_done", "request_id": "-", "provider": "-", "job": "market_tick", "status": "success", "ok": true}
{"ts": "2026-09-27T01:23:43.098194+00:00", "level": "INFO", "logger": "app.scheduler.manager", "msg": "scheduler.task_done", "request_id": "-", "provider": "-", "job": "market_tick", "status": "success", "ok": true}
{"ts": "2026-09-27T01:24:13.353368+00:00", "level": "INFO", "logger": "app.scheduler.manager", "msg": "scheduler.task_done", "request_id": "-", "provider": "-", "job": "market_tick", "status": "success", "ok": true}
{"ts": "2026-09-27T01:24:43.114149+00:00", "level": "INFO", "logger": "app.scheduler.manager", "msg": "scheduler.task_done", "request_id": "-", "provider": "-", "job": "market_tick", "status": "success", "ok": true}
{"ts": "2026-09-27T01:25:12.775653+00:00", "level": "INFO", "logger": "app.scheduler.manager", "msg": "scheduler.task_done", "request_id": "-", "provider": "-", "job": "health_probe", "status": "success", "ok": true}
{"ts": "2026-09-27T01:25:13.103934+00:00", "level": "INFO", "logger": "app.scheduler.manager", "msg": "scheduler.task_done", "request_id": "-", "provider": "-", "job": "market_tick", "status": "success", "ok": true}
{"ts": "2026-09-27T01:25:43.109372+00:00", "level": "INFO", "logger": "app.scheduler.manager", "msg": "scheduler.task_done", "request_id": "-", "provider": "-", "job": "market_tick", "status": "success", "ok": true}
{"ts": "2026-09-27T01:26:13.110244+00:00", "level": "INFO", "logger": "app.scheduler.manager", "msg": "scheduler.task_done", "request_id": "-", "provider": "-", "job": "market_tick", "status": "success", "ok": true}
{"ts": "2026-09-27T01:26:43.735010+00:00", "level": "INFO", "logger": "app.scheduler.manager", "msg": "scheduler.task_done", "request_id": "-", "provider": "-", "job": "market_tick", "status": "success", "ok": true}
{"ts": "2026-09-27T01:27:12.774277+00:00", "level": "INFO", "logger": "app.scheduler.manager", "msg": "scheduler.task_done", "request_id": "-", "provider": "-", "job": "health_probe", "status": "success", "ok": true}
{"ts": "2026-09-27T01:27:13.243727+00:00", "level": "INFO", "logger": "app.scheduler.manager", "msg": "scheduler.task_done", "request_id": "-", "provider": "-", "job": "market_1h", "status": "success", "ok": true}
{"ts": "2026-09-27T01:27:13.376658+00:00", "level": "INFO", "logger": "app.scheduler.manager", "msg": "scheduler.task_done", "request_id": "-", "provider": "-", "job": "derivatives", "status": "success", "ok": true}
{"ts": "2026-09-27T01:27:15.132363+00:00", "level": "INFO", "logger": "app.scheduler.manager", "msg": "scheduler.task_done", "request_id": "-", "provider": "-", "job": "market_tick", "status": "success", "ok": true}
{"ts": "2026-09-27T01:27:43.110168+00:00", "level": "INFO", "logger": "app.scheduler.manager", "msg": "scheduler.task_done", "request_id": "-", "provider": "-", "job": "market_tick", "status": "success", "ok": true}
{"ts": "2026-09-27T01:28:13.117915+00:00", "level": "INFO", "logger": "app.scheduler.manager", "msg": "scheduler.task_done", "request_id": "-", "provider": "-", "job": "market_tick", "status": "success", "ok": true}
{"ts": "2026-09-27T01:28:43.106156+00:00", "level": "INFO", "logger": "app.scheduler.manager", "msg": "scheduler.task_done", "request_id": "-", "provider": "-", "job": "market_tick", "status": "success", "ok": true}
{"ts": "2026-09-27T01:29:12.784455+00:00", "level": "INFO", "logger": "app.scheduler.manager", "msg": "scheduler.task_done", "request_id": "-", "provider": "-", "job": "health_probe", "status": "success", "ok": true}
{"ts": "2026-09-27T01:29:13.120857+00:00", "level": "INFO", "logger": "app.scheduler.manager", "msg": "scheduler.task_done", "request_id": "-", "provider": "-", "job": "market_tick", "status": "success", "ok": true}
{"ts": "2026-09-27T01:29:43.127176+00:00", "level": "INFO", "logger": "app.scheduler.manager", "msg": "scheduler.task_done", "request_id": "-", "provider": "-", "job": "market_tick", "status": "success", "ok": true}
{"ts": "2026-09-27T01:30:13.120103+00:00", "level": "INFO", "logger": "app.scheduler.manager", "msg": "scheduler.task_done", "request_id": "-", "provider": "-", "job": "market_tick", "status": "success", "ok": true}
{"ts": "2026-09-27T01:30:43.756255+00:00", "level": "INFO", "logger": "app.scheduler.manager", "msg": "scheduler.task_done", "request_id": "-", "provider": "-", "job": "market_tick", "status": "success", "ok": true}
{"ts": "2026-09-27T01:31:12.781240+00:00", "level": "INFO", "logger": "app.scheduler.manager", "msg": "scheduler.task_done", "request_id": "-", "provider": "-", "job": "health_probe", "status": "success", "ok": true}
{"ts": "2026-09-27T01:31:13.108897+00:00", "level": "INFO", "logger": "app.scheduler.manager", "msg": "scheduler.task_done", "request_id": "-", "provider": "-", "job": "market_tick", "status": "success", "ok": true}
{"ts": "2026-09-27T01:31:43.129481+00:00", "level": "INFO", "logger": "app.scheduler.manager", "msg": "scheduler.task_done", "request_id": "-", "provider": "-", "job": "market_tick", "status": "success", "ok": true}
{"ts": "2026-09-27T01:32:12.890695+00:00", "level": "INFO", "logger": "app.scheduler.manager", "msg": "scheduler.task_done", "request_id": "-", "provider": "-", "job": "market_1h", "status": "success", "ok": true}
{"ts": "2026-09-27T01:32:13.412480+00:00", "level": "INFO", "logger": "app.scheduler.manager", "msg": "scheduler.task_done", "request_id": "-", "provider": "-", "job": "derivatives", "status": "success", "ok": true}
{"ts": "2026-09-27T01:32:14.310107+00:00", "level": "INFO", "logger": "app.scheduler.manager", "msg": "scheduler.task_done", "request_id": "-", "provider": "-", "job": "market_tick", "status": "success", "ok": true}
{"ts": "2026-09-27T01:32:43.126596+00:00", "level": "INFO", "logger": "app.scheduler.manager", "msg": "scheduler.task_done", "request_id": "-", "provider": "-", "job": "market_tick", "status": "success", "ok": true}
{"ts": "2026-09-27T01:33:12.781277+00:00", "level": "INFO", "logger": "app.scheduler.manager", "msg": "scheduler.task_done", "request_id": "-", "provider": "-", "job": "health_probe", "status": "success", "ok": true}
{"ts": "2026-09-27T01:33:15.301886+00:00", "level": "INFO", "logger": "app.scheduler.manager", "msg": "scheduler.task_done", "request_id": "-", "provider": "-", "job": "market_tick", "status": "success", "ok": true}
{"ts": "2026-09-27T01:33:43.124334+00:00", "level": "INFO", "logger": "app.scheduler.manager", "msg": "scheduler.task_done", "request_id": "-", "provider": "-", "job": "market_tick", "status": "success", "ok": true}
{"ts": "2026-09-27T01:34:13.129961+00:00", "level": "INFO", "logger": "app.scheduler.manager", "msg": "scheduler.task_done", "request_id": "-", "provider": "-", "job": "market_tick", "status": "success", "ok": true}
{"ts": "2026-09-27T01:34:43.104260+00:00", "level": "INFO", "logger": "app.scheduler.manager", "msg": "scheduler.task_done", "request_id": "-", "provider": "-", "job": "market_tick", "status": "success", "ok": true}
{"ts": "2026-09-27T01:35:12.779282+00:00", "level": "INFO", "logger": "app.scheduler.manager", "msg": "scheduler.task_done", "request_id": "-", "provider": "-", "job": "health_probe", "status": "success", "ok": true}
{"ts": "2026-09-27T01:35:13.139750+00:00", "level": "INFO", "logger": "app.scheduler.manager", "msg": "scheduler.task_done", "request_id": "-", "provider": "-", "job": "market_tick", "status": "success", "ok": true}
{"ts": "2026-09-27T01:35:43.122560+00:00", "level": "INFO", "logger": "app.scheduler.manager", "msg": "scheduler.task_done", "request_id": "-", "provider": "-", "job": "market_tick", "status": "success", "ok": true}
{"ts": "2026-09-27T01:36:13.118597+00:00", "level": "INFO", "logger": "app.scheduler.manager", "msg": "scheduler.task_done", "request_id": "-", "provider": "-", "job": "market_tick", "status": "success", "ok": true}
{"ts": "2026-09-27T01:36:43.131231+00:00", "level": "INFO", "logger": "app.scheduler.manager", "msg": "scheduler.task_done", "request_id": "-", "provider": "-", "job": "market_tick", "status": "success", "ok": true}
{"ts": "2026-09-27T01:37:12.774651+00:00", "level": "INFO", "logger": "app.scheduler.manager", "msg": "scheduler.task_done", "request_id": "-", "provider": "-", "job": "health_probe", "status": "success", "ok": true}
{"ts": "2026-09-27T01:37:13.115999+00:00", "level": "INFO", "logger": "app.scheduler.manager", "msg": "scheduler.task_done", "request_id": "-", "provider": "-", "job": "market_tick", "status": "success", "ok": true}
{"ts": "2026-09-27T01:37:13.272215+00:00", "level": "INFO", "logger": "app.scheduler.manager", "msg": "scheduler.task_done", "request_id": "-", "provider": "-", "job": "market_1h", "status": "success", "ok": true}
{"ts": "2026-09-27T01:37:13.436351+00:00", "level": "INFO", "logger": "app.scheduler.manager", "msg": "scheduler.task_done", "request_id": "-", "provider": "-", "job": "derivatives", "status": "success", "ok": true}
{"ts": "2026-09-27T01:37:43.108035+00:00", "level": "INFO", "logger": "app.scheduler.manager", "msg": "scheduler.task_done", "request_id": "-", "provider": "-", "job": "market_tick", "status": "success", "ok": true}
{"ts": "2026-09-27T01:38:13.113100+00:00", "level": "INFO", "logger": "app.scheduler.manager", "msg": "scheduler.task_done", "request_id": "-", "provider": "-", "job": "market_tick", "status": "success", "ok": true}
{"ts": "2026-09-27T01:38:43.121981+00:00", "level": "INFO", "logger": "app.scheduler.manager", "msg": "scheduler.task_done", "request_id": "-", "provider": "-", "job": "market_tick", "status": "success", "ok": true}
{"ts": "2026-09-27T01:39:12.773471+00:00", "level": "INFO", "logger": "app.scheduler.manager", "msg": "scheduler.task_done", "request_id": "-", "provider": "-", "job": "health_probe", "status": "success", "ok": true}
{"ts": "2026-09-27T01:39:13.114237+00:00", "level": "INFO", "logger": "app.scheduler.manager", "msg": "scheduler.task_done", "request_id": "-", "provider": "-", "job": "market_tick", "status": "success", "ok": true}
{"ts": "2026-09-27T01:39:43.139438+00:00", "level": "INFO", "logger": "app.scheduler.manager", "msg": "scheduler.task_done", "request_id": "-", "provider": "-", "job": "market_tick", "status": "success", "ok": true}
{"ts": "2026-09-27T01:40:13.740951+00:00", "level": "INFO", "logger": "app.scheduler.manager", "msg": "scheduler.task_done", "request_id": "-", "provider": "-", "job": "market_tick", "status": "success", "ok": true}
{"ts": "2026-09-27T01:40:43.128042+00:00", "level": "INFO", "logger": "app.scheduler.manager", "msg": "scheduler.task_done", "request_id": "-", "provider": "-", "job": "market_tick", "status": "success", "ok": true}
{"ts": "2026-09-27T01:41:12.783795+00:00", "level": "INFO", "logger": "app.scheduler.manager", "msg": "scheduler.task_done", "request_id": "-", "provider": "-", "job": "health_probe", "status": "success", "ok": true}
{"ts": "2026-09-27T01:41:15.270492+00:00", "level": "INFO", "logger": "app.scheduler.manager", "msg": "scheduler.task_done", "request_id": "-", "provider": "-", "job": "market_tick", "status": "success", "ok": true}
{"ts": "2026-09-27T01:41:43.125022+00:00", "level": "INFO", "logger": "app.scheduler.manager", "msg": "scheduler.task_done", "request_id": "-", "provider": "-", "job": "market_tick", "status": "success", "ok": true}
{"ts": "2026-09-27T01:42:12.888644+00:00", "level": "INFO", "logger": "app.scheduler.manager", "msg": "scheduler.task_done", "request_id": "-", "provider": "-", "job": "market_1h", "status": "success", "ok": true}
{"ts": "2026-09-27T01:42:13.368054+00:00", "level": "INFO", "logger": "app.scheduler.manager", "msg": "scheduler.task_done", "request_id": "-", "provider": "-", "job": "derivatives", "status": "success", "ok": true}
{"ts": "2026-09-27T01:42:14.816949+00:00", "level": "INFO", "logger": "app.scheduler.manager", "msg": "scheduler.task_done", "request_id": "-", "provider": "-", "job": "market_tick", "status": "success", "ok": true}
{"ts": "2026-09-27T01:42:43.387771+00:00", "level": "INFO", "logger": "app.scheduler.manager", "msg": "scheduler.task_done", "request_id": "-", "provider": "-", "job": "market_tick", "status": "success", "ok": true}
{"ts": "2026-09-27T01:43:12.781380+00:00", "level": "INFO", "logger": "app.scheduler.manager", "msg": "scheduler.task_done", "request_id": "-", "provider": "-", "job": "health_probe", "status": "success", "ok": true}
{"ts": "2026-09-27T01:43:15.029547+00:00", "level": "INFO", "logger": "app.scheduler.manager", "msg": "scheduler.task_done", "request_id": "-", "provider": "-", "job": "market_tick", "status": "success", "ok": true}
{"ts": "2026-09-27T01:43:43.116145+00:00", "level": "INFO", "logger": "app.scheduler.manager", "msg": "scheduler.task_done", "request_id": "-", "provider": "-", "job": "market_tick", "status": "success", "ok": true}
{"ts": "2026-09-27T01:44:13.153480+00:00", "level": "INFO", "logger": "app.scheduler.manager", "msg": "scheduler.task_done", "request_id": "-", "provider": "-", "job": "market_tick", "status": "success", "ok": true}
{"ts": "2026-09-27T01:44:43.199757+00:00", "level": "INFO", "logger": "app.scheduler.manager", "msg": "scheduler.task_done", "request_id": "-", "provider": "-", "job": "market_tick", "status": "success", "ok": true}
{"ts": "2026-09-27T01:45:12.780310+00:00", "level": "INFO", "logger": "app.scheduler.manager", "msg": "scheduler.task_done", "request_id": "-", "provider": "-", "job": "health_probe", "status": "success", "ok": true}
{"ts": "2026-09-27T01:45:13.139822+00:00", "level": "INFO", "logger": "app.scheduler.manager", "msg": "scheduler.task_done", "request_id": "-", "provider": "-", "job": "market_tick", "status": "success", "ok": true}
{"ts": "2026-09-27T01:45:43.131406+00:00", "level": "INFO", "logger": "app.scheduler.manager", "msg": "scheduler.task_done", "request_id": "-", "provider": "-", "job": "market_tick", "status": "success", "ok": true}
{"ts": "2026-09-27T01:46:13.117866+00:00", "level": "INFO", "logger": "app.scheduler.manager", "msg": "scheduler.task_done", "request_id": "-", "provider": "-", "job": "market_tick", "status": "success", "ok": true}
{"ts": "2026-09-27T01:46:43.425482+00:00", "level": "INFO", "logger": "app.scheduler.manager", "msg": "scheduler.task_done", "request_id": "-", "provider": "-", "job": "market_tick", "status": "success", "ok": true}
{"ts": "2026-09-27T01:47:12.780893+00:00", "level": "INFO", "logger": "app.scheduler.manager", "msg": "scheduler.task_done", "request_id": "-", "provider": "-", "job": "health_probe", "status": "success", "ok": true}
{"ts": "2026-09-27T01:47:13.217334+00:00", "level": "INFO", "logger": "app.scheduler.manager", "msg": "scheduler.task_done", "request_id": "-", "provider": "-", "job": "market_1d", "status": "success", "ok": true}
{"ts": "2026-09-27T01:47:13.222916+00:00", "level": "INFO", "logger": "app.scheduler.manager", "msg": "scheduler.task_done", "request_id": "-", "provider": "-", "job": "market_1h", "status": "success", "ok": true}
{"ts": "2026-09-27T01:47:13.434035+00:00", "level": "INFO", "logger": "app.scheduler.manager", "msg": "scheduler.task_done", "request_id": "-", "provider": "-", "job": "market_tick", "status": "success", "ok": true}
{"ts": "2026-09-27T01:47:13.439864+00:00", "level": "INFO", "logger": "app.scheduler.manager", "msg": "scheduler.task_done", "request_id": "-", "provider": "-", "job": "derivatives", "status": "success", "ok": true}
{"ts": "2026-09-27T01:47:43.132164+00:00", "level": "INFO", "logger": "app.scheduler.manager", "msg": "scheduler.task_done", "request_id": "-", "provider": "-", "job": "market_tick", "status": "success", "ok": true}
{"ts": "2026-09-27T01:48:13.114066+00:00", "level": "INFO", "logger": "app.scheduler.manager", "msg": "scheduler.task_done", "request_id": "-", "provider": "-", "job": "market_tick", "status": "success", "ok": true}
{"ts": "2026-09-27T01:48:43.143243+00:00", "level": "INFO", "logger": "app.scheduler.manager", "msg": "scheduler.task_done", "request_id": "-", "provider": "-", "job": "market_tick", "status": "success", "ok": true}
{"ts": "2026-09-27T01:49:12.778980+00:00", "level": "INFO", "logger": "app.scheduler.manager", "msg": "scheduler.task_done", "request_id": "-", "provider": "-", "job": "health_probe", "status": "success", "ok": true}
{"ts": "2026-09-27T01:49:13.390670+00:00", "level": "INFO", "logger": "app.scheduler.manager", "msg": "scheduler.task_done", "request_id": "-", "provider": "-", "job": "market_tick", "status": "success", "ok": true}
{"ts": "2026-09-27T01:49:43.420176+00:00", "level": "INFO", "logger": "app.scheduler.manager", "msg": "scheduler.task_done", "request_id": "-", "provider": "-", "job": "market_tick", "status": "success", "ok": true}
{"ts": "2026-09-27T01:50:15.073266+00:00", "level": "INFO", "logger": "app.scheduler.manager", "msg": "scheduler.task_done", "request_id": "-", "provider": "-", "job": "market_tick", "status": "success", "ok": true}
{"ts": "2026-09-27T01:50:43.440520+00:00", "level": "INFO", "logger": "app.scheduler.manager", "msg": "scheduler.task_done", "request_id": "-", "provider": "-", "job": "market_tick", "status": "success", "ok": true}
{"ts": "2026-09-27T01:51:12.788969+00:00", "level": "INFO", "logger": "app.scheduler.manager", "msg": "scheduler.task_done", "request_id": "-", "provider": "-", "job": "health_probe", "status": "success", "ok": true}
{"ts": "2026-09-27T01:51:13.119619+00:00", "level": "INFO", "logger": "app.scheduler.manager", "msg": "scheduler.task_done", "request_id": "-", "provider": "-", "job": "market_tick", "status": "success", "ok": true}
{"ts": "2026-09-27T01:51:43.125340+00:00", "level": "INFO", "logger": "app.scheduler.manager", "msg": "scheduler.task_done", "request_id": "-", "provider": "-", "job": "market_tick", "status": "success", "ok": true}
{"ts": "2026-09-27T01:52:13.153614+00:00", "level": "INFO", "logger": "app.scheduler.manager", "msg": "scheduler.task_done", "request_id": "-", "provider": "-", "job": "market_tick", "status": "success", "ok": true}
{"ts": "2026-09-27T01:52:13.245025+00:00", "level": "INFO", "logger": "app.scheduler.manager", "msg": "scheduler.task_done", "request_id": "-", "provider": "-", "job": "market_1h", "status": "success", "ok": true}
{"ts": "2026-09-27T01:52:13.403525+00:00", "level": "INFO", "logger": "app.scheduler.manager", "msg": "scheduler.task_done", "request_id": "-", "provider": "-", "job": "derivatives", "status": "success", "ok": true}
{"ts": "2026-09-27T01:52:43.123477+00:00", "level": "INFO", "logger": "app.scheduler.manager", "msg": "scheduler.task_done", "request_id": "-", "provider": "-", "job": "market_tick", "status": "success", "ok": true}
{"ts": "2026-09-27T01:53:12.781095+00:00", "level": "INFO", "logger": "app.scheduler.manager", "msg": "scheduler.task_done", "request_id": "-", "provider": "-", "job": "health_probe", "status": "success", "ok": true}
{"ts": "2026-09-27T01:53:13.147551+00:00", "level": "INFO", "logger": "app.scheduler.manager", "msg": "scheduler.task_done", "request_id": "-", "provider": "-", "job": "market_tick", "status": "success", "ok": true}
{"ts": "2026-09-27T01:53:43.137997+00:00", "level": "INFO", "logger": "app.scheduler.manager", "msg": "scheduler.task_done", "request_id": "-", "provider": "-", "job": "market_tick", "status": "success", "ok": true}
{"ts": "2026-09-27T01:54:15.880663+00:00", "level": "INFO", "logger": "app.scheduler.manager", "msg": "scheduler.task_done", "request_id": "-", "provider": "-", "job": "market_tick", "status": "success", "ok": true}
{"ts": "2026-09-27T01:54:43.381225+00:00", "level": "INFO", "logger": "app.scheduler.manager", "msg": "scheduler.task_done", "request_id": "-", "provider": "-", "job": "market_tick", "status": "success", "ok": true}
{"ts": "2026-09-27T01:55:12.775962+00:00", "level": "INFO", "logger": "app.scheduler.manager", "msg": "scheduler.task_done", "request_id": "-", "provider": "-", "job": "health_probe", "status": "success", "ok": true}
{"ts": "2026-09-27T01:55:13.183018+00:00", "level": "INFO", "logger": "app.scheduler.manager", "msg": "scheduler.task_done", "request_id": "-", "provider": "-", "job": "market_tick", "status": "success", "ok": true}
{"ts": "2026-09-27T01:55:43.308246+00:00", "level": "INFO", "logger": "app.scheduler.manager", "msg": "scheduler.task_done", "request_id": "-", "provider": "-", "job": "market_tick", "status": "success", "ok": true}
{"ts": "2026-09-27T01:56:15.010640+00:00", "level": "INFO", "logger": "app.scheduler.manager", "msg": "scheduler.task_done", "request_id": "-", "provider": "-", "job": "market_tick", "status": "success", "ok": true}
{"ts": "2026-09-27T01:56:43.198184+00:00", "level": "INFO", "logger": "app.scheduler.manager", "msg": "scheduler.task_done", "request_id": "-", "provider": "-", "job": "market_tick", "status": "success", "ok": true}
{"ts": "2026-09-27T01:57:12.787401+00:00", "level": "INFO", "logger": "app.scheduler.manager", "msg": "scheduler.task_done", "request_id": "-", "provider": "-", "job": "health_probe", "status": "success", "ok": true}
{"ts": "2026-09-27T01:57:13.227028+00:00", "level": "INFO", "logger": "app.scheduler.manager", "msg": "scheduler.task_done", "request_id": "-", "provider": "-", "job": "market_1h", "status": "success", "ok": true}
{"ts": "2026-09-27T01:57:13.428663+00:00", "level": "INFO", "logger": "app.scheduler.manager", "msg": "scheduler.task_done", "request_id": "-", "provider": "-", "job": "derivatives", "status": "success", "ok": true}
{"ts": "2026-09-27T01:57:13.443993+00:00", "level": "INFO", "logger": "app.scheduler.manager", "msg": "scheduler.task_done", "request_id": "-", "provider": "-", "job": "market_tick", "status": "success", "ok": true}
{"ts": "2026-09-27T01:57:43.991547+00:00", "level": "INFO", "logger": "app.scheduler.manager", "msg": "scheduler.task_done", "request_id": "-", "provider": "-", "job": "market_tick", "status": "success", "ok": true}
{"ts": "2026-09-27T01:58:13.293369+00:00", "level": "INFO", "logger": "app.scheduler.manager", "msg": "scheduler.task_done", "request_id": "-", "provider": "-", "job": "market_tick", "status": "success", "ok": true}
{"ts": "2026-09-27T01:58:43.309502+00:00", "level": "INFO", "logger": "app.scheduler.manager", "msg": "scheduler.task_done", "request_id": "-", "provider": "-", "job": "market_tick", "status": "success", "ok": true}
{"ts": "2026-09-27T01:59:12.788880+00:00", "level": "INFO", "logger": "app.scheduler.manager", "msg": "scheduler.task_done", "request_id": "-", "provider": "-", "job": "health_probe", "status": "success", "ok": true}
{"ts": "2026-09-27T01:59:13.394875+00:00", "level": "INFO", "logger": "app.scheduler.manager", "msg": "scheduler.task_done", "request_id": "-", "provider": "-", "job": "market_tick", "status": "success", "ok": true}
{"ts": "2026-09-27T01:59:43.294123+00:00", "level": "INFO", "logger": "app.scheduler.manager", "msg": "scheduler.task_done", "request_id": "-", "provider": "-", "job": "market_tick", "status": "success", "ok": true}
{"ts": "2026-09-27T02:00:13.284721+00:00", "level": "INFO", "logger": "app.scheduler.manager", "msg": "scheduler.task_done", "request_id": "-", "provider": "-", "job": "market_tick", "status": "success", "ok": true}
{"ts": "2026-09-27T02:00:43.270736+00:00", "level": "INFO", "logger": "app.scheduler.manager", "msg": "scheduler.task_done", "request_id": "-", "provider": "-", "job": "market_tick", "status": "success", "ok": true}
{"ts": "2026-09-27T02:01:12.779758+00:00", "level": "INFO", "logger": "app.scheduler.manager", "msg": "scheduler.task_done", "request_id": "-", "provider": "-", "job": "health_probe", "status": "success", "ok": true}
{"ts": "2026-09-27T02:01:13.437211+00:00", "level": "INFO", "logger": "app.scheduler.manager", "msg": "scheduler.task_done", "request_id": "-", "provider": "-", "job": "market_tick", "status": "success", "ok": true}
{"ts": "2026-09-27T02:01:44.065318+00:00", "level": "INFO", "logger": "app.scheduler.manager", "msg": "scheduler.task_done", "request_id": "-", "provider": "-", "job": "market_tick", "status": "success", "ok": true}
{"ts": "2026-09-27T02:02:13.249971+00:00", "level": "INFO", "logger": "app.scheduler.manager", "msg": "scheduler.task_done", "request_id": "-", "provider": "-", "job": "market_1h", "status": "success", "ok": true}
{"ts": "2026-09-27T02:02:13.409015+00:00", "level": "INFO", "logger": "app.scheduler.manager", "msg": "scheduler.task_done", "request_id": "-", "provider": "-", "job": "derivatives", "status": "success", "ok": true}
{"ts": "2026-09-27T02:02:13.744839+00:00", "level": "INFO", "logger": "app.scheduler.manager", "msg": "scheduler.task_done", "request_id": "-", "provider": "-", "job": "market_tick", "status": "success", "ok": true}
{"ts": "2026-09-27T02:02:43.317550+00:00", "level": "INFO", "logger": "app.scheduler.manager", "msg": "scheduler.task_done", "request_id": "-", "provider": "-", "job": "market_tick", "status": "success", "ok": true}
{"ts": "2026-09-27T02:03:12.774787+00:00", "level": "INFO", "logger": "app.scheduler.manager", "msg": "scheduler.task_done", "request_id": "-", "provider": "-", "job": "health_probe", "status": "success", "ok": true}
{"ts": "2026-09-27T02:03:14.059124+00:00", "level": "INFO", "logger": "app.scheduler.manager", "msg": "scheduler.task_done", "request_id": "-", "provider": "-", "job": "market_tick", "status": "success", "ok": true}
{"ts": "2026-09-27T02:03:43.579367+00:00", "level": "INFO", "logger": "app.scheduler.manager", "msg": "scheduler.task_done", "request_id": "-", "provider": "-", "job": "market_tick", "status": "success", "ok": true}
{"ts": "2026-09-27T02:04:15.262064+00:00", "level": "INFO", "logger": "app.scheduler.manager", "msg": "scheduler.task_done", "request_id": "-", "provider": "-", "job": "market_tick", "status": "success", "ok": true}
{"ts": "2026-09-27T02:04:44.929949+00:00", "level": "INFO", "logger": "app.scheduler.manager", "msg": "scheduler.task_done", "request_id": "-", "provider": "-", "job": "market_tick", "status": "success", "ok": true}
{"ts": "2026-09-27T02:05:12.774130+00:00", "level": "INFO", "logger": "app.scheduler.manager", "msg": "scheduler.task_done", "request_id": "-", "provider": "-", "job": "health_probe", "status": "success", "ok": true}
{"ts": "2026-09-27T02:05:13.485722+00:00", "level": "INFO", "logger": "app.scheduler.manager", "msg": "scheduler.task_done", "request_id": "-", "provider": "-", "job": "market_tick", "status": "success", "ok": true}
{"ts": "2026-09-27T02:05:43.411542+00:00", "level": "INFO", "logger": "app.scheduler.manager", "msg": "scheduler.task_done", "request_id": "-", "provider": "-", "job": "market_tick", "status": "success", "ok": true}
{"ts": "2026-09-27T02:06:13.619994+00:00", "level": "INFO", "logger": "app.scheduler.manager", "msg": "scheduler.task_done", "request_id": "-", "provider": "-", "job": "market_tick", "status": "success", "ok": true}
{"ts": "2026-09-27T02:06:43.485090+00:00", "level": "INFO", "logger": "app.scheduler.manager", "msg": "scheduler.task_done", "request_id": "-", "provider": "-", "job": "market_tick", "status": "success", "ok": true}
{"ts": "2026-09-27T02:07:12.779916+00:00", "level": "INFO", "logger": "app.scheduler.manager", "msg": "scheduler.task_done", "request_id": "-", "provider": "-", "job": "health_probe", "status": "success", "ok": true}
{"ts": "2026-09-27T02:07:12.908564+00:00", "level": "INFO", "logger": "app.scheduler.manager", "msg": "scheduler.task_done", "request_id": "-", "provider": "-", "job": "market_1h", "status": "success", "ok": true}
{"ts": "2026-09-27T02:07:13.412873+00:00", "level": "INFO", "logger": "app.scheduler.manager", "msg": "scheduler.task_done", "request_id": "-", "provider": "-", "job": "derivatives", "status": "success", "ok": true}
{"ts": "2026-09-27T02:07:13.699049+00:00", "level": "INFO", "logger": "app.scheduler.manager", "msg": "scheduler.task_done", "request_id": "-", "provider": "-", "job": "market_tick", "status": "success", "ok": true}
{"ts": "2026-09-27T02:07:43.942670+00:00", "level": "INFO", "logger": "app.scheduler.manager", "msg": "scheduler.task_done", "request_id": "-", "provider": "-", "job": "market_tick", "status": "success", "ok": true}
{"ts": "2026-09-27T02:08:13.298447+00:00", "level": "INFO", "logger": "app.scheduler.manager", "msg": "scheduler.task_done", "request_id": "-", "provider": "-", "job": "market_tick", "status": "success", "ok": true}
{"ts": "2026-09-27T02:08:43.396037+00:00", "level": "INFO", "logger": "app.scheduler.manager", "msg": "scheduler.task_done", "request_id": "-", "provider": "-", "job": "market_tick", "status": "success", "ok": true}
{"ts": "2026-09-27T02:09:12.786576+00:00", "level": "INFO", "logger": "app.scheduler.manager", "msg": "scheduler.task_done", "request_id": "-", "provider": "-", "job": "health_probe", "status": "success", "ok": true}
{"ts": "2026-09-27T02:09:13.287669+00:00", "level": "INFO", "logger": "app.scheduler.manager", "msg": "scheduler.task_done", "request_id": "-", "provider": "-", "job": "market_tick", "status": "success", "ok": true}
{"ts": "2026-09-27T02:09:43.283464+00:00", "level": "INFO", "logger": "app.scheduler.manager", "msg": "scheduler.task_done", "request_id": "-", "provider": "-", "job": "market_tick", "status": "success", "ok": true}
{"ts": "2026-09-27T02:10:14.682970+00:00", "level": "INFO", "logger": "app.scheduler.manager", "msg": "scheduler.task_done", "request_id": "-", "provider": "-", "job": "market_tick", "status": "success", "ok": true}
{"ts": "2026-09-27T02:10:43.296332+00:00", "level": "INFO", "logger": "app.scheduler.manager", "msg": "scheduler.task_done", "request_id": "-", "provider": "-", "job": "market_tick", "status": "success", "ok": true}
{"ts": "2026-09-27T02:11:12.779923+00:00", "level": "INFO", "logger": "app.scheduler.manager", "msg": "scheduler.task_done", "request_id": "-", "provider": "-", "job": "health_probe", "status": "success", "ok": true}
{"ts": "2026-09-27T02:11:14.723112+00:00", "level": "INFO", "logger": "app.scheduler.manager", "msg": "scheduler.task_done", "request_id": "-", "provider": "-", "job": "market_tick", "status": "success", "ok": true}
{"ts": "2026-09-27T02:11:43.264474+00:00", "level": "INFO", "logger": "app.scheduler.manager", "msg": "scheduler.task_done", "request_id": "-", "provider": "-", "job": "market_tick", "status": "success", "ok": true}
{"ts": "2026-09-27T02:12:13.216207+00:00", "level": "INFO", "logger": "app.scheduler.manager", "msg": "scheduler.task_done", "request_id": "-", "provider": "-", "job": "market_1h", "status": "success", "ok": true}
{"ts": "2026-09-27T02:12:13.453383+00:00", "level": "INFO", "logger": "app.scheduler.manager", "msg": "scheduler.task_done", "request_id": "-", "provider": "-", "job": "derivatives", "status": "success", "ok": true}
{"ts": "2026-09-27T02:12:14.589359+00:00", "level": "INFO", "logger": "app.scheduler.manager", "msg": "scheduler.task_done", "request_id": "-", "provider": "-", "job": "market_tick", "status": "success", "ok": true}
{"ts": "2026-09-27T02:12:44.098187+00:00", "level": "INFO", "logger": "app.scheduler.manager", "msg": "scheduler.task_done", "request_id": "-", "provider": "-", "job": "market_tick", "status": "success", "ok": true}
{"ts": "2026-09-27T02:13:12.779732+00:00", "level": "INFO", "logger": "app.scheduler.manager", "msg": "scheduler.task_done", "request_id": "-", "provider": "-", "job": "health_probe", "status": "success", "ok": true}
{"ts": "2026-09-27T02:13:13.217375+00:00", "level": "INFO", "logger": "app.scheduler.manager", "msg": "scheduler.task_done", "request_id": "-", "provider": "-", "job": "market_tick", "status": "success", "ok": true}
{"ts": "2026-09-27T02:13:43.632310+00:00", "level": "INFO", "logger": "app.scheduler.manager", "msg": "scheduler.task_done", "request_id": "-", "provider": "-", "job": "market_tick", "status": "success", "ok": true}
{"ts": "2026-09-27T02:14:14.641871+00:00", "level": "INFO", "logger": "app.scheduler.manager", "msg": "scheduler.task_done", "request_id": "-", "provider": "-", "job": "market_tick", "status": "success", "ok": true}
{"ts": "2026-09-27T02:14:43.839853+00:00", "level": "INFO", "logger": "app.scheduler.manager", "msg": "scheduler.task_done", "request_id": "-", "provider": "-", "job": "market_tick", "status": "success", "ok": true}
{"ts": "2026-09-27T02:15:12.782673+00:00", "level": "INFO", "logger": "app.scheduler.manager", "msg": "scheduler.task_done", "request_id": "-", "provider": "-", "job": "health_probe", "status": "success", "ok": true}
{"ts": "2026-09-27T02:15:14.299941+00:00", "level": "INFO", "logger": "app.scheduler.manager", "msg": "scheduler.task_done", "request_id": "-", "provider": "-", "job": "market_tick", "status": "success", "ok": true}
{"ts": "2026-09-27T02:15:44.268418+00:00", "level": "INFO", "logger": "app.scheduler.manager", "msg": "scheduler.task_done", "request_id": "-", "provider": "-", "job": "market_tick", "status": "success", "ok": true}
{"ts": "2026-09-27T02:16:13.493372+00:00", "level": "INFO", "logger": "app.scheduler.manager", "msg": "scheduler.task_done", "request_id": "-", "provider": "-", "job": "market_tick", "status": "success", "ok": true}
{"ts": "2026-09-27T02:16:43.395343+00:00", "level": "INFO", "logger": "app.scheduler.manager", "msg": "scheduler.task_done", "request_id": "-", "provider": "-", "job": "market_tick", "status": "success", "ok": true}
{"ts": "2026-09-27T02:17:12.782740+00:00", "level": "INFO", "logger": "app.scheduler.manager", "msg": "scheduler.task_done", "request_id": "-", "provider": "-", "job": "health_probe", "status": "success", "ok": true}
{"ts": "2026-09-27T02:17:12.895688+00:00", "level": "INFO", "logger": "app.scheduler.manager", "msg": "scheduler.task_done", "request_id": "-", "provider": "-", "job": "gap_repair", "status": "success", "ok": true}
{"ts": "2026-09-27T02:17:12.907071+00:00", "level": "INFO", "logger": "app.scheduler.manager", "msg": "scheduler.task_done", "request_id": "-", "provider": "-", "job": "quality", "status": "success", "ok": true}
{"ts": "2026-09-27T02:17:12.928478+00:00", "level": "INFO", "logger": "app.scheduler.manager", "msg": "scheduler.task_done", "request_id": "-", "provider": "-", "job": "market_1d", "status": "success", "ok": true}
{"ts": "2026-09-27T02:17:12.948296+00:00", "level": "INFO", "logger": "app.collectors.data_collectors", "msg": "collect.category_failed", "request_id": "-", "provider": "-", "task": "etf_daily", "error": "数据类别 etf_flow 的所有数据源均不可用，已使用最近一次可信数据"}
{"ts": "2026-09-27T02:17:12.953060+00:00", "level": "INFO", "logger": "app.scheduler.manager", "msg": "scheduler.task_done", "request_id": "-", "provider": "-", "job": "etf", "status": "success", "ok": false}
{"ts": "2026-09-27T02:17:13.451735+00:00", "level": "INFO", "logger": "app.scheduler.manager", "msg": "scheduler.task_done", "request_id": "-", "provider": "-", "job": "market_1h", "status": "success", "ok": true}
{"ts": "2026-09-27T02:17:13.607007+00:00", "level": "INFO", "logger": "app.scheduler.manager", "msg": "scheduler.task_done", "request_id": "-", "provider": "-", "job": "market_tick", "status": "success", "ok": true}
{"ts": "2026-09-27T02:17:13.687459+00:00", "level": "INFO", "logger": "app.scheduler.manager", "msg": "scheduler.task_done", "request_id": "-", "provider": "-", "job": "derivatives", "status": "success", "ok": true}
{"ts": "2026-09-27T02:17:14.057761+00:00", "level": "INFO", "logger": "app.providers.health", "msg": "provider.failure", "request_id": "-", "provider": "stooq", "failure_type": "data_format_error", "consecutive": 1, "message": "Stooq DXY 解析结果为空（可能接口变更或地区限制）"}
{"ts": "2026-09-27T02:17:14.058469+00:00", "level": "INFO", "logger": "app.providers.router", "msg": "provider.auto_disable", "request_id": "-", "provider": "stooq", "reason": "data_format_error"}
{"ts": "2026-09-27T02:17:14.102915+00:00", "level": "INFO", "logger": "app.scheduler.manager", "msg": "scheduler.task_done", "request_id": "-", "provider": "-", "job": "sentiment", "status": "success", "ok": true}
{"ts": "2026-09-27T02:17:15.008887+00:00", "level": "INFO", "logger": "app.scheduler.manager", "msg": "scheduler.task_done", "request_id": "-", "provider": "-", "job": "onchain", "status": "success", "ok": true}
{"ts": "2026-09-27T02:17:15.341616+00:00", "level": "INFO", "logger": "app.providers.health", "msg": "provider.failure", "request_id": "-", "provider": "yahoo_macro", "failure_type": "forbidden", "consecutive": 1, "message": "HTTP 403"}
{"ts": "2026-09-27T02:17:15.341853+00:00", "level": "INFO", "logger": "app.providers.router", "msg": "provider.auto_disable", "request_id": "-", "provider": "yahoo_macro", "reason": "forbidden"}
{"ts": "2026-09-27T02:17:15.342089+00:00", "level": "INFO", "logger": "app.providers.health", "msg": "provider.failure", "request_id": "-", "provider": "frankfurter", "failure_type": "unsupported_input", "consecutive": 1, "message": "Frankfurter 不支持序列 DXY"}
{"ts": "2026-09-27T02:17:15.342607+00:00", "level": "INFO", "logger": "app.providers.health", "msg": "provider.failure", "request_id": "-", "provider": "frankfurter", "failure_type": "unsupported_input", "consecutive": 2, "message": "Frankfurter 不支持序列 US10Y"}
{"ts": "2026-09-27T02:17:15.343096+00:00", "level": "INFO", "logger": "app.providers.health", "msg": "provider.failure", "request_id": "-", "provider": "frankfurter", "failure_type": "unsupported_input", "consecutive": 3, "message": "Frankfurter 不支持序列 US2Y"}
{"ts": "2026-09-27T02:17:15.343597+00:00", "level": "INFO", "logger": "app.providers.health", "msg": "provider.failure", "request_id": "-", "provider": "frankfurter", "failure_type": "unsupported_input", "consecutive": 4, "message": "Frankfurter 不支持序列 SPX"}
{"ts": "2026-09-27T02:17:15.344097+00:00", "level": "INFO", "logger": "app.providers.health", "msg": "provider.failure", "request_id": "-", "provider": "frankfurter", "failure_type": "unsupported_input", "consecutive": 5, "message": "Frankfurter 不支持序列 GOLD"}
{"ts": "2026-09-27T02:17:15.344593+00:00", "level": "INFO", "logger": "app.providers.health", "msg": "provider.failure", "request_id": "-", "provider": "frankfurter", "failure_type": "unsupported_input", "consecutive": 6, "message": "Frankfurter 不支持序列 VIX"}
{"ts": "2026-09-27T02:17:16.238352+00:00", "level": "INFO", "logger": "app.providers.health", "msg": "provider.failover", "request_id": "-", "provider": "-", "category": "macro_series", "from_provider": "stooq", "to_provider": "frankfurter", "reason": "unknown"}
{"ts": "2026-09-27T02:17:16.247556+00:00", "level": "INFO", "logger": "app.scheduler.manager", "msg": "scheduler.task_done", "request_id": "-", "provider": "-", "job": "macro", "status": "success", "ok": true}
{"ts": "2026-09-27T02:17:43.935532+00:00", "level": "INFO", "logger": "app.scheduler.manager", "msg": "scheduler.task_done", "request_id": "-", "provider": "-", "job": "market_tick", "status": "success", "ok": true}
{"ts": "2026-09-27T02:18:13.326478+00:00", "level": "INFO", "logger": "app.scheduler.manager", "msg": "scheduler.task_done", "request_id": "-", "provider": "-", "job": "market_tick", "status": "success", "ok": true}
{"ts": "2026-09-27T02:18:43.280414+00:00", "level": "INFO", "logger": "app.scheduler.manager", "msg": "scheduler.task_done", "request_id": "-", "provider": "-", "job": "market_tick", "status": "success", "ok": true}
{"ts": "2026-09-27T02:19:12.776874+00:00", "level": "INFO", "logger": "app.scheduler.manager", "msg": "scheduler.task_done", "request_id": "-", "provider": "-", "job": "health_probe", "status": "success", "ok": true}
{"ts": "2026-09-27T02:19:13.285372+00:00", "level": "INFO", "logger": "app.scheduler.manager", "msg": "scheduler.task_done", "request_id": "-", "provider": "-", "job": "market_tick", "status": "success", "ok": true}
{"ts": "2026-09-27T02:19:44.249976+00:00", "level": "INFO", "logger": "app.scheduler.manager", "msg": "scheduler.task_done", "request_id": "-", "provider": "-", "job": "market_tick", "status": "success", "ok": true}
{"ts": "2026-09-27T02:20:13.602739+00:00", "level": "INFO", "logger": "app.scheduler.manager", "msg": "scheduler.task_done", "request_id": "-", "provider": "-", "job": "market_tick", "status": "success", "ok": true}
{"ts": "2026-09-27T02:20:43.528775+00:00", "level": "INFO", "logger": "app.scheduler.manager", "msg": "scheduler.task_done", "request_id": "-", "provider": "-", "job": "market_tick", "status": "success", "ok": true}
{"ts": "2026-09-27T02:21:12.786585+00:00", "level": "INFO", "logger": "app.scheduler.manager", "msg": "scheduler.task_done", "request_id": "-", "provider": "-", "job": "health_probe", "status": "success", "ok": true}
{"ts": "2026-09-27T02:21:13.334305+00:00", "level": "INFO", "logger": "app.scheduler.manager", "msg": "scheduler.task_done", "request_id": "-", "provider": "-", "job": "market_tick", "status": "success", "ok": true}
{"ts": "2026-09-27T02:21:44.508068+00:00", "level": "INFO", "logger": "app.scheduler.manager", "msg": "scheduler.task_done", "request_id": "-", "provider": "-", "job": "market_tick", "status": "success", "ok": true}
{"ts": "2026-09-27T02:22:12.930870+00:00", "level": "INFO", "logger": "app.scheduler.manager", "msg": "scheduler.task_done", "request_id": "-", "provider": "-", "job": "market_1h", "status": "success", "ok": true}
{"ts": "2026-09-27T02:22:13.408527+00:00", "level": "INFO", "logger": "app.scheduler.manager", "msg": "scheduler.task_done", "request_id": "-", "provider": "-", "job": "derivatives", "status": "success", "ok": true}
{"ts": "2026-09-27T02:22:13.785719+00:00", "level": "INFO", "logger": "app.scheduler.manager", "msg": "scheduler.task_done", "request_id": "-", "provider": "-", "job": "market_tick", "status": "success", "ok": true}
{"ts": "2026-09-27T02:22:43.384647+00:00", "level": "INFO", "logger": "app.scheduler.manager", "msg": "scheduler.task_done", "request_id": "-", "provider": "-", "job": "market_tick", "status": "success", "ok": true}
{"ts": "2026-09-27T02:23:12.785686+00:00", "level": "INFO", "logger": "app.scheduler.manager", "msg": "scheduler.task_done", "request_id": "-", "provider": "-", "job": "health_probe", "status": "success", "ok": true}
{"ts": "2026-09-27T02:23:15.253874+00:00", "level": "INFO", "logger": "app.scheduler.manager", "msg": "scheduler.task_done", "request_id": "-", "provider": "-", "job": "market_tick", "status": "success", "ok": true}
{"ts": "2026-09-27T02:23:43.298225+00:00", "level": "INFO", "logger": "app.scheduler.manager", "msg": "scheduler.task_done", "request_id": "-", "provider": "-", "job": "market_tick", "status": "success", "ok": true}
{"ts": "2026-09-27T02:24:13.286318+00:00", "level": "INFO", "logger": "app.scheduler.manager", "msg": "scheduler.task_done", "request_id": "-", "provider": "-", "job": "market_tick", "status": "success", "ok": true}
{"ts": "2026-09-27T02:24:45.005067+00:00", "level": "INFO", "logger": "app.scheduler.manager", "msg": "scheduler.task_done", "request_id": "-", "provider": "-", "job": "market_tick", "status": "success", "ok": true}
{"ts": "2026-09-27T02:25:12.784647+00:00", "level": "INFO", "logger": "app.scheduler.manager", "msg": "scheduler.task_done", "request_id": "-", "provider": "-", "job": "health_probe", "status": "success", "ok": true}
{"ts": "2026-09-27T02:25:13.317336+00:00", "level": "INFO", "logger": "app.scheduler.manager", "msg": "scheduler.task_done", "request_id": "-", "provider": "-", "job": "market_tick", "status": "success", "ok": true}
{"ts": "2026-09-27T02:25:44.911713+00:00", "level": "INFO", "logger": "app.scheduler.manager", "msg": "scheduler.task_done", "request_id": "-", "provider": "-", "job": "market_tick", "status": "success", "ok": true}
{"ts": "2026-09-27T02:26:13.355373+00:00", "level": "INFO", "logger": "app.scheduler.manager", "msg": "scheduler.task_done", "request_id": "-", "provider": "-", "job": "market_tick", "status": "success", "ok": true}
{"ts": "2026-09-27T02:26:43.546650+00:00", "level": "INFO", "logger": "app.scheduler.manager", "msg": "scheduler.task_done", "request_id": "-", "provider": "-", "job": "market_tick", "status": "success", "ok": true}
{"ts": "2026-09-27T02:27:12.779204+00:00", "level": "INFO", "logger": "app.scheduler.manager", "msg": "scheduler.task_done", "request_id": "-", "provider": "-", "job": "health_probe", "status": "success", "ok": true}
{"ts": "2026-09-27T02:27:12.898679+00:00", "level": "INFO", "logger": "app.scheduler.manager", "msg": "scheduler.task_done", "request_id": "-", "provider": "-", "job": "market_1h", "status": "success", "ok": true}
{"ts": "2026-09-27T02:27:13.448610+00:00", "level": "INFO", "logger": "app.scheduler.manager", "msg": "scheduler.task_done", "request_id": "-", "provider": "-", "job": "derivatives", "status": "success", "ok": true}
{"ts": "2026-09-27T02:27:13.816167+00:00", "level": "INFO", "logger": "app.scheduler.manager", "msg": "scheduler.task_done", "request_id": "-", "provider": "-", "job": "market_tick", "status": "success", "ok": true}
{"ts": "2026-09-27T02:27:43.633222+00:00", "level": "INFO", "logger": "app.scheduler.manager", "msg": "scheduler.task_done", "request_id": "-", "provider": "-", "job": "market_tick", "status": "success", "ok": true}
{"ts": "2026-09-27T02:28:13.445323+00:00", "level": "INFO", "logger": "app.scheduler.manager", "msg": "scheduler.task_done", "request_id": "-", "provider": "-", "job": "market_tick", "status": "success", "ok": true}
{"ts": "2026-09-27T02:28:45.368266+00:00", "level": "INFO", "logger": "app.scheduler.manager", "msg": "scheduler.task_done", "request_id": "-", "provider": "-", "job": "market_tick", "status": "success", "ok": true}
{"ts": "2026-09-27T02:29:12.785653+00:00", "level": "INFO", "logger": "app.scheduler.manager", "msg": "scheduler.task_done", "request_id": "-", "provider": "-", "job": "health_probe", "status": "success", "ok": true}
{"ts": "2026-09-27T02:29:13.510072+00:00", "level": "INFO", "logger": "app.scheduler.manager", "msg": "scheduler.task_done", "request_id": "-", "provider": "-", "job": "market_tick", "status": "success", "ok": true}
{"ts": "2026-09-27T02:29:43.444279+00:00", "level": "INFO", "logger": "app.scheduler.manager", "msg": "scheduler.task_done", "request_id": "-", "provider": "-", "job": "market_tick", "status": "success", "ok": true}
{"ts": "2026-09-27T02:30:13.443386+00:00", "level": "INFO", "logger": "app.scheduler.manager", "msg": "scheduler.task_done", "request_id": "-", "provider": "-", "job": "market_tick", "status": "success", "ok": true}
{"ts": "2026-09-27T02:30:47.264001+00:00", "level": "INFO", "logger": "app.scheduler.manager", "msg": "scheduler.task_done", "request_id": "-", "provider": "-", "job": "market_tick", "status": "success", "ok": true}
{"ts": "2026-09-27T02:31:12.781961+00:00", "level": "INFO", "logger": "app.scheduler.manager", "msg": "scheduler.task_done", "request_id": "-", "provider": "-", "job": "health_probe", "status": "success", "ok": true}
{"ts": "2026-09-27T02:31:13.370314+00:00", "level": "INFO", "logger": "app.scheduler.manager", "msg": "scheduler.task_done", "request_id": "-", "provider": "-", "job": "market_tick", "status": "success", "ok": true}
{"ts": "2026-09-27T02:31:43.316198+00:00", "level": "INFO", "logger": "app.scheduler.manager", "msg": "scheduler.task_done", "request_id": "-", "provider": "-", "job": "market_tick", "status": "success", "ok": true}
{"ts": "2026-09-27T02:32:13.232915+00:00", "level": "INFO", "logger": "app.scheduler.manager", "msg": "scheduler.task_done", "request_id": "-", "provider": "-", "job": "market_1h", "status": "success", "ok": true}
{"ts": "2026-09-27T02:32:13.312710+00:00", "level": "INFO", "logger": "app.scheduler.manager", "msg": "scheduler.task_done", "request_id": "-", "provider": "-", "job": "market_tick", "status": "success", "ok": true}
{"ts": "2026-09-27T02:32:13.428731+00:00", "level": "INFO", "logger": "app.scheduler.manager", "msg": "scheduler.task_done", "request_id": "-", "provider": "-", "job": "derivatives", "status": "success", "ok": true}
{"ts": "2026-09-27T02:32:43.326186+00:00", "level": "INFO", "logger": "app.scheduler.manager", "msg": "scheduler.task_done", "request_id": "-", "provider": "-", "job": "market_tick", "status": "success", "ok": true}
{"ts": "2026-09-27T02:33:12.780548+00:00", "level": "INFO", "logger": "app.scheduler.manager", "msg": "scheduler.task_done", "request_id": "-", "provider": "-", "job": "health_probe", "status": "success", "ok": true}
{"ts": "2026-09-27T02:33:13.406658+00:00", "level": "INFO", "logger": "app.scheduler.manager", "msg": "scheduler.task_done", "request_id": "-", "provider": "-", "job": "market_tick", "status": "success", "ok": true}
{"ts": "2026-09-27T02:33:43.412424+00:00", "level": "INFO", "logger": "app.scheduler.manager", "msg": "scheduler.task_done", "request_id": "-", "provider": "-", "job": "market_tick", "status": "success", "ok": true}
{"ts": "2026-09-27T02:34:14.000598+00:00", "level": "INFO", "logger": "app.scheduler.manager", "msg": "scheduler.task_done", "request_id": "-", "provider": "-", "job": "market_tick", "status": "success", "ok": true}
{"ts": "2026-09-27T02:34:43.285012+00:00", "level": "INFO", "logger": "app.scheduler.manager", "msg": "scheduler.task_done", "request_id": "-", "provider": "-", "job": "market_tick", "status": "success", "ok": true}
{"ts": "2026-09-27T02:35:12.778614+00:00", "level": "INFO", "logger": "app.scheduler.manager", "msg": "scheduler.task_done", "request_id": "-", "provider": "-", "job": "health_probe", "status": "success", "ok": true}
{"ts": "2026-09-27T02:35:13.310905+00:00", "level": "INFO", "logger": "app.scheduler.manager", "msg": "scheduler.task_done", "request_id": "-", "provider": "-", "job": "market_tick", "status": "success", "ok": true}
{"ts": "2026-09-27T02:35:43.329052+00:00", "level": "INFO", "logger": "app.scheduler.manager", "msg": "scheduler.task_done", "request_id": "-", "provider": "-", "job": "market_tick", "status": "success", "ok": true}
{"ts": "2026-09-27T02:36:13.535084+00:00", "level": "INFO", "logger": "app.scheduler.manager", "msg": "scheduler.task_done", "request_id": "-", "provider": "-", "job": "market_tick", "status": "success", "ok": true}
{"ts": "2026-09-27T02:36:43.438441+00:00", "level": "INFO", "logger": "app.scheduler.manager", "msg": "scheduler.task_done", "request_id": "-", "provider": "-", "job": "market_tick", "status": "success", "ok": true}
{"ts": "2026-09-27T02:37:12.786232+00:00", "level": "INFO", "logger": "app.scheduler.manager", "msg": "scheduler.task_done", "request_id": "-", "provider": "-", "job": "health_probe", "status": "success", "ok": true}
{"ts": "2026-09-27T02:37:13.216811+00:00", "level": "INFO", "logger": "app.scheduler.manager", "msg": "scheduler.task_done", "request_id": "-", "provider": "-", "job": "market_1h", "status": "success", "ok": true}
{"ts": "2026-09-27T02:37:13.455641+00:00", "level": "INFO", "logger": "app.scheduler.manager", "msg": "scheduler.task_done", "request_id": "-", "provider": "-", "job": "derivatives", "status": "success", "ok": true}
{"ts": "2026-09-27T02:37:13.530039+00:00", "level": "INFO", "logger": "app.scheduler.manager", "msg": "scheduler.task_done", "request_id": "-", "provider": "-", "job": "market_tick", "status": "success", "ok": true}
{"ts": "2026-09-27T02:37:44.075691+00:00", "level": "INFO", "logger": "app.scheduler.manager", "msg": "scheduler.task_done", "request_id": "-", "provider": "-", "job": "market_tick", "status": "success", "ok": true}
{"ts": "2026-09-27T02:38:14.979201+00:00", "level": "INFO", "logger": "app.scheduler.manager", "msg": "scheduler.task_done", "request_id": "-", "provider": "-", "job": "market_tick", "status": "success", "ok": true}
{"ts": "2026-09-27T02:38:43.564357+00:00", "level": "INFO", "logger": "app.scheduler.manager", "msg": "scheduler.task_done", "request_id": "-", "provider": "-", "job": "market_tick", "status": "success", "ok": true}
{"ts": "2026-09-27T02:39:12.790600+00:00", "level": "INFO", "logger": "app.scheduler.manager", "msg": "scheduler.task_done", "request_id": "-", "provider": "-", "job": "health_probe", "status": "success", "ok": true}
{"ts": "2026-09-27T02:39:14.014772+00:00", "level": "INFO", "logger": "app.scheduler.manager", "msg": "scheduler.task_done", "request_id": "-", "provider": "-", "job": "market_tick", "status": "success", "ok": true}
{"ts": "2026-09-27T02:39:43.481653+00:00", "level": "INFO", "logger": "app.scheduler.manager", "msg": "scheduler.task_done", "request_id": "-", "provider": "-", "job": "market_tick", "status": "success", "ok": true}
{"ts": "2026-09-27T02:40:14.428864+00:00", "level": "INFO", "logger": "app.scheduler.manager", "msg": "scheduler.task_done", "request_id": "-", "provider": "-", "job": "market_tick", "status": "success", "ok": true}
{"ts": "2026-09-27T02:40:50.667618+00:00", "level": "INFO", "logger": "app.scheduler.manager", "msg": "scheduler.task_done", "request_id": "-", "provider": "-", "job": "market_tick", "status": "success", "ok": true}
{"ts": "2026-09-27T02:41:12.773621+00:00", "level": "INFO", "logger": "app.scheduler.manager", "msg": "scheduler.task_done", "request_id": "-", "provider": "-", "job": "health_probe", "status": "success", "ok": true}
{"ts": "2026-09-27T02:41:13.545087+00:00", "level": "INFO", "logger": "app.scheduler.manager", "msg": "scheduler.task_done", "request_id": "-", "provider": "-", "job": "market_tick", "status": "success", "ok": true}
{"ts": "2026-09-27T02:41:44.105963+00:00", "level": "INFO", "logger": "app.scheduler.manager", "msg": "scheduler.task_done", "request_id": "-", "provider": "-", "job": "market_tick", "status": "success", "ok": true}
{"ts": "2026-09-27T02:42:13.201486+00:00", "level": "INFO", "logger": "app.scheduler.manager", "msg": "scheduler.task_done", "request_id": "-", "provider": "-", "job": "market_1h", "status": "success", "ok": true}
{"ts": "2026-09-27T02:42:13.534343+00:00", "level": "INFO", "logger": "app.scheduler.manager", "msg": "scheduler.task_done", "request_id": "-", "provider": "-", "job": "derivatives", "status": "success", "ok": true}
{"ts": "2026-09-27T02:42:15.148090+00:00", "level": "INFO", "logger": "app.scheduler.manager", "msg": "scheduler.task_done", "request_id": "-", "provider": "-", "job": "market_tick", "status": "success", "ok": true}
{"ts": "2026-09-27T02:42:43.513216+00:00", "level": "INFO", "logger": "app.scheduler.manager", "msg": "scheduler.task_done", "request_id": "-", "provider": "-", "job": "market_tick", "status": "success", "ok": true}
{"ts": "2026-09-27T02:43:12.789396+00:00", "level": "INFO", "logger": "app.scheduler.manager", "msg": "scheduler.task_done", "request_id": "-", "provider": "-", "job": "health_probe", "status": "success", "ok": true}
{"ts": "2026-09-27T02:43:15.001917+00:00", "level": "INFO", "logger": "app.scheduler.manager", "msg": "scheduler.task_done", "request_id": "-", "provider": "-", "job": "market_tick", "status": "success", "ok": true}
{"ts": "2026-09-27T02:43:43.370289+00:00", "level": "INFO", "logger": "app.scheduler.manager", "msg": "scheduler.task_done", "request_id": "-", "provider": "-", "job": "market_tick", "status": "success", "ok": true}
{"ts": "2026-09-27T02:44:13.345297+00:00", "level": "INFO", "logger": "app.scheduler.manager", "msg": "scheduler.task_done", "request_id": "-", "provider": "-", "job": "market_tick", "status": "success", "ok": true}
{"ts": "2026-09-27T02:44:43.306631+00:00", "level": "INFO", "logger": "app.scheduler.manager", "msg": "scheduler.task_done", "request_id": "-", "provider": "-", "job": "market_tick", "status": "success", "ok": true}
{"ts": "2026-09-27T02:45:12.781618+00:00", "level": "INFO", "logger": "app.scheduler.manager", "msg": "scheduler.task_done", "request_id": "-", "provider": "-", "job": "health_probe", "status": "success", "ok": true}
{"ts": "2026-09-27T02:45:13.912378+00:00", "level": "INFO", "logger": "app.scheduler.manager", "msg": "scheduler.task_done", "request_id": "-", "provider": "-", "job": "market_tick", "status": "success", "ok": true}
{"ts": "2026-09-27T02:45:44.039822+00:00", "level": "INFO", "logger": "app.scheduler.manager", "msg": "scheduler.task_done", "request_id": "-", "provider": "-", "job": "market_tick", "status": "success", "ok": true}
{"ts": "2026-09-27T02:46:13.364725+00:00", "level": "INFO", "logger": "app.scheduler.manager", "msg": "scheduler.task_done", "request_id": "-", "provider": "-", "job": "market_tick", "status": "success", "ok": true}
{"ts": "2026-09-27T02:46:44.210298+00:00", "level": "INFO", "logger": "app.scheduler.manager", "msg": "scheduler.task_done", "request_id": "-", "provider": "-", "job": "market_tick", "status": "success", "ok": true}
{"ts": "2026-09-27T02:47:12.786323+00:00", "level": "INFO", "logger": "app.scheduler.manager", "msg": "scheduler.task_done", "request_id": "-", "provider": "-", "job": "health_probe", "status": "success", "ok": true}
{"ts": "2026-09-27T02:47:12.907990+00:00", "level": "INFO", "logger": "app.scheduler.manager", "msg": "scheduler.task_done", "request_id": "-", "provider": "-", "job": "market_1d", "status": "success", "ok": true}
{"ts": "2026-09-27T02:47:13.309938+00:00", "level": "INFO", "logger": "app.scheduler.manager", "msg": "scheduler.task_done", "request_id": "-", "provider": "-", "job": "market_1h", "status": "success", "ok": true}
{"ts": "2026-09-27T02:47:13.383791+00:00", "level": "INFO", "logger": "app.scheduler.manager", "msg": "scheduler.task_done", "request_id": "-", "provider": "-", "job": "derivatives", "status": "success", "ok": true}
{"ts": "2026-09-27T02:47:15.289691+00:00", "level": "INFO", "logger": "app.scheduler.manager", "msg": "scheduler.task_done", "request_id": "-", "provider": "-", "job": "market_tick", "status": "success", "ok": true}
{"ts": "2026-09-27T02:47:44.139171+00:00", "level": "INFO", "logger": "app.scheduler.manager", "msg": "scheduler.task_done", "request_id": "-", "provider": "-", "job": "market_tick", "status": "success", "ok": true}
{"ts": "2026-09-27T02:48:13.405556+00:00", "level": "INFO", "logger": "app.scheduler.manager", "msg": "scheduler.task_done", "request_id": "-", "provider": "-", "job": "market_tick", "status": "success", "ok": true}
{"ts": "2026-09-27T02:48:44.968778+00:00", "level": "INFO", "logger": "app.scheduler.manager", "msg": "scheduler.task_done", "request_id": "-", "provider": "-", "job": "market_tick", "status": "success", "ok": true}
{"ts": "2026-09-27T02:49:12.773000+00:00", "level": "INFO", "logger": "app.scheduler.manager", "msg": "scheduler.task_done", "request_id": "-", "provider": "-", "job": "health_probe", "status": "success", "ok": true}
{"ts": "2026-09-27T02:49:13.449180+00:00", "level": "INFO", "logger": "app.scheduler.manager", "msg": "scheduler.task_done", "request_id": "-", "provider": "-", "job": "market_tick", "status": "success", "ok": true}
{"ts": "2026-09-27T02:49:43.328936+00:00", "level": "INFO", "logger": "app.scheduler.manager", "msg": "scheduler.task_done", "request_id": "-", "provider": "-", "job": "market_tick", "status": "success", "ok": true}
{"ts": "2026-09-27T02:50:13.259070+00:00", "level": "INFO", "logger": "app.scheduler.manager", "msg": "scheduler.task_done", "request_id": "-", "provider": "-", "job": "market_tick", "status": "success", "ok": true}
{"ts": "2026-09-27T02:50:43.248008+00:00", "level": "INFO", "logger": "app.scheduler.manager", "msg": "scheduler.task_done", "request_id": "-", "provider": "-", "job": "market_tick", "status": "success", "ok": true}
{"ts": "2026-09-27T02:51:12.775397+00:00", "level": "INFO", "logger": "app.scheduler.manager", "msg": "scheduler.task_done", "request_id": "-", "provider": "-", "job": "health_probe", "status": "success", "ok": true}
{"ts": "2026-09-27T02:51:13.405025+00:00", "level": "INFO", "logger": "app.scheduler.manager", "msg": "scheduler.task_done", "request_id": "-", "provider": "-", "job": "market_tick", "status": "success", "ok": true}
{"ts": "2026-09-27T02:51:43.302423+00:00", "level": "INFO", "logger": "app.scheduler.manager", "msg": "scheduler.task_done", "request_id": "-", "provider": "-", "job": "market_tick", "status": "success", "ok": true}
{"ts": "2026-09-27T02:52:12.899537+00:00", "level": "INFO", "logger": "app.scheduler.manager", "msg": "scheduler.task_done", "request_id": "-", "provider": "-", "job": "market_1h", "status": "success", "ok": true}
{"ts": "2026-09-27T02:52:13.425374+00:00", "level": "INFO", "logger": "app.scheduler.manager", "msg": "scheduler.task_done", "request_id": "-", "provider": "-", "job": "derivatives", "status": "success", "ok": true}
{"ts": "2026-09-27T02:52:13.755662+00:00", "level": "INFO", "logger": "app.scheduler.manager", "msg": "scheduler.task_done", "request_id": "-", "provider": "-", "job": "market_tick", "status": "success", "ok": true}
{"ts": "2026-09-27T02:52:43.971036+00:00", "level": "INFO", "logger": "app.scheduler.manager", "msg": "scheduler.task_done", "request_id": "-", "provider": "-", "job": "market_tick", "status": "success", "ok": true}
{"ts": "2026-09-27T02:53:12.775828+00:00", "level": "INFO", "logger": "app.scheduler.manager", "msg": "scheduler.task_done", "request_id": "-", "provider": "-", "job": "health_probe", "status": "success", "ok": true}
{"ts": "2026-09-27T02:53:13.252560+00:00", "level": "INFO", "logger": "app.scheduler.manager", "msg": "scheduler.task_done", "request_id": "-", "provider": "-", "job": "market_tick", "status": "success", "ok": true}
{"ts": "2026-09-27T02:53:43.415846+00:00", "level": "INFO", "logger": "app.scheduler.manager", "msg": "scheduler.task_done", "request_id": "-", "provider": "-", "job": "market_tick", "status": "success", "ok": true}
{"ts": "2026-09-27T02:54:13.423253+00:00", "level": "INFO", "logger": "app.scheduler.manager", "msg": "scheduler.task_done", "request_id": "-", "provider": "-", "job": "market_tick", "status": "success", "ok": true}
{"ts": "2026-09-27T02:54:43.321296+00:00", "level": "INFO", "logger": "app.scheduler.manager", "msg": "scheduler.task_done", "request_id": "-", "provider": "-", "job": "market_tick", "status": "success", "ok": true}
{"ts": "2026-09-27T02:55:12.777824+00:00", "level": "INFO", "logger": "app.scheduler.manager", "msg": "scheduler.task_done", "request_id": "-", "provider": "-", "job": "health_probe", "status": "success", "ok": true}
{"ts": "2026-09-27T02:55:13.313023+00:00", "level": "INFO", "logger": "app.scheduler.manager", "msg": "scheduler.task_done", "request_id": "-", "provider": "-", "job": "market_tick", "status": "success", "ok": true}
{"ts": "2026-09-27T02:55:43.268794+00:00", "level": "INFO", "logger": "app.scheduler.manager", "msg": "scheduler.task_done", "request_id": "-", "provider": "-", "job": "market_tick", "status": "success", "ok": true}
{"ts": "2026-09-27T02:56:13.485861+00:00", "level": "INFO", "logger": "app.scheduler.manager", "msg": "scheduler.task_done", "request_id": "-", "provider": "-", "job": "market_tick", "status": "success", "ok": true}
{"ts": "2026-09-27T02:56:44.033203+00:00", "level": "INFO", "logger": "app.scheduler.manager", "msg": "scheduler.task_done", "request_id": "-", "provider": "-", "job": "market_tick", "status": "success", "ok": true}
{"ts": "2026-09-27T02:57:12.780657+00:00", "level": "INFO", "logger": "app.scheduler.manager", "msg": "scheduler.task_done", "request_id": "-", "provider": "-", "job": "health_probe", "status": "success", "ok": true}
{"ts": "2026-09-27T02:57:12.915893+00:00", "level": "INFO", "logger": "app.scheduler.manager", "msg": "scheduler.task_done", "request_id": "-", "provider": "-", "job": "market_1h", "status": "success", "ok": true}
{"ts": "2026-09-27T02:57:13.384980+00:00", "level": "INFO", "logger": "app.scheduler.manager", "msg": "scheduler.task_done", "request_id": "-", "provider": "-", "job": "derivatives", "status": "success", "ok": true}
{"ts": "2026-09-27T02:57:13.717512+00:00", "level": "INFO", "logger": "app.scheduler.manager", "msg": "scheduler.task_done", "request_id": "-", "provider": "-", "job": "market_tick", "status": "success", "ok": true}
{"ts": "2026-09-27T02:57:43.281434+00:00", "level": "INFO", "logger": "app.scheduler.manager", "msg": "scheduler.task_done", "request_id": "-", "provider": "-", "job": "market_tick", "status": "success", "ok": true}
{"ts": "2026-09-27T02:58:13.282434+00:00", "level": "INFO", "logger": "app.scheduler.manager", "msg": "scheduler.task_done", "request_id": "-", "provider": "-", "job": "market_tick", "status": "success", "ok": true}
{"ts": "2026-09-27T02:58:43.348471+00:00", "level": "INFO", "logger": "app.scheduler.manager", "msg": "scheduler.task_done", "request_id": "-", "provider": "-", "job": "market_tick", "status": "success", "ok": true}
{"ts": "2026-09-27T02:59:12.783145+00:00", "level": "INFO", "logger": "app.scheduler.manager", "msg": "scheduler.task_done", "request_id": "-", "provider": "-", "job": "health_probe", "status": "success", "ok": true}
{"ts": "2026-09-27T02:59:13.331888+00:00", "level": "INFO", "logger": "app.scheduler.manager", "msg": "scheduler.task_done", "request_id": "-", "provider": "-", "job": "market_tick", "status": "success", "ok": true}
{"ts": "2026-09-27T02:59:43.304658+00:00", "level": "INFO", "logger": "app.scheduler.manager", "msg": "scheduler.task_done", "request_id": "-", "provider": "-", "job": "market_tick", "status": "success", "ok": true}
{"ts": "2026-09-27T03:00:13.419305+00:00", "level": "INFO", "logger": "app.scheduler.manager", "msg": "scheduler.task_done", "request_id": "-", "provider": "-", "job": "market_tick", "status": "success", "ok": true}
{"ts": "2026-09-27T03:00:43.478770+00:00", "level": "INFO", "logger": "app.scheduler.manager", "msg": "scheduler.task_done", "request_id": "-", "provider": "-", "job": "market_tick", "status": "success", "ok": true}
{"ts": "2026-09-27T03:01:12.788091+00:00", "level": "INFO", "logger": "app.scheduler.manager", "msg": "scheduler.task_done", "request_id": "-", "provider": "-", "job": "health_probe", "status": "success", "ok": true}
{"ts": "2026-09-27T03:01:13.433619+00:00", "level": "INFO", "logger": "app.scheduler.manager", "msg": "scheduler.task_done", "request_id": "-", "provider": "-", "job": "market_tick", "status": "success", "ok": true}
{"ts": "2026-09-27T03:01:43.321316+00:00", "level": "INFO", "logger": "app.scheduler.manager", "msg": "scheduler.task_done", "request_id": "-", "provider": "-", "job": "market_tick", "status": "success", "ok": true}
{"ts": "2026-09-27T03:02:13.321362+00:00", "level": "INFO", "logger": "app.scheduler.manager", "msg": "scheduler.task_done", "request_id": "-", "provider": "-", "job": "market_1h", "status": "success", "ok": true}
{"ts": "2026-09-27T03:02:13.390906+00:00", "level": "INFO", "logger": "app.scheduler.manager", "msg": "scheduler.task_done", "request_id": "-", "provider": "-", "job": "derivatives", "status": "success", "ok": true}
{"ts": "2026-09-27T03:02:14.796767+00:00", "level": "INFO", "logger": "app.scheduler.manager", "msg": "scheduler.task_done", "request_id": "-", "provider": "-", "job": "market_tick", "status": "success", "ok": true}
{"ts": "2026-09-27T03:02:43.600650+00:00", "level": "INFO", "logger": "app.scheduler.manager", "msg": "scheduler.task_done", "request_id": "-", "provider": "-", "job": "market_tick", "status": "success", "ok": true}
{"ts": "2026-09-27T03:03:12.788110+00:00", "level": "INFO", "logger": "app.scheduler.manager", "msg": "scheduler.task_done", "request_id": "-", "provider": "-", "job": "health_probe", "status": "success", "ok": true}
{"ts": "2026-09-27T03:03:15.559649+00:00", "level": "INFO", "logger": "app.scheduler.manager", "msg": "scheduler.task_done", "request_id": "-", "provider": "-", "job": "market_tick", "status": "success", "ok": true}
{"ts": "2026-09-27T03:03:43.550625+00:00", "level": "INFO", "logger": "app.scheduler.manager", "msg": "scheduler.task_done", "request_id": "-", "provider": "-", "job": "market_tick", "status": "success", "ok": true}
{"ts": "2026-09-27T03:04:14.278717+00:00", "level": "INFO", "logger": "app.scheduler.manager", "msg": "scheduler.task_done", "request_id": "-", "provider": "-", "job": "market_tick", "status": "success", "ok": true}
{"ts": "2026-09-27T03:04:43.956533+00:00", "level": "INFO", "logger": "app.scheduler.manager", "msg": "scheduler.task_done", "request_id": "-", "provider": "-", "job": "market_tick", "status": "success", "ok": true}
{"ts": "2026-09-27T03:05:12.773961+00:00", "level": "INFO", "logger": "app.scheduler.manager", "msg": "scheduler.task_done", "request_id": "-", "provider": "-", "job": "health_probe", "status": "success", "ok": true}
{"ts": "2026-09-27T03:05:13.451790+00:00", "level": "INFO", "logger": "app.scheduler.manager", "msg": "scheduler.task_done", "request_id": "-", "provider": "-", "job": "market_tick", "status": "success", "ok": true}
{"ts": "2026-09-27T03:05:43.550453+00:00", "level": "INFO", "logger": "app.scheduler.manager", "msg": "scheduler.task_done", "request_id": "-", "provider": "-", "job": "market_tick", "status": "success", "ok": true}
{"ts": "2026-09-27T03:06:13.513265+00:00", "level": "INFO", "logger": "app.scheduler.manager", "msg": "scheduler.task_done", "request_id": "-", "provider": "-", "job": "market_tick", "status": "success", "ok": true}
{"ts": "2026-09-27T03:06:43.512612+00:00", "level": "INFO", "logger": "app.scheduler.manager", "msg": "scheduler.task_done", "request_id": "-", "provider": "-", "job": "market_tick", "status": "success", "ok": true}
{"ts": "2026-09-27T03:07:12.783385+00:00", "level": "INFO", "logger": "app.scheduler.manager", "msg": "scheduler.task_done", "request_id": "-", "provider": "-", "job": "health_probe", "status": "success", "ok": true}
{"ts": "2026-09-27T03:07:12.906389+00:00", "level": "INFO", "logger": "app.scheduler.manager", "msg": "scheduler.task_done", "request_id": "-", "provider": "-", "job": "market_1h", "status": "success", "ok": true}
{"ts": "2026-09-27T03:07:13.382677+00:00", "level": "INFO", "logger": "app.scheduler.manager", "msg": "scheduler.task_done", "request_id": "-", "provider": "-", "job": "derivatives", "status": "success", "ok": true}
{"ts": "2026-09-27T03:07:13.838880+00:00", "level": "INFO", "logger": "app.scheduler.manager", "msg": "scheduler.task_done", "request_id": "-", "provider": "-", "job": "market_tick", "status": "success", "ok": true}
{"ts": "2026-09-27T03:07:43.480357+00:00", "level": "INFO", "logger": "app.scheduler.manager", "msg": "scheduler.task_done", "request_id": "-", "provider": "-", "job": "market_tick", "status": "success", "ok": true}
{"ts": "2026-09-27T03:08:13.818897+00:00", "level": "INFO", "logger": "app.scheduler.manager", "msg": "scheduler.task_done", "request_id": "-", "provider": "-", "job": "market_tick", "status": "success", "ok": true}
{"ts": "2026-09-27T03:08:45.427904+00:00", "level": "INFO", "logger": "app.scheduler.manager", "msg": "scheduler.task_done", "request_id": "-", "provider": "-", "job": "market_tick", "status": "success", "ok": true}
{"ts": "2026-09-27T03:09:12.788000+00:00", "level": "INFO", "logger": "app.scheduler.manager", "msg": "scheduler.task_done", "request_id": "-", "provider": "-", "job": "health_probe", "status": "success", "ok": true}
{"ts": "2026-09-27T03:09:13.409191+00:00", "level": "INFO", "logger": "app.scheduler.manager", "msg": "scheduler.task_done", "request_id": "-", "provider": "-", "job": "market_tick", "status": "success", "ok": true}
{"ts": "2026-09-27T03:09:43.352441+00:00", "level": "INFO", "logger": "app.scheduler.manager", "msg": "scheduler.task_done", "request_id": "-", "provider": "-", "job": "market_tick", "status": "success", "ok": true}
{"ts": "2026-09-27T03:10:13.504271+00:00", "level": "INFO", "logger": "app.scheduler.manager", "msg": "scheduler.task_done", "request_id": "-", "provider": "-", "job": "market_tick", "status": "success", "ok": true}
{"ts": "2026-09-27T03:10:43.380304+00:00", "level": "INFO", "logger": "app.scheduler.manager", "msg": "scheduler.task_done", "request_id": "-", "provider": "-", "job": "market_tick", "status": "success", "ok": true}
{"ts": "2026-09-27T03:11:12.780912+00:00", "level": "INFO", "logger": "app.scheduler.manager", "msg": "scheduler.task_done", "request_id": "-", "provider": "-", "job": "health_probe", "status": "success", "ok": true}
{"ts": "2026-09-27T03:11:13.380521+00:00", "level": "INFO", "logger": "app.scheduler.manager", "msg": "scheduler.task_done", "request_id": "-", "provider": "-", "job": "market_tick", "status": "success", "ok": true}
{"ts": "2026-09-27T03:11:43.385498+00:00", "level": "INFO", "logger": "app.scheduler.manager", "msg": "scheduler.task_done", "request_id": "-", "provider": "-", "job": "market_tick", "status": "success", "ok": true}
{"ts": "2026-09-27T03:12:12.892127+00:00", "level": "INFO", "logger": "app.scheduler.manager", "msg": "scheduler.task_done", "request_id": "-", "provider": "-", "job": "market_1h", "status": "success", "ok": true}
{"ts": "2026-09-27T03:12:13.431761+00:00", "level": "INFO", "logger": "app.scheduler.manager", "msg": "scheduler.task_done", "request_id": "-", "provider": "-", "job": "derivatives", "status": "success", "ok": true}
{"ts": "2026-09-27T03:12:13.804030+00:00", "level": "INFO", "logger": "app.scheduler.manager", "msg": "scheduler.task_done", "request_id": "-", "provider": "-", "job": "market_tick", "status": "success", "ok": true}
{"ts": "2026-09-27T03:12:43.491796+00:00", "level": "INFO", "logger": "app.scheduler.manager", "msg": "scheduler.task_done", "request_id": "-", "provider": "-", "job": "market_tick", "status": "success", "ok": true}
{"ts": "2026-09-27T03:13:12.780663+00:00", "level": "INFO", "logger": "app.scheduler.manager", "msg": "scheduler.task_done", "request_id": "-", "provider": "-", "job": "health_probe", "status": "success", "ok": true}
{"ts": "2026-09-27T03:13:13.477636+00:00", "level": "INFO", "logger": "app.scheduler.manager", "msg": "scheduler.task_done", "request_id": "-", "provider": "-", "job": "market_tick", "status": "success", "ok": true}
{"ts": "2026-09-27T03:13:44.105093+00:00", "level": "INFO", "logger": "app.scheduler.manager", "msg": "scheduler.task_done", "request_id": "-", "provider": "-", "job": "market_tick", "status": "success", "ok": true}
{"ts": "2026-09-27T03:14:13.819188+00:00", "level": "INFO", "logger": "app.scheduler.manager", "msg": "scheduler.task_done", "request_id": "-", "provider": "-", "job": "market_tick", "status": "success", "ok": true}
{"ts": "2026-09-27T03:14:44.976449+00:00", "level": "INFO", "logger": "app.scheduler.manager", "msg": "scheduler.task_done", "request_id": "-", "provider": "-", "job": "market_tick", "status": "success", "ok": true}
{"ts": "2026-09-27T03:15:12.772825+00:00", "level": "INFO", "logger": "app.scheduler.manager", "msg": "scheduler.task_done", "request_id": "-", "provider": "-", "job": "health_probe", "status": "success", "ok": true}
{"ts": "2026-09-27T03:15:14.473295+00:00", "level": "INFO", "logger": "app.scheduler.manager", "msg": "scheduler.task_done", "request_id": "-", "provider": "-", "job": "market_tick", "status": "success", "ok": true}
{"ts": "2026-09-27T03:15:43.513853+00:00", "level": "INFO", "logger": "app.scheduler.manager", "msg": "scheduler.task_done", "request_id": "-", "provider": "-", "job": "market_tick", "status": "success", "ok": true}
{"ts": "2026-09-27T03:16:13.342216+00:00", "level": "INFO", "logger": "app.scheduler.manager", "msg": "scheduler.task_done", "request_id": "-", "provider": "-", "job": "market_tick", "status": "success", "ok": true}
{"ts": "2026-09-27T03:16:43.557186+00:00", "level": "INFO", "logger": "app.scheduler.manager", "msg": "scheduler.task_done", "request_id": "-", "provider": "-", "job": "market_tick", "status": "success", "ok": true}
{"ts": "2026-09-27T03:17:12.784277+00:00", "level": "INFO", "logger": "app.scheduler.manager", "msg": "scheduler.task_done", "request_id": "-", "provider": "-", "job": "health_probe", "status": "success", "ok": true}
{"ts": "2026-09-27T03:17:12.883730+00:00", "level": "INFO", "logger": "app.scheduler.manager", "msg": "scheduler.task_done", "request_id": "-", "provider": "-", "job": "quality", "status": "success", "ok": true}
{"ts": "2026-09-27T03:17:12.889406+00:00", "level": "INFO", "logger": "app.scheduler.manager", "msg": "scheduler.task_done", "request_id": "-", "provider": "-", "job": "gap_repair", "status": "success", "ok": true}
{"ts": "2026-09-27T03:17:12.904955+00:00", "level": "INFO", "logger": "app.scheduler.manager", "msg": "scheduler.task_done", "request_id": "-", "provider": "-", "job": "market_1h", "status": "success", "ok": true}
{"ts": "2026-09-27T03:17:13.314430+00:00", "level": "INFO", "logger": "app.scheduler.manager", "msg": "scheduler.task_done", "request_id": "-", "provider": "-", "job": "market_1d", "status": "success", "ok": true}
{"ts": "2026-09-27T03:17:13.519752+00:00", "level": "INFO", "logger": "app.scheduler.manager", "msg": "scheduler.task_done", "request_id": "-", "provider": "-", "job": "derivatives", "status": "success", "ok": true}
{"ts": "2026-09-27T03:17:13.811386+00:00", "level": "INFO", "logger": "app.scheduler.manager", "msg": "scheduler.task_done", "request_id": "-", "provider": "-", "job": "market_tick", "status": "success", "ok": true}
{"ts": "2026-09-27T03:17:13.980399+00:00", "level": "INFO", "logger": "app.scheduler.manager", "msg": "scheduler.task_done", "request_id": "-", "provider": "-", "job": "sentiment", "status": "success", "ok": true}
{"ts": "2026-09-27T03:17:15.480482+00:00", "level": "INFO", "logger": "app.scheduler.manager", "msg": "scheduler.task_done", "request_id": "-", "provider": "-", "job": "onchain", "status": "success", "ok": true}
{"ts": "2026-09-27T03:17:44.525413+00:00", "level": "INFO", "logger": "app.scheduler.manager", "msg": "scheduler.task_done", "request_id": "-", "provider": "-", "job": "market_tick", "status": "success", "ok": true}
{"ts": "2026-09-27T03:18:13.401804+00:00", "level": "INFO", "logger": "app.scheduler.manager", "msg": "scheduler.task_done", "request_id": "-", "provider": "-", "job": "market_tick", "status": "success", "ok": true}
{"ts": "2026-09-27T03:18:43.315212+00:00", "level": "INFO", "logger": "app.scheduler.manager", "msg": "scheduler.task_done", "request_id": "-", "provider": "-", "job": "market_tick", "status": "success", "ok": true}
{"ts": "2026-09-27T03:19:12.789210+00:00", "level": "INFO", "logger": "app.scheduler.manager", "msg": "scheduler.task_done", "request_id": "-", "provider": "-", "job": "health_probe", "status": "success", "ok": true}
{"ts": "2026-09-27T03:19:13.941071+00:00", "level": "INFO", "logger": "app.scheduler.manager", "msg": "scheduler.task_done", "request_id": "-", "provider": "-", "job": "market_tick", "status": "success", "ok": true}
{"ts": "2026-09-27T03:19:43.314953+00:00", "level": "INFO", "logger": "app.scheduler.manager", "msg": "scheduler.task_done", "request_id": "-", "provider": "-", "job": "market_tick", "status": "success", "ok": true}
{"ts": "2026-09-27T03:20:14.652663+00:00", "level": "INFO", "logger": "app.scheduler.manager", "msg": "scheduler.task_done", "request_id": "-", "provider": "-", "job": "market_tick", "status": "success", "ok": true}
{"ts": "2026-09-27T03:20:44.052235+00:00", "level": "INFO", "logger": "app.scheduler.manager", "msg": "scheduler.task_done", "request_id": "-", "provider": "-", "job": "market_tick", "status": "success", "ok": true}
{"ts": "2026-09-27T03:21:12.786813+00:00", "level": "INFO", "logger": "app.scheduler.manager", "msg": "scheduler.task_done", "request_id": "-", "provider": "-", "job": "health_probe", "status": "success", "ok": true}
{"ts": "2026-09-27T03:21:16.132003+00:00", "level": "INFO", "logger": "app.scheduler.manager", "msg": "scheduler.task_done", "request_id": "-", "provider": "-", "job": "market_tick", "status": "success", "ok": true}
{"ts": "2026-09-27T03:21:43.577172+00:00", "level": "INFO", "logger": "app.scheduler.manager", "msg": "scheduler.task_done", "request_id": "-", "provider": "-", "job": "market_tick", "status": "success", "ok": true}
{"ts": "2026-09-27T03:22:12.914200+00:00", "level": "INFO", "logger": "app.scheduler.manager", "msg": "scheduler.task_done", "request_id": "-", "provider": "-", "job": "market_1h", "status": "success", "ok": true}
{"ts": "2026-09-27T03:22:13.411066+00:00", "level": "INFO", "logger": "app.scheduler.manager", "msg": "scheduler.task_done", "request_id": "-", "provider": "-", "job": "derivatives", "status": "success", "ok": true}
{"ts": "2026-09-27T03:22:13.750236+00:00", "level": "INFO", "logger": "app.scheduler.manager", "msg": "scheduler.task_done", "request_id": "-", "provider": "-", "job": "market_tick", "status": "success", "ok": true}
{"ts": "2026-09-27T03:22:43.409531+00:00", "level": "INFO", "logger": "app.scheduler.manager", "msg": "scheduler.task_done", "request_id": "-", "provider": "-", "job": "market_tick", "status": "success", "ok": true}
{"ts": "2026-09-27T03:23:12.777710+00:00", "level": "INFO", "logger": "app.scheduler.manager", "msg": "scheduler.task_done", "request_id": "-", "provider": "-", "job": "health_probe", "status": "success", "ok": true}
{"ts": "2026-09-27T03:23:13.524106+00:00", "level": "INFO", "logger": "app.scheduler.manager", "msg": "scheduler.task_done", "request_id": "-", "provider": "-", "job": "market_tick", "status": "success", "ok": true}
{"ts": "2026-09-27T03:23:43.501603+00:00", "level": "INFO", "logger": "app.scheduler.manager", "msg": "scheduler.task_done", "request_id": "-", "provider": "-", "job": "market_tick", "status": "success", "ok": true}
{"ts": "2026-09-27T03:24:15.144039+00:00", "level": "INFO", "logger": "app.scheduler.manager", "msg": "scheduler.task_done", "request_id": "-", "provider": "-", "job": "market_tick", "status": "success", "ok": true}
{"ts": "2026-09-27T03:24:43.490214+00:00", "level": "INFO", "logger": "app.scheduler.manager", "msg": "scheduler.task_done", "request_id": "-", "provider": "-", "job": "market_tick", "status": "success", "ok": true}
{"ts": "2026-09-27T03:25:12.788025+00:00", "level": "INFO", "logger": "app.scheduler.manager", "msg": "scheduler.task_done", "request_id": "-", "provider": "-", "job": "health_probe", "status": "success", "ok": true}
{"ts": "2026-09-27T03:25:15.005874+00:00", "level": "INFO", "logger": "app.scheduler.manager", "msg": "scheduler.task_done", "request_id": "-", "provider": "-", "job": "market_tick", "status": "success", "ok": true}
{"ts": "2026-09-27T03:25:43.517131+00:00", "level": "INFO", "logger": "app.scheduler.manager", "msg": "scheduler.task_done", "request_id": "-", "provider": "-", "job": "market_tick", "status": "success", "ok": true}
{"ts": "2026-09-27T03:26:13.860117+00:00", "level": "INFO", "logger": "app.scheduler.manager", "msg": "scheduler.task_done", "request_id": "-", "provider": "-", "job": "market_tick", "status": "success", "ok": true}
{"ts": "2026-09-27T03:26:43.581021+00:00", "level": "INFO", "logger": "app.scheduler.manager", "msg": "scheduler.task_done", "request_id": "-", "provider": "-", "job": "market_tick", "status": "success", "ok": true}
{"ts": "2026-09-27T03:27:12.776243+00:00", "level": "INFO", "logger": "app.scheduler.manager", "msg": "scheduler.task_done", "request_id": "-", "provider": "-", "job": "health_probe", "status": "success", "ok": true}
{"ts": "2026-09-27T03:27:13.258800+00:00", "level": "INFO", "logger": "app.scheduler.manager", "msg": "scheduler.task_done", "request_id": "-", "provider": "-", "job": "market_1h", "status": "success", "ok": true}
{"ts": "2026-09-27T03:27:13.453842+00:00", "level": "INFO", "logger": "app.scheduler.manager", "msg": "scheduler.task_done", "request_id": "-", "provider": "-", "job": "derivatives", "status": "success", "ok": true}
{"ts": "2026-09-27T03:27:13.723534+00:00", "level": "INFO", "logger": "app.scheduler.manager", "msg": "scheduler.task_done", "request_id": "-", "provider": "-", "job": "market_tick", "status": "success", "ok": true}
{"ts": "2026-09-27T03:27:43.313936+00:00", "level": "INFO", "logger": "app.scheduler.manager", "msg": "scheduler.task_done", "request_id": "-", "provider": "-", "job": "market_tick", "status": "success", "ok": true}
{"ts": "2026-09-27T03:28:14.661985+00:00", "level": "INFO", "logger": "app.scheduler.manager", "msg": "scheduler.task_done", "request_id": "-", "provider": "-", "job": "market_tick", "status": "success", "ok": true}
{"ts": "2026-09-27T03:28:43.462191+00:00", "level": "INFO", "logger": "app.scheduler.manager", "msg": "scheduler.task_done", "request_id": "-", "provider": "-", "job": "market_tick", "status": "success", "ok": true}
{"ts": "2026-09-27T03:29:12.781761+00:00", "level": "INFO", "logger": "app.scheduler.manager", "msg": "scheduler.task_done", "request_id": "-", "provider": "-", "job": "health_probe", "status": "success", "ok": true}
{"ts": "2026-09-27T03:29:13.426265+00:00", "level": "INFO", "logger": "app.scheduler.manager", "msg": "scheduler.task_done", "request_id": "-", "provider": "-", "job": "market_tick", "status": "success", "ok": true}
{"ts": "2026-09-27T03:29:43.515916+00:00", "level": "INFO", "logger": "app.scheduler.manager", "msg": "scheduler.task_done", "request_id": "-", "provider": "-", "job": "market_tick", "status": "success", "ok": true}
{"ts": "2026-09-27T03:30:14.070415+00:00", "level": "INFO", "logger": "app.scheduler.manager", "msg": "scheduler.task_done", "request_id": "-", "provider": "-", "job": "market_tick", "status": "success", "ok": true}
{"ts": "2026-09-27T03:30:43.563075+00:00", "level": "INFO", "logger": "app.scheduler.manager", "msg": "scheduler.task_done", "request_id": "-", "provider": "-", "job": "market_tick", "status": "success", "ok": true}
{"ts": "2026-09-27T03:31:12.778638+00:00", "level": "INFO", "logger": "app.scheduler.manager", "msg": "scheduler.task_done", "request_id": "-", "provider": "-", "job": "health_probe", "status": "success", "ok": true}
{"ts": "2026-09-27T03:31:14.998870+00:00", "level": "INFO", "logger": "app.scheduler.manager", "msg": "scheduler.task_done", "request_id": "-", "provider": "-", "job": "market_tick", "status": "success", "ok": true}
{"ts": "2026-09-27T03:31:43.314972+00:00", "level": "INFO", "logger": "app.scheduler.manager", "msg": "scheduler.task_done", "request_id": "-", "provider": "-", "job": "market_tick", "status": "success", "ok": true}
{"ts": "2026-09-27T03:32:12.902014+00:00", "level": "INFO", "logger": "app.scheduler.manager", "msg": "scheduler.task_done", "request_id": "-", "provider": "-", "job": "market_1h", "status": "success", "ok": true}
{"ts": "2026-09-27T03:32:13.434075+00:00", "level": "INFO", "logger": "app.scheduler.manager", "msg": "scheduler.task_done", "request_id": "-", "provider": "-", "job": "derivatives", "status": "success", "ok": true}
{"ts": "2026-09-27T03:32:13.737463+00:00", "level": "INFO", "logger": "app.scheduler.manager", "msg": "scheduler.task_done", "request_id": "-", "provider": "-", "job": "market_tick", "status": "success", "ok": true}
{"ts": "2026-09-27T03:32:44.629780+00:00", "level": "INFO", "logger": "app.scheduler.manager", "msg": "scheduler.task_done", "request_id": "-", "provider": "-", "job": "market_tick", "status": "success", "ok": true}
{"ts": "2026-09-27T03:33:12.775865+00:00", "level": "INFO", "logger": "app.scheduler.manager", "msg": "scheduler.task_done", "request_id": "-", "provider": "-", "job": "health_probe", "status": "success", "ok": true}
{"ts": "2026-09-27T03:33:13.304063+00:00", "level": "INFO", "logger": "app.scheduler.manager", "msg": "scheduler.task_done", "request_id": "-", "provider": "-", "job": "market_tick", "status": "success", "ok": true}
{"ts": "2026-09-27T03:33:43.460697+00:00", "level": "INFO", "logger": "app.scheduler.manager", "msg": "scheduler.task_done", "request_id": "-", "provider": "-", "job": "market_tick", "status": "success", "ok": true}
{"ts": "2026-09-27T03:34:13.982327+00:00", "level": "INFO", "logger": "app.scheduler.manager", "msg": "scheduler.task_done", "request_id": "-", "provider": "-", "job": "market_tick", "status": "success", "ok": true}
{"ts": "2026-09-27T03:34:43.303386+00:00", "level": "INFO", "logger": "app.scheduler.manager", "msg": "scheduler.task_done", "request_id": "-", "provider": "-", "job": "market_tick", "status": "success", "ok": true}
{"ts": "2026-09-27T03:35:12.780186+00:00", "level": "INFO", "logger": "app.scheduler.manager", "msg": "scheduler.task_done", "request_id": "-", "provider": "-", "job": "health_probe", "status": "success", "ok": true}
{"ts": "2026-09-27T03:35:13.271114+00:00", "level": "INFO", "logger": "app.scheduler.manager", "msg": "scheduler.task_done", "request_id": "-", "provider": "-", "job": "market_tick", "status": "success", "ok": true}
{"ts": "2026-09-27T03:35:43.222104+00:00", "level": "INFO", "logger": "app.scheduler.manager", "msg": "scheduler.task_done", "request_id": "-", "provider": "-", "job": "market_tick", "status": "success", "ok": true}
{"ts": "2026-09-27T03:36:13.294407+00:00", "level": "INFO", "logger": "app.scheduler.manager", "msg": "scheduler.task_done", "request_id": "-", "provider": "-", "job": "market_tick", "status": "success", "ok": true}
{"ts": "2026-09-27T03:36:43.407660+00:00", "level": "INFO", "logger": "app.scheduler.manager", "msg": "scheduler.task_done", "request_id": "-", "provider": "-", "job": "market_tick", "status": "success", "ok": true}
{"ts": "2026-09-27T03:37:12.786382+00:00", "level": "INFO", "logger": "app.scheduler.manager", "msg": "scheduler.task_done", "request_id": "-", "provider": "-", "job": "health_probe", "status": "success", "ok": true}
{"ts": "2026-09-27T03:37:13.245077+00:00", "level": "INFO", "logger": "app.scheduler.manager", "msg": "scheduler.task_done", "request_id": "-", "provider": "-", "job": "market_1h", "status": "success", "ok": true}
{"ts": "2026-09-27T03:37:13.420158+00:00", "level": "INFO", "logger": "app.scheduler.manager", "msg": "scheduler.task_done", "request_id": "-", "provider": "-", "job": "derivatives", "status": "success", "ok": true}
{"ts": "2026-09-27T03:37:14.041345+00:00", "level": "INFO", "logger": "app.scheduler.manager", "msg": "scheduler.task_done", "request_id": "-", "provider": "-", "job": "market_tick", "status": "success", "ok": true}
{"ts": "2026-09-27T03:37:43.603917+00:00", "level": "INFO", "logger": "app.scheduler.manager", "msg": "scheduler.task_done", "request_id": "-", "provider": "-", "job": "market_tick", "status": "success", "ok": true}
{"ts": "2026-09-27T03:38:13.426939+00:00", "level": "INFO", "logger": "app.scheduler.manager", "msg": "scheduler.task_done", "request_id": "-", "provider": "-", "job": "market_tick", "status": "success", "ok": true}
{"ts": "2026-09-27T03:38:43.309999+00:00", "level": "INFO", "logger": "app.scheduler.manager", "msg": "scheduler.task_done", "request_id": "-", "provider": "-", "job": "market_tick", "status": "success", "ok": true}
{"ts": "2026-09-27T03:39:12.788518+00:00", "level": "INFO", "logger": "app.scheduler.manager", "msg": "scheduler.task_done", "request_id": "-", "provider": "-", "job": "health_probe", "status": "success", "ok": true}
{"ts": "2026-09-27T03:39:13.524620+00:00", "level": "INFO", "logger": "app.scheduler.manager", "msg": "scheduler.task_done", "request_id": "-", "provider": "-", "job": "market_tick", "status": "success", "ok": true}
{"ts": "2026-09-27T03:39:43.427403+00:00", "level": "INFO", "logger": "app.scheduler.manager", "msg": "scheduler.task_done", "request_id": "-", "provider": "-", "job": "market_tick", "status": "success", "ok": true}
{"ts": "2026-09-27T03:40:13.293454+00:00", "level": "INFO", "logger": "app.scheduler.manager", "msg": "scheduler.task_done", "request_id": "-", "provider": "-", "job": "market_tick", "status": "success", "ok": true}
{"ts": "2026-09-27T03:40:44.896009+00:00", "level": "INFO", "logger": "app.scheduler.manager", "msg": "scheduler.task_done", "request_id": "-", "provider": "-", "job": "market_tick", "status": "success", "ok": true}
{"ts": "2026-09-27T03:41:12.779573+00:00", "level": "INFO", "logger": "app.scheduler.manager", "msg": "scheduler.task_done", "request_id": "-", "provider": "-", "job": "health_probe", "status": "success", "ok": true}
{"ts": "2026-09-27T03:41:13.650380+00:00", "level": "INFO", "logger": "app.scheduler.manager", "msg": "scheduler.task_done", "request_id": "-", "provider": "-", "job": "market_tick", "status": "success", "ok": true}
{"ts": "2026-09-27T03:41:43.442632+00:00", "level": "INFO", "logger": "app.scheduler.manager", "msg": "scheduler.task_done", "request_id": "-", "provider": "-", "job": "market_tick", "status": "success", "ok": true}
{"ts": "2026-09-27T03:42:12.890779+00:00", "level": "INFO", "logger": "app.scheduler.manager", "msg": "scheduler.task_done", "request_id": "-", "provider": "-", "job": "market_1h", "status": "success", "ok": true}
{"ts": "2026-09-27T03:42:13.420024+00:00", "level": "INFO", "logger": "app.scheduler.manager", "msg": "scheduler.task_done", "request_id": "-", "provider": "-", "job": "derivatives", "status": "success", "ok": true}
{"ts": "2026-09-27T03:42:15.878660+00:00", "level": "INFO", "logger": "app.scheduler.manager", "msg": "scheduler.task_done", "request_id": "-", "provider": "-", "job": "market_tick", "status": "success", "ok": true}
{"ts": "2026-09-27T03:42:43.457230+00:00", "level": "INFO", "logger": "app.scheduler.manager", "msg": "scheduler.task_done", "request_id": "-", "provider": "-", "job": "market_tick", "status": "success", "ok": true}
{"ts": "2026-09-27T03:43:12.775548+00:00", "level": "INFO", "logger": "app.scheduler.manager", "msg": "scheduler.task_done", "request_id": "-", "provider": "-", "job": "health_probe", "status": "success", "ok": true}
{"ts": "2026-09-27T03:43:13.399501+00:00", "level": "INFO", "logger": "app.scheduler.manager", "msg": "scheduler.task_done", "request_id": "-", "provider": "-", "job": "market_tick", "status": "success", "ok": true}
{"ts": "2026-09-27T03:43:43.970514+00:00", "level": "INFO", "logger": "app.scheduler.manager", "msg": "scheduler.task_done", "request_id": "-", "provider": "-", "job": "market_tick", "status": "success", "ok": true}
{"ts": "2026-09-27T03:44:14.062611+00:00", "level": "INFO", "logger": "app.scheduler.manager", "msg": "scheduler.task_done", "request_id": "-", "provider": "-", "job": "market_tick", "status": "success", "ok": true}
{"ts": "2026-09-27T03:44:43.927327+00:00", "level": "INFO", "logger": "app.scheduler.manager", "msg": "scheduler.task_done", "request_id": "-", "provider": "-", "job": "market_tick", "status": "success", "ok": true}
{"ts": "2026-09-27T03:45:12.780449+00:00", "level": "INFO", "logger": "app.scheduler.manager", "msg": "scheduler.task_done", "request_id": "-", "provider": "-", "job": "health_probe", "status": "success", "ok": true}
{"ts": "2026-09-27T03:45:13.421779+00:00", "level": "INFO", "logger": "app.scheduler.manager", "msg": "scheduler.task_done", "request_id": "-", "provider": "-", "job": "market_tick", "status": "success", "ok": true}
{"ts": "2026-09-27T03:45:43.530045+00:00", "level": "INFO", "logger": "app.scheduler.manager", "msg": "scheduler.task_done", "request_id": "-", "provider": "-", "job": "market_tick", "status": "success", "ok": true}
{"ts": "2026-09-27T03:46:13.370308+00:00", "level": "INFO", "logger": "app.scheduler.manager", "msg": "scheduler.task_done", "request_id": "-", "provider": "-", "job": "market_tick", "status": "success", "ok": true}
{"ts": "2026-09-27T03:46:43.311239+00:00", "level": "INFO", "logger": "app.scheduler.manager", "msg": "scheduler.task_done", "request_id": "-", "provider": "-", "job": "market_tick", "status": "success", "ok": true}
{"ts": "2026-09-27T03:47:12.790278+00:00", "level": "INFO", "logger": "app.scheduler.manager", "msg": "scheduler.task_done", "request_id": "-", "provider": "-", "job": "health_probe", "status": "success", "ok": true}
{"ts": "2026-09-27T03:47:12.900113+00:00", "level": "INFO", "logger": "app.scheduler.manager", "msg": "scheduler.task_done", "request_id": "-", "provider": "-", "job": "market_1d", "status": "success", "ok": true}
{"ts": "2026-09-27T03:47:13.295863+00:00", "level": "INFO", "logger": "app.scheduler.manager", "msg": "scheduler.task_done", "request_id": "-", "provider": "-", "job": "market_1h", "status": "success", "ok": true}
{"ts": "2026-09-27T03:47:13.442001+00:00", "level": "INFO", "logger": "app.scheduler.manager", "msg": "scheduler.task_done", "request_id": "-", "provider": "-", "job": "derivatives", "status": "success", "ok": true}
{"ts": "2026-09-27T03:47:15.781113+00:00", "level": "INFO", "logger": "app.scheduler.manager", "msg": "scheduler.task_done", "request_id": "-", "provider": "-", "job": "market_tick", "status": "success", "ok": true}
{"ts": "2026-09-27T03:47:43.397838+00:00", "level": "INFO", "logger": "app.scheduler.manager", "msg": "scheduler.task_done", "request_id": "-", "provider": "-", "job": "market_tick", "status": "success", "ok": true}
{"ts": "2026-09-27T03:48:13.421315+00:00", "level": "INFO", "logger": "app.scheduler.manager", "msg": "scheduler.task_done", "request_id": "-", "provider": "-", "job": "market_tick", "status": "success", "ok": true}
{"ts": "2026-09-27T03:48:43.780831+00:00", "level": "INFO", "logger": "app.scheduler.manager", "msg": "scheduler.task_done", "request_id": "-", "provider": "-", "job": "market_tick", "status": "success", "ok": true}
{"ts": "2026-09-27T03:49:12.788536+00:00", "level": "INFO", "logger": "app.scheduler.manager", "msg": "scheduler.task_done", "request_id": "-", "provider": "-", "job": "health_probe", "status": "success", "ok": true}
{"ts": "2026-09-27T03:49:13.413939+00:00", "level": "INFO", "logger": "app.scheduler.manager", "msg": "scheduler.task_done", "request_id": "-", "provider": "-", "job": "market_tick", "status": "success", "ok": true}
{"ts": "2026-09-27T03:49:43.297980+00:00", "level": "INFO", "logger": "app.scheduler.manager", "msg": "scheduler.task_done", "request_id": "-", "provider": "-", "job": "market_tick", "status": "success", "ok": true}
{"ts": "2026-09-27T03:50:14.101803+00:00", "level": "INFO", "logger": "app.scheduler.manager", "msg": "scheduler.task_done", "request_id": "-", "provider": "-", "job": "market_tick", "status": "success", "ok": true}
{"ts": "2026-09-27T03:50:43.294438+00:00", "level": "INFO", "logger": "app.scheduler.manager", "msg": "scheduler.task_done", "request_id": "-", "provider": "-", "job": "market_tick", "status": "success", "ok": true}
{"ts": "2026-09-27T03:51:12.781572+00:00", "level": "INFO", "logger": "app.scheduler.manager", "msg": "scheduler.task_done", "request_id": "-", "provider": "-", "job": "health_probe", "status": "success", "ok": true}
{"ts": "2026-09-27T03:51:13.978367+00:00", "level": "INFO", "logger": "app.scheduler.manager", "msg": "scheduler.task_done", "request_id": "-", "provider": "-", "job": "market_tick", "status": "success", "ok": true}
{"ts": "2026-09-27T03:51:43.403430+00:00", "level": "INFO", "logger": "app.scheduler.manager", "msg": "scheduler.task_done", "request_id": "-", "provider": "-", "job": "market_tick", "status": "success", "ok": true}
{"ts": "2026-09-27T03:52:12.893478+00:00", "level": "INFO", "logger": "app.scheduler.manager", "msg": "scheduler.task_done", "request_id": "-", "provider": "-", "job": "market_1h", "status": "success", "ok": true}
{"ts": "2026-09-27T03:52:13.386750+00:00", "level": "INFO", "logger": "app.scheduler.manager", "msg": "scheduler.task_done", "request_id": "-", "provider": "-", "job": "derivatives", "status": "success", "ok": true}
{"ts": "2026-09-27T03:52:13.718934+00:00", "level": "INFO", "logger": "app.scheduler.manager", "msg": "scheduler.task_done", "request_id": "-", "provider": "-", "job": "market_tick", "status": "success", "ok": true}
{"ts": "2026-09-27T03:52:43.671645+00:00", "level": "INFO", "logger": "app.scheduler.manager", "msg": "scheduler.task_done", "request_id": "-", "provider": "-", "job": "market_tick", "status": "success", "ok": true}
{"ts": "2026-09-27T03:53:12.774305+00:00", "level": "INFO", "logger": "app.scheduler.manager", "msg": "scheduler.task_done", "request_id": "-", "provider": "-", "job": "health_probe", "status": "success", "ok": true}
{"ts": "2026-09-27T03:53:13.437365+00:00", "level": "INFO", "logger": "app.scheduler.manager", "msg": "scheduler.task_done", "request_id": "-", "provider": "-", "job": "market_tick", "status": "success", "ok": true}
{"ts": "2026-09-27T03:53:43.290106+00:00", "level": "INFO", "logger": "app.scheduler.manager", "msg": "scheduler.task_done", "request_id": "-", "provider": "-", "job": "market_tick", "status": "success", "ok": true}
{"ts": "2026-09-27T03:54:13.361908+00:00", "level": "INFO", "logger": "app.scheduler.manager", "msg": "scheduler.task_done", "request_id": "-", "provider": "-", "job": "market_tick", "status": "success", "ok": true}
{"ts": "2026-09-27T03:54:45.270865+00:00", "level": "INFO", "logger": "app.scheduler.manager", "msg": "scheduler.task_done", "request_id": "-", "provider": "-", "job": "market_tick", "status": "success", "ok": true}
{"ts": "2026-09-27T03:55:12.783398+00:00", "level": "INFO", "logger": "app.scheduler.manager", "msg": "scheduler.task_done", "request_id": "-", "provider": "-", "job": "health_probe", "status": "success", "ok": true}
{"ts": "2026-09-27T03:55:13.413488+00:00", "level": "INFO", "logger": "app.scheduler.manager", "msg": "scheduler.task_done", "request_id": "-", "provider": "-", "job": "market_tick", "status": "success", "ok": true}
{"ts": "2026-09-27T03:55:44.009753+00:00", "level": "INFO", "logger": "app.scheduler.manager", "msg": "scheduler.task_done", "request_id": "-", "provider": "-", "job": "market_tick", "status": "success", "ok": true}
{"ts": "2026-09-27T03:56:13.372001+00:00", "level": "INFO", "logger": "app.scheduler.manager", "msg": "scheduler.task_done", "request_id": "-", "provider": "-", "job": "market_tick", "status": "success", "ok": true}
{"ts": "2026-09-27T03:56:43.372164+00:00", "level": "INFO", "logger": "app.scheduler.manager", "msg": "scheduler.task_done", "request_id": "-", "provider": "-", "job": "market_tick", "status": "success", "ok": true}
{"ts": "2026-09-27T03:57:12.778401+00:00", "level": "INFO", "logger": "app.scheduler.manager", "msg": "scheduler.task_done", "request_id": "-", "provider": "-", "job": "health_probe", "status": "success", "ok": true}
{"ts": "2026-09-27T03:57:12.892782+00:00", "level": "INFO", "logger": "app.scheduler.manager", "msg": "scheduler.task_done", "request_id": "-", "provider": "-", "job": "market_1h", "status": "success", "ok": true}
{"ts": "2026-09-27T03:57:13.419508+00:00", "level": "INFO", "logger": "app.scheduler.manager", "msg": "scheduler.task_done", "request_id": "-", "provider": "-", "job": "derivatives", "status": "success", "ok": true}
{"ts": "2026-09-27T03:57:13.649521+00:00", "level": "INFO", "logger": "app.scheduler.manager", "msg": "scheduler.task_done", "request_id": "-", "provider": "-", "job": "market_tick", "status": "success", "ok": true}
{"ts": "2026-09-27T03:57:43.593535+00:00", "level": "INFO", "logger": "app.scheduler.manager", "msg": "scheduler.task_done", "request_id": "-", "provider": "-", "job": "market_tick", "status": "success", "ok": true}
{"ts": "2026-09-27T03:58:13.434031+00:00", "level": "INFO", "logger": "app.scheduler.manager", "msg": "scheduler.task_done", "request_id": "-", "provider": "-", "job": "market_tick", "status": "success", "ok": true}
{"ts": "2026-09-27T03:58:43.306714+00:00", "level": "INFO", "logger": "app.scheduler.manager", "msg": "scheduler.task_done", "request_id": "-", "provider": "-", "job": "market_tick", "status": "success", "ok": true}
{"ts": "2026-09-27T03:59:12.782322+00:00", "level": "INFO", "logger": "app.scheduler.manager", "msg": "scheduler.task_done", "request_id": "-", "provider": "-", "job": "health_probe", "status": "success", "ok": true}
{"ts": "2026-09-27T03:59:13.378564+00:00", "level": "INFO", "logger": "app.scheduler.manager", "msg": "scheduler.task_done", "request_id": "-", "provider": "-", "job": "market_tick", "status": "success", "ok": true}
{"ts": "2026-09-27T03:59:43.522966+00:00", "level": "INFO", "logger": "app.scheduler.manager", "msg": "scheduler.task_done", "request_id": "-", "provider": "-", "job": "market_tick", "status": "success", "ok": true}
{"ts": "2026-09-27T04:00:13.382724+00:00", "level": "INFO", "logger": "app.scheduler.manager", "msg": "scheduler.task_done", "request_id": "-", "provider": "-", "job": "market_tick", "status": "success", "ok": true}
{"ts": "2026-09-27T04:00:43.629207+00:00", "level": "INFO", "logger": "app.scheduler.manager", "msg": "scheduler.task_done", "request_id": "-", "provider": "-", "job": "market_tick", "status": "success", "ok": true}
{"ts": "2026-09-27T04:01:12.777302+00:00", "level": "INFO", "logger": "app.scheduler.manager", "msg": "scheduler.task_done", "request_id": "-", "provider": "-", "job": "health_probe", "status": "success", "ok": true}
{"ts": "2026-09-27T04:01:14.548018+00:00", "level": "INFO", "logger": "app.scheduler.manager", "msg": "scheduler.task_done", "request_id": "-", "provider": "-", "job": "market_tick", "status": "success", "ok": true}
{"ts": "2026-09-27T04:01:43.400056+00:00", "level": "INFO", "logger": "app.scheduler.manager", "msg": "scheduler.task_done", "request_id": "-", "provider": "-", "job": "market_tick", "status": "success", "ok": true}
{"ts": "2026-09-27T04:02:13.234595+00:00", "level": "INFO", "logger": "app.scheduler.manager", "msg": "scheduler.task_done", "request_id": "-", "provider": "-", "job": "market_1h", "status": "success", "ok": true}
{"ts": "2026-09-27T04:02:13.377580+00:00", "level": "INFO", "logger": "app.scheduler.manager", "msg": "scheduler.task_done", "request_id": "-", "provider": "-", "job": "market_tick", "status": "success", "ok": true}
{"ts": "2026-09-27T04:02:13.411440+00:00", "level": "INFO", "logger": "app.scheduler.manager", "msg": "scheduler.task_done", "request_id": "-", "provider": "-", "job": "derivatives", "status": "success", "ok": true}
{"ts": "2026-09-27T04:02:43.391938+00:00", "level": "INFO", "logger": "app.scheduler.manager", "msg": "scheduler.task_done", "request_id": "-", "provider": "-", "job": "market_tick", "status": "success", "ok": true}
{"ts": "2026-09-27T04:03:12.784082+00:00", "level": "INFO", "logger": "app.scheduler.manager", "msg": "scheduler.task_done", "request_id": "-", "provider": "-", "job": "health_probe", "status": "success", "ok": true}
{"ts": "2026-09-27T04:03:13.380013+00:00", "level": "INFO", "logger": "app.scheduler.manager", "msg": "scheduler.task_done", "request_id": "-", "provider": "-", "job": "market_tick", "status": "success", "ok": true}
{"ts": "2026-09-27T04:03:44.973783+00:00", "level": "INFO", "logger": "app.scheduler.manager", "msg": "scheduler.task_done", "request_id": "-", "provider": "-", "job": "market_tick", "status": "success", "ok": true}
{"ts": "2026-09-27T04:04:13.624464+00:00", "level": "INFO", "logger": "app.scheduler.manager", "msg": "scheduler.task_done", "request_id": "-", "provider": "-", "job": "market_tick", "status": "success", "ok": true}
{"ts": "2026-09-27T04:04:43.770796+00:00", "level": "INFO", "logger": "app.scheduler.manager", "msg": "scheduler.task_done", "request_id": "-", "provider": "-", "job": "market_tick", "status": "success", "ok": true}
{"ts": "2026-09-27T04:05:12.788295+00:00", "level": "INFO", "logger": "app.scheduler.manager", "msg": "scheduler.task_done", "request_id": "-", "provider": "-", "job": "health_probe", "status": "success", "ok": true}
{"ts": "2026-09-27T04:05:13.932552+00:00", "level": "INFO", "logger": "app.scheduler.manager", "msg": "scheduler.task_done", "request_id": "-", "provider": "-", "job": "market_tick", "status": "success", "ok": true}
{"ts": "2026-09-27T04:05:43.510135+00:00", "level": "INFO", "logger": "app.scheduler.manager", "msg": "scheduler.task_done", "request_id": "-", "provider": "-", "job": "market_tick", "status": "success", "ok": true}
{"ts": "2026-09-27T04:06:13.525739+00:00", "level": "INFO", "logger": "app.scheduler.manager", "msg": "scheduler.task_done", "request_id": "-", "provider": "-", "job": "market_tick", "status": "success", "ok": true}
{"ts": "2026-09-27T04:06:43.737129+00:00", "level": "INFO", "logger": "app.scheduler.manager", "msg": "scheduler.task_done", "request_id": "-", "provider": "-", "job": "market_tick", "status": "success", "ok": true}
{"ts": "2026-09-27T04:07:12.786507+00:00", "level": "INFO", "logger": "app.scheduler.manager", "msg": "scheduler.task_done", "request_id": "-", "provider": "-", "job": "health_probe", "status": "success", "ok": true}
{"ts": "2026-09-27T04:07:13.209982+00:00", "level": "INFO", "logger": "app.scheduler.manager", "msg": "scheduler.task_done", "request_id": "-", "provider": "-", "job": "market_1h", "status": "success", "ok": true}
{"ts": "2026-09-27T04:07:13.394652+00:00", "level": "INFO", "logger": "app.scheduler.manager", "msg": "scheduler.task_done", "request_id": "-", "provider": "-", "job": "derivatives", "status": "success", "ok": true}
{"ts": "2026-09-27T04:07:13.520130+00:00", "level": "INFO", "logger": "app.scheduler.manager", "msg": "scheduler.task_done", "request_id": "-", "provider": "-", "job": "market_tick", "status": "success", "ok": true}
{"ts": "2026-09-27T04:07:43.410978+00:00", "level": "INFO", "logger": "app.scheduler.manager", "msg": "scheduler.task_done", "request_id": "-", "provider": "-", "job": "market_tick", "status": "success", "ok": true}
{"ts": "2026-09-27T04:08:13.364464+00:00", "level": "INFO", "logger": "app.scheduler.manager", "msg": "scheduler.task_done", "request_id": "-", "provider": "-", "job": "market_tick", "status": "success", "ok": true}
{"ts": "2026-09-27T04:08:43.378777+00:00", "level": "INFO", "logger": "app.scheduler.manager", "msg": "scheduler.task_done", "request_id": "-", "provider": "-", "job": "market_tick", "status": "success", "ok": true}
{"ts": "2026-09-27T04:09:12.780290+00:00", "level": "INFO", "logger": "app.scheduler.manager", "msg": "scheduler.task_done", "request_id": "-", "provider": "-", "job": "health_probe", "status": "success", "ok": true}
{"ts": "2026-09-27T04:09:13.505229+00:00", "level": "INFO", "logger": "app.scheduler.manager", "msg": "scheduler.task_done", "request_id": "-", "provider": "-", "job": "market_tick", "status": "success", "ok": true}
{"ts": "2026-09-27T04:09:43.360863+00:00", "level": "INFO", "logger": "app.scheduler.manager", "msg": "scheduler.task_done", "request_id": "-", "provider": "-", "job": "market_tick", "status": "success", "ok": true}
{"ts": "2026-09-27T04:10:13.369669+00:00", "level": "INFO", "logger": "app.scheduler.manager", "msg": "scheduler.task_done", "request_id": "-", "provider": "-", "job": "market_tick", "status": "success", "ok": true}
{"ts": "2026-09-27T04:10:43.292105+00:00", "level": "INFO", "logger": "app.scheduler.manager", "msg": "scheduler.task_done", "request_id": "-", "provider": "-", "job": "market_tick", "status": "success", "ok": true}
{"ts": "2026-09-27T04:11:12.776891+00:00", "level": "INFO", "logger": "app.scheduler.manager", "msg": "scheduler.task_done", "request_id": "-", "provider": "-", "job": "health_probe", "status": "success", "ok": true}
{"ts": "2026-09-27T04:11:13.425650+00:00", "level": "INFO", "logger": "app.scheduler.manager", "msg": "scheduler.task_done", "request_id": "-", "provider": "-", "job": "market_tick", "status": "success", "ok": true}
{"ts": "2026-09-27T04:11:43.313247+00:00", "level": "INFO", "logger": "app.scheduler.manager", "msg": "scheduler.task_done", "request_id": "-", "provider": "-", "job": "market_tick", "status": "success", "ok": true}
{"ts": "2026-09-27T04:12:12.900780+00:00", "level": "INFO", "logger": "app.scheduler.manager", "msg": "scheduler.task_done", "request_id": "-", "provider": "-", "job": "market_1h", "status": "success", "ok": true}
{"ts": "2026-09-27T04:12:13.384729+00:00", "level": "INFO", "logger": "app.scheduler.manager", "msg": "scheduler.task_done", "request_id": "-", "provider": "-", "job": "derivatives", "status": "success", "ok": true}
{"ts": "2026-09-27T04:12:13.732461+00:00", "level": "INFO", "logger": "app.scheduler.manager", "msg": "scheduler.task_done", "request_id": "-", "provider": "-", "job": "market_tick", "status": "success", "ok": true}
{"ts": "2026-09-27T04:12:43.321474+00:00", "level": "INFO", "logger": "app.scheduler.manager", "msg": "scheduler.task_done", "request_id": "-", "provider": "-", "job": "market_tick", "status": "success", "ok": true}
{"ts": "2026-09-27T04:13:12.785097+00:00", "level": "INFO", "logger": "app.scheduler.manager", "msg": "scheduler.task_done", "request_id": "-", "provider": "-", "job": "health_probe", "status": "success", "ok": true}
{"ts": "2026-09-27T04:13:13.408974+00:00", "level": "INFO", "logger": "app.scheduler.manager", "msg": "scheduler.task_done", "request_id": "-", "provider": "-", "job": "market_tick", "status": "success", "ok": true}
{"ts": "2026-09-27T04:13:43.971831+00:00", "level": "INFO", "logger": "app.scheduler.manager", "msg": "scheduler.task_done", "request_id": "-", "provider": "-", "job": "market_tick", "status": "success", "ok": true}
{"ts": "2026-09-27T04:14:13.320527+00:00", "level": "INFO", "logger": "app.scheduler.manager", "msg": "scheduler.task_done", "request_id": "-", "provider": "-", "job": "market_tick", "status": "success", "ok": true}
{"ts": "2026-09-27T04:14:43.249006+00:00", "level": "INFO", "logger": "app.scheduler.manager", "msg": "scheduler.task_done", "request_id": "-", "provider": "-", "job": "market_tick", "status": "success", "ok": true}
{"ts": "2026-09-27T04:15:12.778719+00:00", "level": "INFO", "logger": "app.scheduler.manager", "msg": "scheduler.task_done", "request_id": "-", "provider": "-", "job": "health_probe", "status": "success", "ok": true}
{"ts": "2026-09-27T04:15:13.767008+00:00", "level": "INFO", "logger": "app.scheduler.manager", "msg": "scheduler.task_done", "request_id": "-", "provider": "-", "job": "market_tick", "status": "success", "ok": true}
{"ts": "2026-09-27T04:15:43.280257+00:00", "level": "INFO", "logger": "app.scheduler.manager", "msg": "scheduler.task_done", "request_id": "-", "provider": "-", "job": "market_tick", "status": "success", "ok": true}
{"ts": "2026-09-27T04:16:13.521946+00:00", "level": "INFO", "logger": "app.scheduler.manager", "msg": "scheduler.task_done", "request_id": "-", "provider": "-", "job": "market_tick", "status": "success", "ok": true}
{"ts": "2026-09-27T04:16:43.337278+00:00", "level": "INFO", "logger": "app.scheduler.manager", "msg": "scheduler.task_done", "request_id": "-", "provider": "-", "job": "market_tick", "status": "success", "ok": true}
{"ts": "2026-09-27T04:17:12.789544+00:00", "level": "INFO", "logger": "app.scheduler.manager", "msg": "scheduler.task_done", "request_id": "-", "provider": "-", "job": "health_probe", "status": "success", "ok": true}
{"ts": "2026-09-27T04:17:12.849861+00:00", "level": "INFO", "logger": "app.scheduler.manager", "msg": "scheduler.task_done", "request_id": "-", "provider": "-", "job": "gap_repair", "status": "success", "ok": true}
{"ts": "2026-09-27T04:17:12.889214+00:00", "level": "INFO", "logger": "app.scheduler.manager", "msg": "scheduler.task_done", "request_id": "-", "provider": "-", "job": "quality", "status": "success", "ok": true}
{"ts": "2026-09-27T04:17:13.215126+00:00", "level": "INFO", "logger": "app.scheduler.manager", "msg": "scheduler.task_done", "request_id": "-", "provider": "-", "job": "market_1h", "status": "success", "ok": true}
{"ts": "2026-09-27T04:17:13.243251+00:00", "level": "INFO", "logger": "app.scheduler.manager", "msg": "scheduler.task_done", "request_id": "-", "provider": "-", "job": "market_1d", "status": "success", "ok": true}
{"ts": "2026-09-27T04:17:13.444071+00:00", "level": "INFO", "logger": "app.scheduler.manager", "msg": "scheduler.task_done", "request_id": "-", "provider": "-", "job": "derivatives", "status": "success", "ok": true}
{"ts": "2026-09-27T04:17:13.982829+00:00", "level": "INFO", "logger": "app.scheduler.manager", "msg": "scheduler.task_done", "request_id": "-", "provider": "-", "job": "sentiment", "status": "success", "ok": true}
{"ts": "2026-09-27T04:17:14.046070+00:00", "level": "INFO", "logger": "app.scheduler.manager", "msg": "scheduler.task_done", "request_id": "-", "provider": "-", "job": "market_tick", "status": "success", "ok": true}
{"ts": "2026-09-27T04:17:14.673241+00:00", "level": "INFO", "logger": "app.scheduler.manager", "msg": "scheduler.task_done", "request_id": "-", "provider": "-", "job": "onchain", "status": "success", "ok": true}
{"ts": "2026-09-27T04:17:43.325830+00:00", "level": "INFO", "logger": "app.scheduler.manager", "msg": "scheduler.task_done", "request_id": "-", "provider": "-", "job": "market_tick", "status": "success", "ok": true}
{"ts": "2026-09-27T04:18:13.379128+00:00", "level": "INFO", "logger": "app.scheduler.manager", "msg": "scheduler.task_done", "request_id": "-", "provider": "-", "job": "market_tick", "status": "success", "ok": true}
{"ts": "2026-09-27T04:18:43.375094+00:00", "level": "INFO", "logger": "app.scheduler.manager", "msg": "scheduler.task_done", "request_id": "-", "provider": "-", "job": "market_tick", "status": "success", "ok": true}
{"ts": "2026-09-27T04:19:12.777907+00:00", "level": "INFO", "logger": "app.scheduler.manager", "msg": "scheduler.task_done", "request_id": "-", "provider": "-", "job": "health_probe", "status": "success", "ok": true}
{"ts": "2026-09-27T04:19:13.303659+00:00", "level": "INFO", "logger": "app.scheduler.manager", "msg": "scheduler.task_done", "request_id": "-", "provider": "-", "job": "market_tick", "status": "success", "ok": true}
{"ts": "2026-09-27T04:19:43.598637+00:00", "level": "INFO", "logger": "app.scheduler.manager", "msg": "scheduler.task_done", "request_id": "-", "provider": "-", "job": "market_tick", "status": "success", "ok": true}
{"ts": "2026-09-27T04:20:13.598292+00:00", "level": "INFO", "logger": "app.scheduler.manager", "msg": "scheduler.task_done", "request_id": "-", "provider": "-", "job": "market_tick", "status": "success", "ok": true}
{"ts": "2026-09-27T04:20:43.630536+00:00", "level": "INFO", "logger": "app.scheduler.manager", "msg": "scheduler.task_done", "request_id": "-", "provider": "-", "job": "market_tick", "status": "success", "ok": true}
{"ts": "2026-09-27T04:21:12.782057+00:00", "level": "INFO", "logger": "app.scheduler.manager", "msg": "scheduler.task_done", "request_id": "-", "provider": "-", "job": "health_probe", "status": "success", "ok": true}
{"ts": "2026-09-27T04:21:13.382195+00:00", "level": "INFO", "logger": "app.scheduler.manager", "msg": "scheduler.task_done", "request_id": "-", "provider": "-", "job": "market_tick", "status": "success", "ok": true}
{"ts": "2026-09-27T04:21:44.099485+00:00", "level": "INFO", "logger": "app.scheduler.manager", "msg": "scheduler.task_done", "request_id": "-", "provider": "-", "job": "market_tick", "status": "success", "ok": true}
{"ts": "2026-09-27T04:22:13.201756+00:00", "level": "INFO", "logger": "app.scheduler.manager", "msg": "scheduler.task_done", "request_id": "-", "provider": "-", "job": "market_1h", "status": "success", "ok": true}
{"ts": "2026-09-27T04:22:13.436070+00:00", "level": "INFO", "logger": "app.scheduler.manager", "msg": "scheduler.task_done", "request_id": "-", "provider": "-", "job": "derivatives", "status": "success", "ok": true}
{"ts": "2026-09-27T04:22:13.600769+00:00", "level": "INFO", "logger": "app.scheduler.manager", "msg": "scheduler.task_done", "request_id": "-", "provider": "-", "job": "market_tick", "status": "success", "ok": true}
{"ts": "2026-09-27T04:22:43.376049+00:00", "level": "INFO", "logger": "app.scheduler.manager", "msg": "scheduler.task_done", "request_id": "-", "provider": "-", "job": "market_tick", "status": "success", "ok": true}
{"ts": "2026-09-27T04:23:12.777983+00:00", "level": "INFO", "logger": "app.scheduler.manager", "msg": "scheduler.task_done", "request_id": "-", "provider": "-", "job": "health_probe", "status": "success", "ok": true}
{"ts": "2026-09-27T04:23:13.301760+00:00", "level": "INFO", "logger": "app.scheduler.manager", "msg": "scheduler.task_done", "request_id": "-", "provider": "-", "job": "market_tick", "status": "success", "ok": true}
{"ts": "2026-09-27T04:23:43.379012+00:00", "level": "INFO", "logger": "app.scheduler.manager", "msg": "scheduler.task_done", "request_id": "-", "provider": "-", "job": "market_tick", "status": "success", "ok": true}
{"ts": "2026-09-27T04:24:13.277999+00:00", "level": "INFO", "logger": "app.scheduler.manager", "msg": "scheduler.task_done", "request_id": "-", "provider": "-", "job": "market_tick", "status": "success", "ok": true}
{"ts": "2026-09-27T04:24:43.304603+00:00", "level": "INFO", "logger": "app.scheduler.manager", "msg": "scheduler.task_done", "request_id": "-", "provider": "-", "job": "market_tick", "status": "success", "ok": true}
{"ts": "2026-09-27T04:25:12.781832+00:00", "level": "INFO", "logger": "app.scheduler.manager", "msg": "scheduler.task_done", "request_id": "-", "provider": "-", "job": "health_probe", "status": "success", "ok": true}
{"ts": "2026-09-27T04:25:13.630189+00:00", "level": "INFO", "logger": "app.scheduler.manager", "msg": "scheduler.task_done", "request_id": "-", "provider": "-", "job": "market_tick", "status": "success", "ok": true}
{"ts": "2026-09-27T04:25:43.684698+00:00", "level": "INFO", "logger": "app.scheduler.manager", "msg": "scheduler.task_done", "request_id": "-", "provider": "-", "job": "market_tick", "status": "success", "ok": true}
{"ts": "2026-09-27T04:26:13.468176+00:00", "level": "INFO", "logger": "app.scheduler.manager", "msg": "scheduler.task_done", "request_id": "-", "provider": "-", "job": "market_tick", "status": "success", "ok": true}
{"ts": "2026-09-27T04:26:43.432034+00:00", "level": "INFO", "logger": "app.scheduler.manager", "msg": "scheduler.task_done", "request_id": "-", "provider": "-", "job": "market_tick", "status": "success", "ok": true}
{"ts": "2026-09-27T04:27:12.780387+00:00", "level": "INFO", "logger": "app.scheduler.manager", "msg": "scheduler.task_done", "request_id": "-", "provider": "-", "job": "health_probe", "status": "success", "ok": true}
{"ts": "2026-09-27T04:27:13.245851+00:00", "level": "INFO", "logger": "app.scheduler.manager", "msg": "scheduler.task_done", "request_id": "-", "provider": "-", "job": "market_1h", "status": "success", "ok": true}
{"ts": "2026-09-27T04:27:13.402854+00:00", "level": "INFO", "logger": "app.scheduler.manager", "msg": "scheduler.task_done", "request_id": "-", "provider": "-", "job": "derivatives", "status": "success", "ok": true}
{"ts": "2026-09-27T04:27:13.685221+00:00", "level": "INFO", "logger": "app.scheduler.manager", "msg": "scheduler.task_done", "request_id": "-", "provider": "-", "job": "market_tick", "status": "success", "ok": true}
{"ts": "2026-09-27T04:27:43.835583+00:00", "level": "INFO", "logger": "app.scheduler.manager", "msg": "scheduler.task_done", "request_id": "-", "provider": "-", "job": "market_tick", "status": "success", "ok": true}
{"ts": "2026-09-27T04:28:13.831766+00:00", "level": "INFO", "logger": "app.scheduler.manager", "msg": "scheduler.task_done", "request_id": "-", "provider": "-", "job": "market_tick", "status": "success", "ok": true}
{"ts": "2026-09-27T04:28:44.052407+00:00", "level": "INFO", "logger": "app.scheduler.manager", "msg": "scheduler.task_done", "request_id": "-", "provider": "-", "job": "market_tick", "status": "success", "ok": true}
{"ts": "2026-09-27T04:29:12.788719+00:00", "level": "INFO", "logger": "app.scheduler.manager", "msg": "scheduler.task_done", "request_id": "-", "provider": "-", "job": "health_probe", "status": "success", "ok": true}
{"ts": "2026-09-27T04:29:13.381333+00:00", "level": "INFO", "logger": "app.scheduler.manager", "msg": "scheduler.task_done", "request_id": "-", "provider": "-", "job": "market_tick", "status": "success", "ok": true}
{"ts": "2026-09-27T04:29:43.375418+00:00", "level": "INFO", "logger": "app.scheduler.manager", "msg": "scheduler.task_done", "request_id": "-", "provider": "-", "job": "market_tick", "status": "success", "ok": true}
{"ts": "2026-09-27T04:30:13.519337+00:00", "level": "INFO", "logger": "app.scheduler.manager", "msg": "scheduler.task_done", "request_id": "-", "provider": "-", "job": "market_tick", "status": "success", "ok": true}
{"ts": "2026-09-27T04:30:43.717316+00:00", "level": "INFO", "logger": "app.scheduler.manager", "msg": "scheduler.task_done", "request_id": "-", "provider": "-", "job": "market_tick", "status": "success", "ok": true}
{"ts": "2026-09-27T04:31:12.789926+00:00", "level": "INFO", "logger": "app.scheduler.manager", "msg": "scheduler.task_done", "request_id": "-", "provider": "-", "job": "health_probe", "status": "success", "ok": true}
{"ts": "2026-09-27T04:31:13.430951+00:00", "level": "INFO", "logger": "app.scheduler.manager", "msg": "scheduler.task_done", "request_id": "-", "provider": "-", "job": "market_tick", "status": "success", "ok": true}
{"ts": "2026-09-27T04:31:43.383106+00:00", "level": "INFO", "logger": "app.scheduler.manager", "msg": "scheduler.task_done", "request_id": "-", "provider": "-", "job": "market_tick", "status": "success", "ok": true}
{"ts": "2026-09-27T04:32:13.335948+00:00", "level": "INFO", "logger": "app.scheduler.manager", "msg": "scheduler.task_done", "request_id": "-", "provider": "-", "job": "market_1h", "status": "success", "ok": true}
{"ts": "2026-09-27T04:32:13.426335+00:00", "level": "INFO", "logger": "app.scheduler.manager", "msg": "scheduler.task_done", "request_id": "-", "provider": "-", "job": "derivatives", "status": "success", "ok": true}
{"ts": "2026-09-27T04:32:15.371417+00:00", "level": "INFO", "logger": "app.scheduler.manager", "msg": "scheduler.task_done", "request_id": "-", "provider": "-", "job": "market_tick", "status": "success", "ok": true}
{"ts": "2026-09-27T04:32:43.912653+00:00", "level": "INFO", "logger": "app.scheduler.manager", "msg": "scheduler.task_done", "request_id": "-", "provider": "-", "job": "market_tick", "status": "success", "ok": true}
{"ts": "2026-09-27T04:33:12.784900+00:00", "level": "INFO", "logger": "app.scheduler.manager", "msg": "scheduler.task_done", "request_id": "-", "provider": "-", "job": "health_probe", "status": "success", "ok": true}
{"ts": "2026-09-27T04:33:14.192781+00:00", "level": "INFO", "logger": "app.scheduler.manager", "msg": "scheduler.task_done", "request_id": "-", "provider": "-", "job": "market_tick", "status": "success", "ok": true}
{"ts": "2026-09-27T04:33:43.295212+00:00", "level": "INFO", "logger": "app.scheduler.manager", "msg": "scheduler.task_done", "request_id": "-", "provider": "-", "job": "market_tick", "status": "success", "ok": true}
{"ts": "2026-09-27T04:34:14.030591+00:00", "level": "INFO", "logger": "app.scheduler.manager", "msg": "scheduler.task_done", "request_id": "-", "provider": "-", "job": "market_tick", "status": "success", "ok": true}
{"ts": "2026-09-27T04:34:43.530123+00:00", "level": "INFO", "logger": "app.scheduler.manager", "msg": "scheduler.task_done", "request_id": "-", "provider": "-", "job": "market_tick", "status": "success", "ok": true}
{"ts": "2026-09-27T04:35:12.783848+00:00", "level": "INFO", "logger": "app.scheduler.manager", "msg": "scheduler.task_done", "request_id": "-", "provider": "-", "job": "health_probe", "status": "success", "ok": true}
{"ts": "2026-09-27T04:35:13.527243+00:00", "level": "INFO", "logger": "app.scheduler.manager", "msg": "scheduler.task_done", "request_id": "-", "provider": "-", "job": "market_tick", "status": "success", "ok": true}
{"ts": "2026-09-27T04:35:43.295441+00:00", "level": "INFO", "logger": "app.scheduler.manager", "msg": "scheduler.task_done", "request_id": "-", "provider": "-", "job": "market_tick", "status": "success", "ok": true}
{"ts": "2026-09-27T04:36:13.838268+00:00", "level": "INFO", "logger": "app.scheduler.manager", "msg": "scheduler.task_done", "request_id": "-", "provider": "-", "job": "market_tick", "status": "success", "ok": true}
{"ts": "2026-09-27T04:36:45.224426+00:00", "level": "INFO", "logger": "app.scheduler.manager", "msg": "scheduler.task_done", "request_id": "-", "provider": "-", "job": "market_tick", "status": "success", "ok": true}
{"ts": "2026-09-27T04:37:12.781270+00:00", "level": "INFO", "logger": "app.scheduler.manager", "msg": "scheduler.task_done", "request_id": "-", "provider": "-", "job": "health_probe", "status": "success", "ok": true}
{"ts": "2026-09-27T04:37:13.283695+00:00", "level": "INFO", "logger": "app.scheduler.manager", "msg": "scheduler.task_done", "request_id": "-", "provider": "-", "job": "market_1h", "status": "success", "ok": true}
{"ts": "2026-09-27T04:37:13.411287+00:00", "level": "INFO", "logger": "app.scheduler.manager", "msg": "scheduler.task_done", "request_id": "-", "provider": "-", "job": "derivatives", "status": "success", "ok": true}
{"ts": "2026-09-27T04:37:14.715147+00:00", "level": "INFO", "logger": "app.scheduler.manager", "msg": "scheduler.task_done", "request_id": "-", "provider": "-", "job": "market_tick", "status": "success", "ok": true}
{"ts": "2026-09-27T04:37:44.054588+00:00", "level": "INFO", "logger": "app.scheduler.manager", "msg": "scheduler.task_done", "request_id": "-", "provider": "-", "job": "market_tick", "status": "success", "ok": true}
{"ts": "2026-09-27T04:38:13.904727+00:00", "level": "INFO", "logger": "app.scheduler.manager", "msg": "scheduler.task_done", "request_id": "-", "provider": "-", "job": "market_tick", "status": "success", "ok": true}
{"ts": "2026-09-27T04:38:43.732561+00:00", "level": "INFO", "logger": "app.scheduler.manager", "msg": "scheduler.task_done", "request_id": "-", "provider": "-", "job": "market_tick", "status": "success", "ok": true}
{"ts": "2026-09-27T04:39:12.787690+00:00", "level": "INFO", "logger": "app.scheduler.manager", "msg": "scheduler.task_done", "request_id": "-", "provider": "-", "job": "health_probe", "status": "success", "ok": true}
{"ts": "2026-09-27T04:39:14.306565+00:00", "level": "INFO", "logger": "app.scheduler.manager", "msg": "scheduler.task_done", "request_id": "-", "provider": "-", "job": "market_tick", "status": "success", "ok": true}
{"ts": "2026-09-27T04:39:43.684372+00:00", "level": "INFO", "logger": "app.scheduler.manager", "msg": "scheduler.task_done", "request_id": "-", "provider": "-", "job": "market_tick", "status": "success", "ok": true}
{"ts": "2026-09-27T04:40:13.579450+00:00", "level": "INFO", "logger": "app.scheduler.manager", "msg": "scheduler.task_done", "request_id": "-", "provider": "-", "job": "market_tick", "status": "success", "ok": true}
{"ts": "2026-09-27T04:40:43.768705+00:00", "level": "INFO", "logger": "app.scheduler.manager", "msg": "scheduler.task_done", "request_id": "-", "provider": "-", "job": "market_tick", "status": "success", "ok": true}
{"ts": "2026-09-27T04:41:12.787823+00:00", "level": "INFO", "logger": "app.scheduler.manager", "msg": "scheduler.task_done", "request_id": "-", "provider": "-", "job": "health_probe", "status": "success", "ok": true}
{"ts": "2026-09-27T04:41:13.593243+00:00", "level": "INFO", "logger": "app.scheduler.manager", "msg": "scheduler.task_done", "request_id": "-", "provider": "-", "job": "market_tick", "status": "success", "ok": true}
{"ts": "2026-09-27T04:41:43.555235+00:00", "level": "INFO", "logger": "app.scheduler.manager", "msg": "scheduler.task_done", "request_id": "-", "provider": "-", "job": "market_tick", "status": "success", "ok": true}
{"ts": "2026-09-27T04:42:12.893286+00:00", "level": "INFO", "logger": "app.scheduler.manager", "msg": "scheduler.task_done", "request_id": "-", "provider": "-", "job": "market_1h", "status": "success", "ok": true}
{"ts": "2026-09-27T04:42:13.395141+00:00", "level": "INFO", "logger": "app.scheduler.manager", "msg": "scheduler.task_done", "request_id": "-", "provider": "-", "job": "derivatives", "status": "success", "ok": true}
{"ts": "2026-09-27T04:42:14.871557+00:00", "level": "INFO", "logger": "app.scheduler.manager", "msg": "scheduler.task_done", "request_id": "-", "provider": "-", "job": "market_tick", "status": "success", "ok": true}
{"ts": "2026-09-27T04:42:43.515210+00:00", "level": "INFO", "logger": "app.scheduler.manager", "msg": "scheduler.task_done", "request_id": "-", "provider": "-", "job": "market_tick", "status": "success", "ok": true}
{"ts": "2026-09-27T04:43:12.790611+00:00", "level": "INFO", "logger": "app.scheduler.manager", "msg": "scheduler.task_done", "request_id": "-", "provider": "-", "job": "health_probe", "status": "success", "ok": true}
{"ts": "2026-09-27T04:43:13.540429+00:00", "level": "INFO", "logger": "app.scheduler.manager", "msg": "scheduler.task_done", "request_id": "-", "provider": "-", "job": "market_tick", "status": "success", "ok": true}
{"ts": "2026-09-27T04:43:43.758692+00:00", "level": "INFO", "logger": "app.scheduler.manager", "msg": "scheduler.task_done", "request_id": "-", "provider": "-", "job": "market_tick", "status": "success", "ok": true}
{"ts": "2026-09-27T04:44:13.663260+00:00", "level": "INFO", "logger": "app.scheduler.manager", "msg": "scheduler.task_done", "request_id": "-", "provider": "-", "job": "market_tick", "status": "success", "ok": true}
{"ts": "2026-09-27T04:44:43.358459+00:00", "level": "INFO", "logger": "app.scheduler.manager", "msg": "scheduler.task_done", "request_id": "-", "provider": "-", "job": "market_tick", "status": "success", "ok": true}
{"ts": "2026-09-27T04:45:12.783422+00:00", "level": "INFO", "logger": "app.scheduler.manager", "msg": "scheduler.task_done", "request_id": "-", "provider": "-", "job": "health_probe", "status": "success", "ok": true}
{"ts": "2026-09-27T04:45:13.393984+00:00", "level": "INFO", "logger": "app.scheduler.manager", "msg": "scheduler.task_done", "request_id": "-", "provider": "-", "job": "market_tick", "status": "success", "ok": true}
{"ts": "2026-09-27T04:45:43.281094+00:00", "level": "INFO", "logger": "app.scheduler.manager", "msg": "scheduler.task_done", "request_id": "-", "provider": "-", "job": "market_tick", "status": "success", "ok": true}
{"ts": "2026-09-27T04:46:13.373295+00:00", "level": "INFO", "logger": "app.scheduler.manager", "msg": "scheduler.task_done", "request_id": "-", "provider": "-", "job": "market_tick", "status": "success", "ok": true}
{"ts": "2026-09-27T04:46:43.580981+00:00", "level": "INFO", "logger": "app.scheduler.manager", "msg": "scheduler.task_done", "request_id": "-", "provider": "-", "job": "market_tick", "status": "success", "ok": true}
{"ts": "2026-09-27T04:47:12.777431+00:00", "level": "INFO", "logger": "app.scheduler.manager", "msg": "scheduler.task_done", "request_id": "-", "provider": "-", "job": "health_probe", "status": "success", "ok": true}
{"ts": "2026-09-27T04:47:13.222388+00:00", "level": "INFO", "logger": "app.scheduler.manager", "msg": "scheduler.task_done", "request_id": "-", "provider": "-", "job": "market_1d", "status": "success", "ok": true}
{"ts": "2026-09-27T04:47:13.230653+00:00", "level": "INFO", "logger": "app.scheduler.manager", "msg": "scheduler.task_done", "request_id": "-", "provider": "-", "job": "market_1h", "status": "success", "ok": true}
{"ts": "2026-09-27T04:47:13.419960+00:00", "level": "INFO", "logger": "app.scheduler.manager", "msg": "scheduler.task_done", "request_id": "-", "provider": "-", "job": "derivatives", "status": "success", "ok": true}
{"ts": "2026-09-27T04:47:13.630476+00:00", "level": "INFO", "logger": "app.scheduler.manager", "msg": "scheduler.task_done", "request_id": "-", "provider": "-", "job": "market_tick", "status": "success", "ok": true}
{"ts": "2026-09-27T04:47:45.185945+00:00", "level": "INFO", "logger": "app.scheduler.manager", "msg": "scheduler.task_done", "request_id": "-", "provider": "-", "job": "market_tick", "status": "success", "ok": true}
{"ts": "2026-09-27T04:48:13.852548+00:00", "level": "INFO", "logger": "app.scheduler.manager", "msg": "scheduler.task_done", "request_id": "-", "provider": "-", "job": "market_tick", "status": "success", "ok": true}
{"ts": "2026-09-27T04:48:43.562669+00:00", "level": "INFO", "logger": "app.scheduler.manager", "msg": "scheduler.task_done", "request_id": "-", "provider": "-", "job": "market_tick", "status": "success", "ok": true}
{"ts": "2026-09-27T04:49:12.788330+00:00", "level": "INFO", "logger": "app.scheduler.manager", "msg": "scheduler.task_done", "request_id": "-", "provider": "-", "job": "health_probe", "status": "success", "ok": true}
{"ts": "2026-09-27T04:49:13.588342+00:00", "level": "INFO", "logger": "app.scheduler.manager", "msg": "scheduler.task_done", "request_id": "-", "provider": "-", "job": "market_tick", "status": "success", "ok": true}
{"ts": "2026-09-27T04:49:44.090942+00:00", "level": "INFO", "logger": "app.scheduler.manager", "msg": "scheduler.task_done", "request_id": "-", "provider": "-", "job": "market_tick", "status": "success", "ok": true}
{"ts": "2026-09-27T04:50:14.418856+00:00", "level": "INFO", "logger": "app.scheduler.manager", "msg": "scheduler.task_done", "request_id": "-", "provider": "-", "job": "market_tick", "status": "success", "ok": true}
{"ts": "2026-09-27T04:50:43.509401+00:00", "level": "INFO", "logger": "app.scheduler.manager", "msg": "scheduler.task_done", "request_id": "-", "provider": "-", "job": "market_tick", "status": "success", "ok": true}
{"ts": "2026-09-27T04:51:12.774856+00:00", "level": "INFO", "logger": "app.scheduler.manager", "msg": "scheduler.task_done", "request_id": "-", "provider": "-", "job": "health_probe", "status": "success", "ok": true}
{"ts": "2026-09-27T04:51:13.561690+00:00", "level": "INFO", "logger": "app.scheduler.manager", "msg": "scheduler.task_done", "request_id": "-", "provider": "-", "job": "market_tick", "status": "success", "ok": true}
{"ts": "2026-09-27T04:51:43.503282+00:00", "level": "INFO", "logger": "app.scheduler.manager", "msg": "scheduler.task_done", "request_id": "-", "provider": "-", "job": "market_tick", "status": "success", "ok": true}
{"ts": "2026-09-27T04:52:13.262394+00:00", "level": "INFO", "logger": "app.scheduler.manager", "msg": "scheduler.task_done", "request_id": "-", "provider": "-", "job": "market_1h", "status": "success", "ok": true}
{"ts": "2026-09-27T04:52:13.432023+00:00", "level": "INFO", "logger": "app.scheduler.manager", "msg": "scheduler.task_done", "request_id": "-", "provider": "-", "job": "derivatives", "status": "success", "ok": true}
{"ts": "2026-09-27T04:52:13.488042+00:00", "level": "INFO", "logger": "app.scheduler.manager", "msg": "scheduler.task_done", "request_id": "-", "provider": "-", "job": "market_tick", "status": "success", "ok": true}
{"ts": "2026-09-27T04:52:43.467112+00:00", "level": "INFO", "logger": "app.scheduler.manager", "msg": "scheduler.task_done", "request_id": "-", "provider": "-", "job": "market_tick", "status": "success", "ok": true}
{"ts": "2026-09-27T04:53:12.789434+00:00", "level": "INFO", "logger": "app.scheduler.manager", "msg": "scheduler.task_done", "request_id": "-", "provider": "-", "job": "health_probe", "status": "success", "ok": true}
{"ts": "2026-09-27T04:53:13.956294+00:00", "level": "INFO", "logger": "app.scheduler.manager", "msg": "scheduler.task_done", "request_id": "-", "provider": "-", "job": "market_tick", "status": "success", "ok": true}
{"ts": "2026-09-27T04:53:43.469880+00:00", "level": "INFO", "logger": "app.scheduler.manager", "msg": "scheduler.task_done", "request_id": "-", "provider": "-", "job": "market_tick", "status": "success", "ok": true}
{"ts": "2026-09-27T04:54:13.269822+00:00", "level": "INFO", "logger": "app.scheduler.manager", "msg": "scheduler.task_done", "request_id": "-", "provider": "-", "job": "market_tick", "status": "success", "ok": true}
{"ts": "2026-09-27T04:54:43.267720+00:00", "level": "INFO", "logger": "app.scheduler.manager", "msg": "scheduler.task_done", "request_id": "-", "provider": "-", "job": "market_tick", "status": "success", "ok": true}
{"ts": "2026-09-27T04:55:12.778002+00:00", "level": "INFO", "logger": "app.scheduler.manager", "msg": "scheduler.task_done", "request_id": "-", "provider": "-", "job": "health_probe", "status": "success", "ok": true}
{"ts": "2026-09-27T04:55:14.465250+00:00", "level": "INFO", "logger": "app.scheduler.manager", "msg": "scheduler.task_done", "request_id": "-", "provider": "-", "job": "market_tick", "status": "success", "ok": true}
{"ts": "2026-09-27T04:55:43.410081+00:00", "level": "INFO", "logger": "app.scheduler.manager", "msg": "scheduler.task_done", "request_id": "-", "provider": "-", "job": "market_tick", "status": "success", "ok": true}
{"ts": "2026-09-27T04:56:13.313390+00:00", "level": "INFO", "logger": "app.scheduler.manager", "msg": "scheduler.task_done", "request_id": "-", "provider": "-", "job": "market_tick", "status": "success", "ok": true}
{"ts": "2026-09-27T04:56:43.979977+00:00", "level": "INFO", "logger": "app.scheduler.manager", "msg": "scheduler.task_done", "request_id": "-", "provider": "-", "job": "market_tick", "status": "success", "ok": true}
{"ts": "2026-09-27T04:57:12.791065+00:00", "level": "INFO", "logger": "app.scheduler.manager", "msg": "scheduler.task_done", "request_id": "-", "provider": "-", "job": "health_probe", "status": "success", "ok": true}
{"ts": "2026-09-27T04:57:13.226519+00:00", "level": "INFO", "logger": "app.scheduler.manager", "msg": "scheduler.task_done", "request_id": "-", "provider": "-", "job": "market_1h", "status": "success", "ok": true}
{"ts": "2026-09-27T04:57:13.450002+00:00", "level": "INFO", "logger": "app.scheduler.manager", "msg": "scheduler.task_done", "request_id": "-", "provider": "-", "job": "derivatives", "status": "success", "ok": true}
{"ts": "2026-09-27T04:57:13.965552+00:00", "level": "INFO", "logger": "app.scheduler.manager", "msg": "scheduler.task_done", "request_id": "-", "provider": "-", "job": "market_tick", "status": "success", "ok": true}
{"ts": "2026-09-27T04:57:43.858477+00:00", "level": "INFO", "logger": "app.scheduler.manager", "msg": "scheduler.task_done", "request_id": "-", "provider": "-", "job": "market_tick", "status": "success", "ok": true}
{"ts": "2026-09-27T04:58:13.311952+00:00", "level": "INFO", "logger": "app.scheduler.manager", "msg": "scheduler.task_done", "request_id": "-", "provider": "-", "job": "market_tick", "status": "success", "ok": true}
{"ts": "2026-09-27T04:58:43.653608+00:00", "level": "INFO", "logger": "app.scheduler.manager", "msg": "scheduler.task_done", "request_id": "-", "provider": "-", "job": "market_tick", "status": "success", "ok": true}
{"ts": "2026-09-27T04:59:12.785378+00:00", "level": "INFO", "logger": "app.scheduler.manager", "msg": "scheduler.task_done", "request_id": "-", "provider": "-", "job": "health_probe", "status": "success", "ok": true}
{"ts": "2026-09-27T04:59:13.317325+00:00", "level": "INFO", "logger": "app.scheduler.manager", "msg": "scheduler.task_done", "request_id": "-", "provider": "-", "job": "market_tick", "status": "success", "ok": true}
{"ts": "2026-09-27T04:59:43.316253+00:00", "level": "INFO", "logger": "app.scheduler.manager", "msg": "scheduler.task_done", "request_id": "-", "provider": "-", "job": "market_tick", "status": "success", "ok": true}
{"ts": "2026-09-27T05:00:15.482565+00:00", "level": "INFO", "logger": "app.scheduler.manager", "msg": "scheduler.task_done", "request_id": "-", "provider": "-", "job": "market_tick", "status": "success", "ok": true}
{"ts": "2026-09-27T05:00:43.332365+00:00", "level": "INFO", "logger": "app.scheduler.manager", "msg": "scheduler.task_done", "request_id": "-", "provider": "-", "job": "market_tick", "status": "success", "ok": true}
{"ts": "2026-09-27T05:01:12.781573+00:00", "level": "INFO", "logger": "app.scheduler.manager", "msg": "scheduler.task_done", "request_id": "-", "provider": "-", "job": "health_probe", "status": "success", "ok": true}
{"ts": "2026-09-27T05:01:13.332679+00:00", "level": "INFO", "logger": "app.scheduler.manager", "msg": "scheduler.task_done", "request_id": "-", "provider": "-", "job": "market_tick", "status": "success", "ok": true}
{"ts": "2026-09-27T05:01:43.305203+00:00", "level": "INFO", "logger": "app.scheduler.manager", "msg": "scheduler.task_done", "request_id": "-", "provider": "-", "job": "market_tick", "status": "success", "ok": true}
{"ts": "2026-09-27T05:02:13.299538+00:00", "level": "INFO", "logger": "app.scheduler.manager", "msg": "scheduler.task_done", "request_id": "-", "provider": "-", "job": "market_1h", "status": "success", "ok": true}
{"ts": "2026-09-27T05:02:13.313491+00:00", "level": "INFO", "logger": "app.scheduler.manager", "msg": "scheduler.task_done", "request_id": "-", "provider": "-", "job": "market_tick", "status": "success", "ok": true}
{"ts": "2026-09-27T05:02:13.463797+00:00", "level": "INFO", "logger": "app.scheduler.manager", "msg": "scheduler.task_done", "request_id": "-", "provider": "-", "job": "derivatives", "status": "success", "ok": true}
{"ts": "2026-09-27T05:02:43.995827+00:00", "level": "INFO", "logger": "app.scheduler.manager", "msg": "scheduler.task_done", "request_id": "-", "provider": "-", "job": "market_tick", "status": "success", "ok": true}
{"ts": "2026-09-27T05:03:12.781429+00:00", "level": "INFO", "logger": "app.scheduler.manager", "msg": "scheduler.task_done", "request_id": "-", "provider": "-", "job": "health_probe", "status": "success", "ok": true}
{"ts": "2026-09-27T05:03:14.269670+00:00", "level": "INFO", "logger": "app.scheduler.manager", "msg": "scheduler.task_done", "request_id": "-", "provider": "-", "job": "market_tick", "status": "success", "ok": true}
{"ts": "2026-09-27T05:03:43.335130+00:00", "level": "INFO", "logger": "app.scheduler.manager", "msg": "scheduler.task_done", "request_id": "-", "provider": "-", "job": "market_tick", "status": "success", "ok": true}
{"ts": "2026-09-27T05:04:13.983518+00:00", "level": "INFO", "logger": "app.scheduler.manager", "msg": "scheduler.task_done", "request_id": "-", "provider": "-", "job": "market_tick", "status": "success", "ok": true}
{"ts": "2026-09-27T05:04:44.462774+00:00", "level": "INFO", "logger": "app.scheduler.manager", "msg": "scheduler.task_done", "request_id": "-", "provider": "-", "job": "market_tick", "status": "success", "ok": true}
{"ts": "2026-09-27T05:05:12.774307+00:00", "level": "INFO", "logger": "app.scheduler.manager", "msg": "scheduler.task_done", "request_id": "-", "provider": "-", "job": "health_probe", "status": "success", "ok": true}
{"ts": "2026-09-27T05:05:13.412825+00:00", "level": "INFO", "logger": "app.scheduler.manager", "msg": "scheduler.task_done", "request_id": "-", "provider": "-", "job": "market_tick", "status": "success", "ok": true}
{"ts": "2026-09-27T05:05:50.680517+00:00", "level": "INFO", "logger": "app.scheduler.manager", "msg": "scheduler.task_done", "request_id": "-", "provider": "-", "job": "market_tick", "status": "success", "ok": true}
{"ts": "2026-09-27T05:06:15.231101+00:00", "level": "INFO", "logger": "app.scheduler.manager", "msg": "scheduler.task_done", "request_id": "-", "provider": "-", "job": "market_tick", "status": "success", "ok": true}
{"ts": "2026-09-27T05:06:44.417896+00:00", "level": "INFO", "logger": "app.scheduler.manager", "msg": "scheduler.task_done", "request_id": "-", "provider": "-", "job": "market_tick", "status": "success", "ok": true}
{"ts": "2026-09-27T05:07:12.780889+00:00", "level": "INFO", "logger": "app.scheduler.manager", "msg": "scheduler.task_done", "request_id": "-", "provider": "-", "job": "health_probe", "status": "success", "ok": true}
{"ts": "2026-09-27T05:07:12.893860+00:00", "level": "INFO", "logger": "app.scheduler.manager", "msg": "scheduler.task_done", "request_id": "-", "provider": "-", "job": "market_1h", "status": "success", "ok": true}
{"ts": "2026-09-27T05:07:13.420240+00:00", "level": "INFO", "logger": "app.scheduler.manager", "msg": "scheduler.task_done", "request_id": "-", "provider": "-", "job": "derivatives", "status": "success", "ok": true}
{"ts": "2026-09-27T05:07:14.061216+00:00", "level": "INFO", "logger": "app.scheduler.manager", "msg": "scheduler.task_done", "request_id": "-", "provider": "-", "job": "market_tick", "status": "success", "ok": true}
{"ts": "2026-09-27T05:07:43.658129+00:00", "level": "INFO", "logger": "app.scheduler.manager", "msg": "scheduler.task_done", "request_id": "-", "provider": "-", "job": "market_tick", "status": "success", "ok": true}
{"ts": "2026-09-27T05:08:14.022268+00:00", "level": "INFO", "logger": "app.scheduler.manager", "msg": "scheduler.task_done", "request_id": "-", "provider": "-", "job": "market_tick", "status": "success", "ok": true}
{"ts": "2026-09-27T05:08:43.426459+00:00", "level": "INFO", "logger": "app.scheduler.manager", "msg": "scheduler.task_done", "request_id": "-", "provider": "-", "job": "market_tick", "status": "success", "ok": true}
{"ts": "2026-09-27T05:09:12.786213+00:00", "level": "INFO", "logger": "app.scheduler.manager", "msg": "scheduler.task_done", "request_id": "-", "provider": "-", "job": "health_probe", "status": "success", "ok": true}
{"ts": "2026-09-27T05:09:14.350267+00:00", "level": "INFO", "logger": "app.scheduler.manager", "msg": "scheduler.task_done", "request_id": "-", "provider": "-", "job": "market_tick", "status": "success", "ok": true}
{"ts": "2026-09-27T05:09:43.776371+00:00", "level": "INFO", "logger": "app.scheduler.manager", "msg": "scheduler.task_done", "request_id": "-", "provider": "-", "job": "market_tick", "status": "success", "ok": true}
{"ts": "2026-09-27T05:10:13.645445+00:00", "level": "INFO", "logger": "app.scheduler.manager", "msg": "scheduler.task_done", "request_id": "-", "provider": "-", "job": "market_tick", "status": "success", "ok": true}
{"ts": "2026-09-27T05:10:43.790145+00:00", "level": "INFO", "logger": "app.scheduler.manager", "msg": "scheduler.task_done", "request_id": "-", "provider": "-", "job": "market_tick", "status": "success", "ok": true}
{"ts": "2026-09-27T05:11:12.789374+00:00", "level": "INFO", "logger": "app.scheduler.manager", "msg": "scheduler.task_done", "request_id": "-", "provider": "-", "job": "health_probe", "status": "success", "ok": true}
{"ts": "2026-09-27T05:11:14.187955+00:00", "level": "INFO", "logger": "app.scheduler.manager", "msg": "scheduler.task_done", "request_id": "-", "provider": "-", "job": "market_tick", "status": "success", "ok": true}
{"ts": "2026-09-27T05:11:43.321893+00:00", "level": "INFO", "logger": "app.scheduler.manager", "msg": "scheduler.task_done", "request_id": "-", "provider": "-", "job": "market_tick", "status": "success", "ok": true}
{"ts": "2026-09-27T05:12:12.909677+00:00", "level": "INFO", "logger": "app.scheduler.manager", "msg": "scheduler.task_done", "request_id": "-", "provider": "-", "job": "market_1h", "status": "success", "ok": true}
{"ts": "2026-09-27T05:12:13.539436+00:00", "level": "INFO", "logger": "app.scheduler.manager", "msg": "scheduler.task_done", "request_id": "-", "provider": "-", "job": "derivatives", "status": "success", "ok": true}
{"ts": "2026-09-27T05:12:15.510922+00:00", "level": "INFO", "logger": "app.scheduler.manager", "msg": "scheduler.task_done", "request_id": "-", "provider": "-", "job": "market_tick", "status": "success", "ok": true}
{"ts": "2026-09-27T05:12:43.381560+00:00", "level": "INFO", "logger": "app.scheduler.manager", "msg": "scheduler.task_done", "request_id": "-", "provider": "-", "job": "market_tick", "status": "success", "ok": true}
{"ts": "2026-09-27T05:13:12.785111+00:00", "level": "INFO", "logger": "app.scheduler.manager", "msg": "scheduler.task_done", "request_id": "-", "provider": "-", "job": "health_probe", "status": "success", "ok": true}
{"ts": "2026-09-27T05:13:13.673345+00:00", "level": "INFO", "logger": "app.scheduler.manager", "msg": "scheduler.task_done", "request_id": "-", "provider": "-", "job": "market_tick", "status": "success", "ok": true}
{"ts": "2026-09-27T05:13:43.876785+00:00", "level": "INFO", "logger": "app.scheduler.manager", "msg": "scheduler.task_done", "request_id": "-", "provider": "-", "job": "market_tick", "status": "success", "ok": true}
{"ts": "2026-09-27T05:14:13.197341+00:00", "level": "INFO", "logger": "app.scheduler.manager", "msg": "scheduler.task_done", "request_id": "-", "provider": "-", "job": "market_tick", "status": "success", "ok": true}
{"ts": "2026-09-27T05:14:43.133706+00:00", "level": "INFO", "logger": "app.scheduler.manager", "msg": "scheduler.task_done", "request_id": "-", "provider": "-", "job": "market_tick", "status": "success", "ok": true}
{"ts": "2026-09-27T05:15:12.792880+00:00", "level": "INFO", "logger": "app.scheduler.manager", "msg": "scheduler.task_done", "request_id": "-", "provider": "-", "job": "health_probe", "status": "success", "ok": true}
{"ts": "2026-09-27T05:15:13.132259+00:00", "level": "INFO", "logger": "app.scheduler.manager", "msg": "scheduler.task_done", "request_id": "-", "provider": "-", "job": "market_tick", "status": "success", "ok": true}
{"ts": "2026-09-27T05:15:43.120603+00:00", "level": "INFO", "logger": "app.scheduler.manager", "msg": "scheduler.task_done", "request_id": "-", "provider": "-", "job": "market_tick", "status": "success", "ok": true}
{"ts": "2026-09-27T05:16:13.379202+00:00", "level": "INFO", "logger": "app.scheduler.manager", "msg": "scheduler.task_done", "request_id": "-", "provider": "-", "job": "market_tick", "status": "success", "ok": true}
{"ts": "2026-09-27T05:16:43.515993+00:00", "level": "INFO", "logger": "app.scheduler.manager", "msg": "scheduler.task_done", "request_id": "-", "provider": "-", "job": "market_tick", "status": "success", "ok": true}
{"ts": "2026-09-27T05:17:12.777047+00:00", "level": "INFO", "logger": "app.scheduler.manager", "msg": "scheduler.task_done", "request_id": "-", "provider": "-", "job": "health_probe", "status": "success", "ok": true}
{"ts": "2026-09-27T05:17:12.809565+00:00", "level": "INFO", "logger": "app.scheduler.manager", "msg": "scheduler.task_done", "request_id": "-", "provider": "-", "job": "gap_repair", "status": "success", "ok": true}
{"ts": "2026-09-27T05:17:12.834829+00:00", "level": "INFO", "logger": "app.scheduler.manager", "msg": "scheduler.task_done", "request_id": "-", "provider": "-", "job": "quality", "status": "success", "ok": true}
{"ts": "2026-09-27T05:17:12.950633+00:00", "level": "INFO", "logger": "app.scheduler.manager", "msg": "scheduler.task_done", "request_id": "-", "provider": "-", "job": "market_1h", "status": "success", "ok": true}
{"ts": "2026-09-27T05:17:13.335086+00:00", "level": "INFO", "logger": "app.scheduler.manager", "msg": "scheduler.task_done", "request_id": "-", "provider": "-", "job": "market_1d", "status": "success", "ok": true}
{"ts": "2026-09-27T05:17:13.416834+00:00", "level": "INFO", "logger": "app.scheduler.manager", "msg": "scheduler.task_done", "request_id": "-", "provider": "-", "job": "derivatives", "status": "success", "ok": true}
{"ts": "2026-09-27T05:17:14.072502+00:00", "level": "INFO", "logger": "app.scheduler.manager", "msg": "scheduler.task_done", "request_id": "-", "provider": "-", "job": "sentiment", "status": "success", "ok": true}
{"ts": "2026-09-27T05:17:14.542757+00:00", "level": "INFO", "logger": "app.scheduler.manager", "msg": "scheduler.task_done", "request_id": "-", "provider": "-", "job": "market_tick", "status": "success", "ok": true}
{"ts": "2026-09-27T05:17:15.138384+00:00", "level": "INFO", "logger": "app.scheduler.manager", "msg": "scheduler.task_done", "request_id": "-", "provider": "-", "job": "onchain", "status": "success", "ok": true}
{"ts": "2026-09-27T05:17:43.904192+00:00", "level": "INFO", "logger": "app.scheduler.manager", "msg": "scheduler.task_done", "request_id": "-", "provider": "-", "job": "market_tick", "status": "success", "ok": true}
{"ts": "2026-09-27T05:18:13.413358+00:00", "level": "INFO", "logger": "app.scheduler.manager", "msg": "scheduler.task_done", "request_id": "-", "provider": "-", "job": "market_tick", "status": "success", "ok": true}
{"ts": "2026-09-27T05:18:43.315582+00:00", "level": "INFO", "logger": "app.scheduler.manager", "msg": "scheduler.task_done", "request_id": "-", "provider": "-", "job": "market_tick", "status": "success", "ok": true}
{"ts": "2026-09-27T05:19:12.779531+00:00", "level": "INFO", "logger": "app.scheduler.manager", "msg": "scheduler.task_done", "request_id": "-", "provider": "-", "job": "health_probe", "status": "success", "ok": true}
{"ts": "2026-09-27T05:19:13.274692+00:00", "level": "INFO", "logger": "app.scheduler.manager", "msg": "scheduler.task_done", "request_id": "-", "provider": "-", "job": "market_tick", "status": "success", "ok": true}
{"ts": "2026-09-27T05:19:43.476058+00:00", "level": "INFO", "logger": "app.scheduler.manager", "msg": "scheduler.task_done", "request_id": "-", "provider": "-", "job": "market_tick", "status": "success", "ok": true}
{"ts": "2026-09-27T05:20:13.382112+00:00", "level": "INFO", "logger": "app.scheduler.manager", "msg": "scheduler.task_done", "request_id": "-", "provider": "-", "job": "market_tick", "status": "success", "ok": true}
{"ts": "2026-09-27T05:20:43.275833+00:00", "level": "INFO", "logger": "app.scheduler.manager", "msg": "scheduler.task_done", "request_id": "-", "provider": "-", "job": "market_tick", "status": "success", "ok": true}
{"ts": "2026-09-27T05:21:12.787239+00:00", "level": "INFO", "logger": "app.scheduler.manager", "msg": "scheduler.task_done", "request_id": "-", "provider": "-", "job": "health_probe", "status": "success", "ok": true}
{"ts": "2026-09-27T05:21:13.446079+00:00", "level": "INFO", "logger": "app.scheduler.manager", "msg": "scheduler.task_done", "request_id": "-", "provider": "-", "job": "market_tick", "status": "success", "ok": true}
{"ts": "2026-09-27T05:21:43.382318+00:00", "level": "INFO", "logger": "app.scheduler.manager", "msg": "scheduler.task_done", "request_id": "-", "provider": "-", "job": "market_tick", "status": "success", "ok": true}
{"ts": "2026-09-27T05:22:13.239654+00:00", "level": "INFO", "logger": "app.scheduler.manager", "msg": "scheduler.task_done", "request_id": "-", "provider": "-", "job": "market_1h", "status": "success", "ok": true}
{"ts": "2026-09-27T05:22:13.408040+00:00", "level": "INFO", "logger": "app.scheduler.manager", "msg": "scheduler.task_done", "request_id": "-", "provider": "-", "job": "derivatives", "status": "success", "ok": true}
{"ts": "2026-09-27T05:22:14.326401+00:00", "level": "INFO", "logger": "app.scheduler.manager", "msg": "scheduler.task_done", "request_id": "-", "provider": "-", "job": "market_tick", "status": "success", "ok": true}
{"ts": "2026-09-27T05:22:44.575154+00:00", "level": "INFO", "logger": "app.scheduler.manager", "msg": "scheduler.task_done", "request_id": "-", "provider": "-", "job": "market_tick", "status": "success", "ok": true}
{"ts": "2026-09-27T05:23:12.778108+00:00", "level": "INFO", "logger": "app.scheduler.manager", "msg": "scheduler.task_done", "request_id": "-", "provider": "-", "job": "health_probe", "status": "success", "ok": true}
{"ts": "2026-09-27T05:23:13.808927+00:00", "level": "INFO", "logger": "app.scheduler.manager", "msg": "scheduler.task_done", "request_id": "-", "provider": "-", "job": "market_tick", "status": "success", "ok": true}
{"ts": "2026-09-27T05:23:43.296946+00:00", "level": "INFO", "logger": "app.scheduler.manager", "msg": "scheduler.task_done", "request_id": "-", "provider": "-", "job": "market_tick", "status": "success", "ok": true}
{"ts": "2026-09-27T05:24:13.315069+00:00", "level": "INFO", "logger": "app.scheduler.manager", "msg": "scheduler.task_done", "request_id": "-", "provider": "-", "job": "market_tick", "status": "success", "ok": true}
{"ts": "2026-09-27T05:24:43.382902+00:00", "level": "INFO", "logger": "app.scheduler.manager", "msg": "scheduler.task_done", "request_id": "-", "provider": "-", "job": "market_tick", "status": "success", "ok": true}
{"ts": "2026-09-27T05:25:12.783163+00:00", "level": "INFO", "logger": "app.scheduler.manager", "msg": "scheduler.task_done", "request_id": "-", "provider": "-", "job": "health_probe", "status": "success", "ok": true}
{"ts": "2026-09-27T05:25:14.475885+00:00", "level": "INFO", "logger": "app.scheduler.manager", "msg": "scheduler.task_done", "request_id": "-", "provider": "-", "job": "market_tick", "status": "success", "ok": true}
{"ts": "2026-09-27T05:25:43.711025+00:00", "level": "INFO", "logger": "app.scheduler.manager", "msg": "scheduler.task_done", "request_id": "-", "provider": "-", "job": "market_tick", "status": "success", "ok": true}
{"ts": "2026-09-27T05:26:13.294703+00:00", "level": "INFO", "logger": "app.scheduler.manager", "msg": "scheduler.task_done", "request_id": "-", "provider": "-", "job": "market_tick", "status": "success", "ok": true}
{"ts": "2026-09-27T05:26:43.861412+00:00", "level": "INFO", "logger": "app.scheduler.manager", "msg": "scheduler.task_done", "request_id": "-", "provider": "-", "job": "market_tick", "status": "success", "ok": true}
{"ts": "2026-09-27T05:27:12.777402+00:00", "level": "INFO", "logger": "app.scheduler.manager", "msg": "scheduler.task_done", "request_id": "-", "provider": "-", "job": "health_probe", "status": "success", "ok": true}
{"ts": "2026-09-27T05:27:13.226690+00:00", "level": "INFO", "logger": "app.scheduler.manager", "msg": "scheduler.task_done", "request_id": "-", "provider": "-", "job": "market_1h", "status": "success", "ok": true}
{"ts": "2026-09-27T05:27:13.273912+00:00", "level": "INFO", "logger": "app.scheduler.manager", "msg": "scheduler.task_done", "request_id": "-", "provider": "-", "job": "market_tick", "status": "success", "ok": true}
{"ts": "2026-09-27T05:27:13.445656+00:00", "level": "INFO", "logger": "app.scheduler.manager", "msg": "scheduler.task_done", "request_id": "-", "provider": "-", "job": "derivatives", "status": "success", "ok": true}
{"ts": "2026-09-27T05:27:43.293871+00:00", "level": "INFO", "logger": "app.scheduler.manager", "msg": "scheduler.task_done", "request_id": "-", "provider": "-", "job": "market_tick", "status": "success", "ok": true}
{"ts": "2026-09-27T05:28:13.862860+00:00", "level": "INFO", "logger": "app.scheduler.manager", "msg": "scheduler.task_done", "request_id": "-", "provider": "-", "job": "market_tick", "status": "success", "ok": true}
{"ts": "2026-09-27T05:28:43.495136+00:00", "level": "INFO", "logger": "app.scheduler.manager", "msg": "scheduler.task_done", "request_id": "-", "provider": "-", "job": "market_tick", "status": "success", "ok": true}
{"ts": "2026-09-27T05:29:12.775413+00:00", "level": "INFO", "logger": "app.scheduler.manager", "msg": "scheduler.task_done", "request_id": "-", "provider": "-", "job": "health_probe", "status": "success", "ok": true}
{"ts": "2026-09-27T05:29:13.433687+00:00", "level": "INFO", "logger": "app.scheduler.manager", "msg": "scheduler.task_done", "request_id": "-", "provider": "-", "job": "market_tick", "status": "success", "ok": true}
{"ts": "2026-09-27T05:29:43.414948+00:00", "level": "INFO", "logger": "app.scheduler.manager", "msg": "scheduler.task_done", "request_id": "-", "provider": "-", "job": "market_tick", "status": "success", "ok": true}
{"ts": "2026-09-27T05:30:14.315779+00:00", "level": "INFO", "logger": "app.scheduler.manager", "msg": "scheduler.task_done", "request_id": "-", "provider": "-", "job": "market_tick", "status": "success", "ok": true}
{"ts": "2026-09-27T05:30:44.650942+00:00", "level": "INFO", "logger": "app.scheduler.manager", "msg": "scheduler.task_done", "request_id": "-", "provider": "-", "job": "market_tick", "status": "success", "ok": true}
{"ts": "2026-09-27T05:31:12.786307+00:00", "level": "INFO", "logger": "app.scheduler.manager", "msg": "scheduler.task_done", "request_id": "-", "provider": "-", "job": "health_probe", "status": "success", "ok": true}
{"ts": "2026-09-27T05:31:13.938879+00:00", "level": "INFO", "logger": "app.scheduler.manager", "msg": "scheduler.task_done", "request_id": "-", "provider": "-", "job": "market_tick", "status": "success", "ok": true}
{"ts": "2026-09-27T05:31:44.053125+00:00", "level": "INFO", "logger": "app.scheduler.manager", "msg": "scheduler.task_done", "request_id": "-", "provider": "-", "job": "market_tick", "status": "success", "ok": true}
{"ts": "2026-09-27T05:32:12.890476+00:00", "level": "INFO", "logger": "app.scheduler.manager", "msg": "scheduler.task_done", "request_id": "-", "provider": "-", "job": "market_1h", "status": "success", "ok": true}
{"ts": "2026-09-27T05:32:13.423244+00:00", "level": "INFO", "logger": "app.scheduler.manager", "msg": "scheduler.task_done", "request_id": "-", "provider": "-", "job": "derivatives", "status": "success", "ok": true}
{"ts": "2026-09-27T05:32:15.096166+00:00", "level": "INFO", "logger": "app.scheduler.manager", "msg": "scheduler.task_done", "request_id": "-", "provider": "-", "job": "market_tick", "status": "success", "ok": true}
{"ts": "2026-09-27T05:32:43.384558+00:00", "level": "INFO", "logger": "app.scheduler.manager", "msg": "scheduler.task_done", "request_id": "-", "provider": "-", "job": "market_tick", "status": "success", "ok": true}
{"ts": "2026-09-27T05:33:12.790601+00:00", "level": "INFO", "logger": "app.scheduler.manager", "msg": "scheduler.task_done", "request_id": "-", "provider": "-", "job": "health_probe", "status": "success", "ok": true}
{"ts": "2026-09-27T05:33:15.379412+00:00", "level": "INFO", "logger": "app.scheduler.manager", "msg": "scheduler.task_done", "request_id": "-", "provider": "-", "job": "market_tick", "status": "success", "ok": true}
{"ts": "2026-09-27T05:33:43.633251+00:00", "level": "INFO", "logger": "app.scheduler.manager", "msg": "scheduler.task_done", "request_id": "-", "provider": "-", "job": "market_tick", "status": "success", "ok": true}
{"ts": "2026-09-27T05:34:15.001134+00:00", "level": "INFO", "logger": "app.scheduler.manager", "msg": "scheduler.task_done", "request_id": "-", "provider": "-", "job": "market_tick", "status": "success", "ok": true}
{"ts": "2026-09-27T05:34:44.324498+00:00", "level": "INFO", "logger": "app.scheduler.manager", "msg": "scheduler.task_done", "request_id": "-", "provider": "-", "job": "market_tick", "status": "success", "ok": true}
{"ts": "2026-09-27T05:35:12.787852+00:00", "level": "INFO", "logger": "app.scheduler.manager", "msg": "scheduler.task_done", "request_id": "-", "provider": "-", "job": "health_probe", "status": "success", "ok": true}
{"ts": "2026-09-27T05:35:13.924642+00:00", "level": "INFO", "logger": "app.scheduler.manager", "msg": "scheduler.task_done", "request_id": "-", "provider": "-", "job": "market_tick", "status": "success", "ok": true}
{"ts": "2026-09-27T05:35:43.742473+00:00", "level": "INFO", "logger": "app.scheduler.manager", "msg": "scheduler.task_done", "request_id": "-", "provider": "-", "job": "market_tick", "status": "success", "ok": true}
{"ts": "2026-09-27T05:36:13.388575+00:00", "level": "INFO", "logger": "app.scheduler.manager", "msg": "scheduler.task_done", "request_id": "-", "provider": "-", "job": "market_tick", "status": "success", "ok": true}
{"ts": "2026-09-27T05:36:43.537490+00:00", "level": "INFO", "logger": "app.scheduler.manager", "msg": "scheduler.task_done", "request_id": "-", "provider": "-", "job": "market_tick", "status": "success", "ok": true}
{"ts": "2026-09-27T05:37:12.785640+00:00", "level": "INFO", "logger": "app.scheduler.manager", "msg": "scheduler.task_done", "request_id": "-", "provider": "-", "job": "health_probe", "status": "success", "ok": true}
{"ts": "2026-09-27T05:37:12.912033+00:00", "level": "INFO", "logger": "app.scheduler.manager", "msg": "scheduler.task_done", "request_id": "-", "provider": "-", "job": "market_1h", "status": "success", "ok": true}
{"ts": "2026-09-27T05:37:13.398352+00:00", "level": "INFO", "logger": "app.scheduler.manager", "msg": "scheduler.task_done", "request_id": "-", "provider": "-", "job": "derivatives", "status": "success", "ok": true}
{"ts": "2026-09-27T05:37:13.928759+00:00", "level": "INFO", "logger": "app.scheduler.manager", "msg": "scheduler.task_done", "request_id": "-", "provider": "-", "job": "market_tick", "status": "success", "ok": true}
{"ts": "2026-09-27T05:37:43.412580+00:00", "level": "INFO", "logger": "app.scheduler.manager", "msg": "scheduler.task_done", "request_id": "-", "provider": "-", "job": "market_tick", "status": "success", "ok": true}
{"ts": "2026-09-27T05:38:13.415729+00:00", "level": "INFO", "logger": "app.scheduler.manager", "msg": "scheduler.task_done", "request_id": "-", "provider": "-", "job": "market_tick", "status": "success", "ok": true}
{"ts": "2026-09-27T05:38:43.363400+00:00", "level": "INFO", "logger": "app.scheduler.manager", "msg": "scheduler.task_done", "request_id": "-", "provider": "-", "job": "market_tick", "status": "success", "ok": true}
{"ts": "2026-09-27T05:39:12.776104+00:00", "level": "INFO", "logger": "app.scheduler.manager", "msg": "scheduler.task_done", "request_id": "-", "provider": "-", "job": "health_probe", "status": "success", "ok": true}
{"ts": "2026-09-27T05:39:13.410977+00:00", "level": "INFO", "logger": "app.scheduler.manager", "msg": "scheduler.task_done", "request_id": "-", "provider": "-", "job": "market_tick", "status": "success", "ok": true}
{"ts": "2026-09-27T05:39:43.376653+00:00", "level": "INFO", "logger": "app.scheduler.manager", "msg": "scheduler.task_done", "request_id": "-", "provider": "-", "job": "market_tick", "status": "success", "ok": true}
{"ts": "2026-09-27T05:40:14.025850+00:00", "level": "INFO", "logger": "app.scheduler.manager", "msg": "scheduler.task_done", "request_id": "-", "provider": "-", "job": "market_tick", "status": "success", "ok": true}
{"ts": "2026-09-27T05:40:43.444761+00:00", "level": "INFO", "logger": "app.scheduler.manager", "msg": "scheduler.task_done", "request_id": "-", "provider": "-", "job": "market_tick", "status": "success", "ok": true}
{"ts": "2026-09-27T05:41:12.775016+00:00", "level": "INFO", "logger": "app.scheduler.manager", "msg": "scheduler.task_done", "request_id": "-", "provider": "-", "job": "health_probe", "status": "success", "ok": true}
{"ts": "2026-09-27T05:41:14.038619+00:00", "level": "INFO", "logger": "app.scheduler.manager", "msg": "scheduler.task_done", "request_id": "-", "provider": "-", "job": "market_tick", "status": "success", "ok": true}
{"ts": "2026-09-27T05:41:45.259872+00:00", "level": "INFO", "logger": "app.scheduler.manager", "msg": "scheduler.task_done", "request_id": "-", "provider": "-", "job": "market_tick", "status": "success", "ok": true}
{"ts": "2026-09-27T05:42:12.900746+00:00", "level": "INFO", "logger": "app.scheduler.manager", "msg": "scheduler.task_done", "request_id": "-", "provider": "-", "job": "market_1h", "status": "success", "ok": true}
{"ts": "2026-09-27T05:42:13.407444+00:00", "level": "INFO", "logger": "app.scheduler.manager", "msg": "scheduler.task_done", "request_id": "-", "provider": "-", "job": "derivatives", "status": "success", "ok": true}
{"ts": "2026-09-27T05:42:13.782982+00:00", "level": "INFO", "logger": "app.scheduler.manager", "msg": "scheduler.task_done", "request_id": "-", "provider": "-", "job": "market_tick", "status": "success", "ok": true}
{"ts": "2026-09-27T05:42:45.041430+00:00", "level": "INFO", "logger": "app.scheduler.manager", "msg": "scheduler.task_done", "request_id": "-", "provider": "-", "job": "market_tick", "status": "success", "ok": true}
{"ts": "2026-09-27T05:43:12.783829+00:00", "level": "INFO", "logger": "app.scheduler.manager", "msg": "scheduler.task_done", "request_id": "-", "provider": "-", "job": "health_probe", "status": "success", "ok": true}
{"ts": "2026-09-27T05:43:13.396789+00:00", "level": "INFO", "logger": "app.scheduler.manager", "msg": "scheduler.task_done", "request_id": "-", "provider": "-", "job": "market_tick", "status": "success", "ok": true}
{"ts": "2026-09-27T05:43:43.463211+00:00", "level": "INFO", "logger": "app.scheduler.manager", "msg": "scheduler.task_done", "request_id": "-", "provider": "-", "job": "market_tick", "status": "success", "ok": true}
{"ts": "2026-09-27T05:44:13.292985+00:00", "level": "INFO", "logger": "app.scheduler.manager", "msg": "scheduler.task_done", "request_id": "-", "provider": "-", "job": "market_tick", "status": "success", "ok": true}
{"ts": "2026-09-27T05:44:43.335200+00:00", "level": "INFO", "logger": "app.scheduler.manager", "msg": "scheduler.task_done", "request_id": "-", "provider": "-", "job": "market_tick", "status": "success", "ok": true}
{"ts": "2026-09-27T05:45:12.808878+00:00", "level": "INFO", "logger": "app.scheduler.manager", "msg": "scheduler.task_done", "request_id": "-", "provider": "-", "job": "health_probe", "status": "success", "ok": true}
{"ts": "2026-09-27T05:45:13.325831+00:00", "level": "INFO", "logger": "app.scheduler.manager", "msg": "scheduler.task_done", "request_id": "-", "provider": "-", "job": "market_tick", "status": "success", "ok": true}
{"ts": "2026-09-27T05:45:43.264783+00:00", "level": "INFO", "logger": "app.scheduler.manager", "msg": "scheduler.task_done", "request_id": "-", "provider": "-", "job": "market_tick", "status": "success", "ok": true}
{"ts": "2026-09-27T05:46:13.506926+00:00", "level": "INFO", "logger": "app.scheduler.manager", "msg": "scheduler.task_done", "request_id": "-", "provider": "-", "job": "market_tick", "status": "success", "ok": true}
{"ts": "2026-09-27T05:46:44.663615+00:00", "level": "INFO", "logger": "app.scheduler.manager", "msg": "scheduler.task_done", "request_id": "-", "provider": "-", "job": "market_tick", "status": "success", "ok": true}
{"ts": "2026-09-27T05:47:12.789439+00:00", "level": "INFO", "logger": "app.scheduler.manager", "msg": "scheduler.task_done", "request_id": "-", "provider": "-", "job": "health_probe", "status": "success", "ok": true}
{"ts": "2026-09-27T05:47:12.916615+00:00", "level": "INFO", "logger": "app.scheduler.manager", "msg": "scheduler.task_done", "request_id": "-", "provider": "-", "job": "market_1h", "status": "success", "ok": true}
{"ts": "2026-09-27T05:47:13.330179+00:00", "level": "INFO", "logger": "app.scheduler.manager", "msg": "scheduler.task_done", "request_id": "-", "provider": "-", "job": "market_1d", "status": "success", "ok": true}
{"ts": "2026-09-27T05:47:13.406313+00:00", "level": "INFO", "logger": "app.scheduler.manager", "msg": "scheduler.task_done", "request_id": "-", "provider": "-", "job": "derivatives", "status": "success", "ok": true}
{"ts": "2026-09-27T05:47:13.736849+00:00", "level": "INFO", "logger": "app.scheduler.manager", "msg": "scheduler.task_done", "request_id": "-", "provider": "-", "job": "market_tick", "status": "success", "ok": true}
{"ts": "2026-09-27T05:47:43.310450+00:00", "level": "INFO", "logger": "app.scheduler.manager", "msg": "scheduler.task_done", "request_id": "-", "provider": "-", "job": "market_tick", "status": "success", "ok": true}
{"ts": "2026-09-27T05:48:13.299548+00:00", "level": "INFO", "logger": "app.scheduler.manager", "msg": "scheduler.task_done", "request_id": "-", "provider": "-", "job": "market_tick", "status": "success", "ok": true}
{"ts": "2026-09-27T05:48:43.288653+00:00", "level": "INFO", "logger": "app.scheduler.manager", "msg": "scheduler.task_done", "request_id": "-", "provider": "-", "job": "market_tick", "status": "success", "ok": true}
{"ts": "2026-09-27T05:49:12.779355+00:00", "level": "INFO", "logger": "app.scheduler.manager", "msg": "scheduler.task_done", "request_id": "-", "provider": "-", "job": "health_probe", "status": "success", "ok": true}
{"ts": "2026-09-27T05:49:13.293627+00:00", "level": "INFO", "logger": "app.scheduler.manager", "msg": "scheduler.task_done", "request_id": "-", "provider": "-", "job": "market_tick", "status": "success", "ok": true}
{"ts": "2026-09-27T05:49:44.472751+00:00", "level": "INFO", "logger": "app.scheduler.manager", "msg": "scheduler.task_done", "request_id": "-", "provider": "-", "job": "market_tick", "status": "success", "ok": true}
{"ts": "2026-09-27T05:50:13.291882+00:00", "level": "INFO", "logger": "app.scheduler.manager", "msg": "scheduler.task_done", "request_id": "-", "provider": "-", "job": "market_tick", "status": "success", "ok": true}
{"ts": "2026-09-27T05:50:43.398445+00:00", "level": "INFO", "logger": "app.scheduler.manager", "msg": "scheduler.task_done", "request_id": "-", "provider": "-", "job": "market_tick", "status": "success", "ok": true}
{"ts": "2026-09-27T05:51:12.800145+00:00", "level": "INFO", "logger": "app.scheduler.manager", "msg": "scheduler.task_done", "request_id": "-", "provider": "-", "job": "health_probe", "status": "success", "ok": true}
{"ts": "2026-09-27T05:51:13.923154+00:00", "level": "INFO", "logger": "app.scheduler.manager", "msg": "scheduler.task_done", "request_id": "-", "provider": "-", "job": "market_tick", "status": "success", "ok": true}
{"ts": "2026-09-27T05:51:43.283131+00:00", "level": "INFO", "logger": "app.scheduler.manager", "msg": "scheduler.task_done", "request_id": "-", "provider": "-", "job": "market_tick", "status": "success", "ok": true}
{"ts": "2026-09-27T05:52:13.257325+00:00", "level": "INFO", "logger": "app.scheduler.manager", "msg": "scheduler.task_done", "request_id": "-", "provider": "-", "job": "market_1h", "status": "success", "ok": true}
{"ts": "2026-09-27T05:52:13.307995+00:00", "level": "INFO", "logger": "app.scheduler.manager", "msg": "scheduler.task_done", "request_id": "-", "provider": "-", "job": "market_tick", "status": "success", "ok": true}
{"ts": "2026-09-27T05:52:13.414019+00:00", "level": "INFO", "logger": "app.scheduler.manager", "msg": "scheduler.task_done", "request_id": "-", "provider": "-", "job": "derivatives", "status": "success", "ok": true}
{"ts": "2026-09-27T05:52:43.290949+00:00", "level": "INFO", "logger": "app.scheduler.manager", "msg": "scheduler.task_done", "request_id": "-", "provider": "-", "job": "market_tick", "status": "success", "ok": true}
{"ts": "2026-09-27T05:53:12.799564+00:00", "level": "INFO", "logger": "app.scheduler.manager", "msg": "scheduler.task_done", "request_id": "-", "provider": "-", "job": "health_probe", "status": "success", "ok": true}
{"ts": "2026-09-27T05:53:13.331011+00:00", "level": "INFO", "logger": "app.scheduler.manager", "msg": "scheduler.task_done", "request_id": "-", "provider": "-", "job": "market_tick", "status": "success", "ok": true}
{"ts": "2026-09-27T05:53:43.272361+00:00", "level": "INFO", "logger": "app.scheduler.manager", "msg": "scheduler.task_done", "request_id": "-", "provider": "-", "job": "market_tick", "status": "success", "ok": true}
{"ts": "2026-09-27T05:54:14.034510+00:00", "level": "INFO", "logger": "app.scheduler.manager", "msg": "scheduler.task_done", "request_id": "-", "provider": "-", "job": "market_tick", "status": "success", "ok": true}
{"ts": "2026-09-27T05:54:43.502258+00:00", "level": "INFO", "logger": "app.scheduler.manager", "msg": "scheduler.task_done", "request_id": "-", "provider": "-", "job": "market_tick", "status": "success", "ok": true}
{"ts": "2026-09-27T05:55:12.783969+00:00", "level": "INFO", "logger": "app.scheduler.manager", "msg": "scheduler.task_done", "request_id": "-", "provider": "-", "job": "health_probe", "status": "success", "ok": true}
{"ts": "2026-09-27T05:55:13.319456+00:00", "level": "INFO", "logger": "app.scheduler.manager", "msg": "scheduler.task_done", "request_id": "-", "provider": "-", "job": "market_tick", "status": "success", "ok": true}
{"ts": "2026-09-27T05:55:43.286295+00:00", "level": "INFO", "logger": "app.scheduler.manager", "msg": "scheduler.task_done", "request_id": "-", "provider": "-", "job": "market_tick", "status": "success", "ok": true}
{"ts": "2026-09-27T05:56:14.007964+00:00", "level": "INFO", "logger": "app.scheduler.manager", "msg": "scheduler.task_done", "request_id": "-", "provider": "-", "job": "market_tick", "status": "success", "ok": true}
{"ts": "2026-09-27T05:56:43.304188+00:00", "level": "INFO", "logger": "app.scheduler.manager", "msg": "scheduler.task_done", "request_id": "-", "provider": "-", "job": "market_tick", "status": "success", "ok": true}
{"ts": "2026-09-27T05:57:12.787465+00:00", "level": "INFO", "logger": "app.scheduler.manager", "msg": "scheduler.task_done", "request_id": "-", "provider": "-", "job": "health_probe", "status": "success", "ok": true}
{"ts": "2026-09-27T05:57:12.932436+00:00", "level": "INFO", "logger": "app.scheduler.manager", "msg": "scheduler.task_done", "request_id": "-", "provider": "-", "job": "market_1h", "status": "success", "ok": true}
{"ts": "2026-09-27T05:57:13.429089+00:00", "level": "INFO", "logger": "app.scheduler.manager", "msg": "scheduler.task_done", "request_id": "-", "provider": "-", "job": "derivatives", "status": "success", "ok": true}
{"ts": "2026-09-27T05:57:14.663760+00:00", "level": "INFO", "logger": "app.scheduler.manager", "msg": "scheduler.task_done", "request_id": "-", "provider": "-", "job": "market_tick", "status": "success", "ok": true}
{"ts": "2026-09-27T05:57:43.136775+00:00", "level": "INFO", "logger": "app.scheduler.manager", "msg": "scheduler.task_done", "request_id": "-", "provider": "-", "job": "market_tick", "status": "success", "ok": true}
{"ts": "2026-09-27T05:58:13.133269+00:00", "level": "INFO", "logger": "app.scheduler.manager", "msg": "scheduler.task_done", "request_id": "-", "provider": "-", "job": "market_tick", "status": "success", "ok": true}
INFO:     127.0.0.1:56248 - "GET / HTTP/1.1" 200 OK
INFO:     127.0.0.1:56248 - "GET /static/css/app.css HTTP/1.1" 200 OK
INFO:     127.0.0.1:56250 - "GET /static/vendor/echarts.min.js HTTP/1.1" 200 OK
INFO:     127.0.0.1:56255 - "GET /static/js/core.js HTTP/1.1" 200 OK
INFO:     127.0.0.1:56258 - "GET /static/js/pages-analysis.js HTTP/1.1" 200 OK
INFO:     127.0.0.1:56257 - "GET /static/js/pages-market.js HTTP/1.1" 200 OK
INFO:     127.0.0.1:56256 - "GET /static/js/charts.js HTTP/1.1" 200 OK
INFO:     127.0.0.1:56248 - "GET /static/js/pages-research.js HTTP/1.1" 200 OK
INFO:     127.0.0.1:56257 - "GET /static/js/pages-portfolio.js HTTP/1.1" 200 OK
INFO:     127.0.0.1:56258 - "GET /static/js/pages-alerts.js HTTP/1.1" 200 OK
INFO:     127.0.0.1:56255 - "GET /static/js/pages-system.js HTTP/1.1" 200 OK
INFO:     127.0.0.1:56256 - "GET /static/js/app.js HTTP/1.1" 200 OK
{"ts": "2026-09-27T05:58:28.001174+00:00", "level": "INFO", "logger": "app.core.cache", "msg": "cache.backend=memory", "request_id": "-", "provider": "-"}
{"ts": "2026-09-27T05:58:28.001323+00:00", "level": "INFO", "logger": "app.core.cache", "msg": "cache.backend=memory", "request_id": "-", "provider": "-"}
INFO:     127.0.0.1:56258 - "GET /api/v1/market/price HTTP/1.1" 200 OK
INFO:     127.0.0.1:56255 - "GET /api/v1/market/price HTTP/1.1" 200 OK
INFO:     127.0.0.1:56293 - "WebSocket /api/v1/ws/market" 403
INFO:     connection rejected (403 Forbidden)
INFO:     127.0.0.1:56297 - "GET /api/v1/engine/dashboard?include_price=true HTTP/1.1" 404 Not Found
INFO:     127.0.0.1:56301 - "GET /api/v1/market/stats HTTP/1.1" 404 Not Found
INFO:     127.0.0.1:56295 - "GET /api/v1/system/health HTTP/1.1" 200 OK
INFO:     127.0.0.1:56303 - "GET /api/v1/portfolio/plans?page=1&page_size=5 HTTP/1.1" 200 OK
INFO:     127.0.0.1:56305 - "GET /api/v1/portfolio/holdings HTTP/1.1" 200 OK
INFO:     127.0.0.1:56299 - "GET /api/v1/market/price HTTP/1.1" 200 OK
INFO:     127.0.0.1:56256 - "GET /api/v1/market/overview HTTP/1.1" 200 OK
INFO:     127.0.0.1:56322 - "WebSocket /api/v1/ws/market" 403
INFO:     connection rejected (403 Forbidden)
INFO:     127.0.0.1:56330 - "WebSocket /api/v1/ws/market" 403
INFO:     connection rejected (403 Forbidden)
INFO:     127.0.0.1:56386 - "WebSocket /api/v1/ws/market" 403
INFO:     connection rejected (403 Forbidden)
INFO:     127.0.0.1:56395 - "WebSocket /api/v1/ws/market" 403
INFO:     connection rejected (403 Forbidden)
{"ts": "2026-09-27T05:58:43.788564+00:00", "level": "INFO", "logger": "app.scheduler.manager", "msg": "scheduler.task_done", "request_id": "-", "provider": "-", "job": "market_tick", "status": "success", "ok": true}
INFO:     127.0.0.1:56415 - "GET /api/v1/market/price HTTP/1.1" 200 OK
INFO:     127.0.0.1:56421 - "GET /api/v1/market/ohlcv?interval=1d&start=2024-04-19&end=2024-04-21&limit=10 HTTP/1.1" 404 Not Found
INFO:     127.0.0.1:56421 - "GET /api/v1/engine/history?engine=cycle&date=2024-04-20&limit=1 HTTP/1.1" 404 Not Found
INFO:     127.0.0.1:56423 - "GET /api/v1/engine/history?engine=valuation&date=2024-04-20&limit=1 HTTP/1.1" 404 Not Found
INFO:     127.0.0.1:56421 - "GET /api/v1/engine/history?engine=risk&date=2024-04-20&limit=1 HTTP/1.1" 404 Not Found
INFO:     127.0.0.1:56425 - "GET /api/v1/engine/history?engine=regime&date=2024-04-20&limit=1 HTTP/1.1" 404 Not Found
INFO:     127.0.0.1:56415 - "GET /api/v1/alerts/catalog HTTP/1.1" 404 Not Found
INFO:     127.0.0.1:56432 - "WebSocket /api/v1/ws/market" 403
INFO:     connection rejected (403 Forbidden)
INFO:     127.0.0.1:56415 - "GET /api/v1/alerts/catalog HTTP/1.1" 404 Not Found
INFO:     127.0.0.1:56415 - "GET /api/v1/alerts/catalog HTTP/1.1" 404 Not Found
INFO:     127.0.0.1:56415 - "GET /api/v1/alerts/catalog HTTP/1.1" 404 Not Found
{"ts": "2026-09-27T05:59:12.785565+00:00", "level": "INFO", "logger": "app.scheduler.manager", "msg": "scheduler.task_done", "request_id": "-", "provider": "-", "job": "health_probe", "status": "success", "ok": true}
{"ts": "2026-09-27T05:59:13.150526+00:00", "level": "INFO", "logger": "app.scheduler.manager", "msg": "scheduler.task_done", "request_id": "-", "provider": "-", "job": "market_tick", "status": "success", "ok": true}
INFO:     127.0.0.1:56490 - "GET /api/v1/market/price HTTP/1.1" 200 OK
{"ts": "2026-09-27T05:59:43.406598+00:00", "level": "INFO", "logger": "app.scheduler.manager", "msg": "scheduler.task_done", "request_id": "-", "provider": "-", "job": "market_tick", "status": "success", "ok": true}
INFO:     127.0.0.1:56525 - "GET /api/v1/system/providers/dashboard HTTP/1.1" 200 OK
INFO:     127.0.0.1:56529 - "GET /api/v1/system/providers/categories HTTP/1.1" 200 OK
INFO:     127.0.0.1:56529 - "GET /api/v1/system/providers/failovers HTTP/1.1" 200 OK
INFO:     127.0.0.1:56561 - "GET /api/v1/system/data-quality HTTP/1.1" 200 OK
INFO:     127.0.0.1:56561 - "GET /api/v1/system/info HTTP/1.1" 200 OK
INFO:     127.0.0.1:56563 - "GET /api/v1/system/failover-events HTTP/1.1" 200 OK
INFO:     127.0.0.1:56563 - "GET /api/v1/system/jobs HTTP/1.1" 200 OK
INFO:     127.0.0.1:56561 - "GET /api/v1/system/stats HTTP/1.1" 200 OK
INFO:     127.0.0.1:56561 - "GET /api/v1/system/data-quality HTTP/1.1" 200 OK
INFO:     127.0.0.1:56561 - "GET /api/v1/system/providers/dashboard HTTP/1.1" 200 OK
INFO:     127.0.0.1:56563 - "GET /api/v1/system/providers/categories HTTP/1.1" 200 OK
INFO:     127.0.0.1:56563 - "GET /api/v1/system/providers/failovers HTTP/1.1" 200 OK
INFO:     127.0.0.1:56563 - "GET /api/v1/alerts/catalog HTTP/1.1" 404 Not Found
INFO:     127.0.0.1:56563 - "GET /api/v1/alerts/catalog HTTP/1.1" 404 Not Found
INFO:     127.0.0.1:56563 - "GET /api/v1/alerts/catalog HTTP/1.1" 404 Not Found
INFO:     127.0.0.1:56563 - "GET /api/v1/alerts/catalog HTTP/1.1" 404 Not Found
INFO:     127.0.0.1:56563 - "GET /api/v1/alerts/catalog HTTP/1.1" 404 Not Found
{"ts": "2026-09-27T06:00:13.788700+00:00", "level": "INFO", "logger": "app.scheduler.manager", "msg": "scheduler.task_done", "request_id": "-", "provider": "-", "job": "market_tick", "status": "success", "ok": true}
INFO:     127.0.0.1:56606 - "GET /api/v1/market/forecast?horizon=30 HTTP/1.1" 200 OK
INFO:     127.0.0.1:56606 - "GET /api/v1/market/analysis HTTP/1.1" 200 OK
INFO:     127.0.0.1:56606 - "GET /api/v1/market/derivatives HTTP/1.1" 200 OK
INFO:     127.0.0.1:56647 - "GET /api/v1/market/price HTTP/1.1" 200 OK
{"ts": "2026-09-27T06:00:44.467910+00:00", "level": "INFO", "logger": "app.scheduler.manager", "msg": "scheduler.task_done", "request_id": "-", "provider": "-", "job": "market_tick", "status": "success", "ok": true}
INFO:     127.0.0.1:56753 - "WebSocket /api/v1/ws/market" 403
INFO:     connection rejected (403 Forbidden)
INFO:     127.0.0.1:56800 - "GET /api/v1/macro/series/dxy?start=2024-09-27&end=2026-09-27 HTTP/1.1" 404 Not Found
INFO:     127.0.0.1:56799 - "GET /api/v1/macro/series/fed_rate?start=2024-09-27&end=2026-09-27 HTTP/1.1" 404 Not Found
INFO:     127.0.0.1:56804 - "GET /api/v1/macro/series/treasury_10y?start=2024-09-27&end=2026-09-27 HTTP/1.1" 404 Not Found
INFO:     127.0.0.1:56805 - "GET /api/v1/macro/series/real_yield?start=2024-09-27&end=2026-09-27 HTTP/1.1" 404 Not Found
INFO:     127.0.0.1:56806 - "GET /api/v1/macro/series/cpi?start=2024-09-27&end=2026-09-27 HTTP/1.1" 404 Not Found
INFO:     127.0.0.1:56807 - "GET /api/v1/macro/series/m2?start=2024-09-27&end=2026-09-27 HTTP/1.1" 404 Not Found
INFO:     127.0.0.1:56807 - "GET /api/v1/derivatives/funding?limit=90 HTTP/1.1" 404 Not Found
INFO:     127.0.0.1:56805 - "GET /api/v1/derivatives/open-interest?start=2026-06-29&end=2026-09-27 HTTP/1.1" 404 Not Found
INFO:     127.0.0.1:56806 - "GET /api/v1/derivatives/liquidations?period=24h HTTP/1.1" 404 Not Found
INFO:     127.0.0.1:56804 - "GET /api/v1/derivatives/long-short?limit=30 HTTP/1.1" 404 Not Found
INFO:     127.0.0.1:56821 - "WebSocket /api/v1/ws/market" 403
INFO:     connection rejected (403 Forbidden)
INFO:     127.0.0.1:56804 - "GET /api/v1/system/health HTTP/1.1" 200 OK
INFO:     127.0.0.1:56805 - "GET /api/v1/engine/dashboard?include_price=true HTTP/1.1" 404 Not Found
INFO:     127.0.0.1:56804 - "GET /api/v1/market/stats HTTP/1.1" 404 Not Found
INFO:     127.0.0.1:56805 - "GET /api/v1/portfolio/plans?page=1&page_size=5 HTTP/1.1" 200 OK
INFO:     127.0.0.1:56807 - "GET /api/v1/portfolio/holdings HTTP/1.1" 200 OK
INFO:     127.0.0.1:56806 - "GET /api/v1/market/price HTTP/1.1" 200 OK
INFO:     127.0.0.1:56849 - "GET /api/v1/market/price HTTP/1.1" 200 OK
{"ts": "2026-09-27T06:01:12.783156+00:00", "level": "INFO", "logger": "app.scheduler.manager", "msg": "scheduler.task_done", "request_id": "-", "provider": "-", "job": "health_probe", "status": "success", "ok": true}
{"ts": "2026-09-27T06:01:13.174529+00:00", "level": "INFO", "logger": "app.scheduler.manager", "msg": "scheduler.task_done", "request_id": "-", "provider": "-", "job": "market_tick", "status": "success", "ok": true}
INFO:     127.0.0.1:56854 - "WebSocket /api/v1/ws/market" 403
INFO:     connection rejected (403 Forbidden)
INFO:     127.0.0.1:56871 - "GET /api/v1/market/price HTTP/1.1" 200 OK
{"ts": "2026-09-27T06:01:43.408688+00:00", "level": "INFO", "logger": "app.scheduler.manager", "msg": "scheduler.task_done", "request_id": "-", "provider": "-", "job": "market_tick", "status": "success", "ok": true}
{"ts": "2026-09-27T06:02:13.266529+00:00", "level": "INFO", "logger": "app.scheduler.manager", "msg": "scheduler.task_done", "request_id": "-", "provider": "-", "job": "market_1h", "status": "success", "ok": true}
{"ts": "2026-09-27T06:02:13.394331+00:00", "level": "INFO", "logger": "app.scheduler.manager", "msg": "scheduler.task_done", "request_id": "-", "provider": "-", "job": "derivatives", "status": "success", "ok": true}
{"ts": "2026-09-27T06:02:13.409775+00:00", "level": "INFO", "logger": "app.scheduler.manager", "msg": "scheduler.task_done", "request_id": "-", "provider": "-", "job": "market_tick", "status": "success", "ok": true}
INFO:     127.0.0.1:57003 - "GET /api/v1/market/price HTTP/1.1" 200 OK
{"ts": "2026-09-27T06:02:43.757575+00:00", "level": "INFO", "logger": "app.scheduler.manager", "msg": "scheduler.task_done", "request_id": "-", "provider": "-", "job": "market_tick", "status": "success", "ok": true}
{"ts": "2026-09-27T06:03:12.774144+00:00", "level": "INFO", "logger": "app.scheduler.manager", "msg": "scheduler.task_done", "request_id": "-", "provider": "-", "job": "health_probe", "status": "success", "ok": true}
{"ts": "2026-09-27T06:03:13.763226+00:00", "level": "INFO", "logger": "app.scheduler.manager", "msg": "scheduler.task_done", "request_id": "-", "provider": "-", "job": "market_tick", "status": "success", "ok": true}
INFO:     127.0.0.1:57106 - "GET /api/v1/market/price HTTP/1.1" 200 OK
{"ts": "2026-09-27T06:03:43.132707+00:00", "level": "INFO", "logger": "app.scheduler.manager", "msg": "scheduler.task_done", "request_id": "-", "provider": "-", "job": "market_tick", "status": "success", "ok": true}
{"ts": "2026-09-27T06:04:13.831984+00:00", "level": "INFO", "logger": "app.scheduler.manager", "msg": "scheduler.task_done", "request_id": "-", "provider": "-", "job": "market_tick", "status": "success", "ok": true}
INFO:     127.0.0.1:57217 - "GET /api/v1/market/price HTTP/1.1" 200 OK
INFO:     127.0.0.1:57217 - "GET / HTTP/1.1" 200 OK
INFO:     127.0.0.1:57217 - "GET /static/css/app.css HTTP/1.1" 200 OK
INFO:     127.0.0.1:57231 - "GET /static/vendor/echarts.min.js HTTP/1.1" 200 OK
INFO:     127.0.0.1:57233 - "GET /static/js/charts.js HTTP/1.1" 200 OK
INFO:     127.0.0.1:57217 - "GET /static/js/core.js HTTP/1.1" 200 OK
INFO:     127.0.0.1:57231 - "GET /static/js/pages-market.js HTTP/1.1" 200 OK
INFO:     127.0.0.1:57236 - "GET /static/js/pages-analysis.js HTTP/1.1" 200 OK
INFO:     127.0.0.1:57239 - "GET /static/js/pages-portfolio.js HTTP/1.1" 200 OK
INFO:     127.0.0.1:57237 - "GET /static/js/pages-research.js HTTP/1.1" 200 OK
INFO:     127.0.0.1:57233 - "GET /static/js/pages-system.js HTTP/1.1" 200 OK
INFO:     127.0.0.1:57217 - "GET /static/js/app.js HTTP/1.1" 200 OK
INFO:     127.0.0.1:57231 - "GET /static/js/pages-alerts.js HTTP/1.1" 200 OK
INFO:     127.0.0.1:57231 - "GET /api/v1/market/price HTTP/1.1" 200 OK
INFO:     127.0.0.1:57217 - "GET /api/v1/market/derivatives HTTP/1.1" 200 OK
INFO:     127.0.0.1:57217 - "GET /api/v1/market/etf HTTP/1.1" 200 OK
INFO:     127.0.0.1:57217 - "GET /api/v1/market/analysis HTTP/1.1" 200 OK
INFO:     127.0.0.1:57263 - "GET /api/v1/market/price HTTP/1.1" 200 OK
INFO:     127.0.0.1:57217 - "GET /api/v1/market/overview HTTP/1.1" 200 OK
INFO:     127.0.0.1:57304 - "GET /api/v1/market/indicators?interval=1d HTTP/1.1" 200 OK
INFO:     127.0.0.1:57303 - "GET /api/v1/market/candles?interval=1d&limit=365 HTTP/1.1" 200 OK
INFO:     127.0.0.1:57300 - "GET /api/v1/market/price HTTP/1.1" 200 OK
{"ts": "2026-09-27T06:04:43.138755+00:00", "level": "INFO", "logger": "app.scheduler.manager", "msg": "scheduler.task_done", "request_id": "-", "provider": "-", "job": "market_tick", "status": "success", "ok": true}
INFO:     127.0.0.1:57318 - "WebSocket /api/v1/ws/market" 403
INFO:     connection rejected (403 Forbidden)
INFO:     127.0.0.1:57328 - "WebSocket /api/v1/ws/market" 403
INFO:     connection rejected (403 Forbidden)
INFO:     127.0.0.1:57336 - "GET /api/v1/derivatives/funding?limit=90 HTTP/1.1" 404 Not Found
INFO:     127.0.0.1:57337 - "GET /api/v1/derivatives/open-interest?start=2026-06-29&end=2026-09-27 HTTP/1.1" 404 Not Found
INFO:     127.0.0.1:57338 - "GET /api/v1/derivatives/liquidations?period=24h HTTP/1.1" 404 Not Found
INFO:     127.0.0.1:57339 - "GET /api/v1/derivatives/long-short?limit=30 HTTP/1.1" 404 Not Found
INFO:     127.0.0.1:57335 - "GET /api/v1/system/health HTTP/1.1" 200 OK
INFO:     127.0.0.1:57345 - "WebSocket /api/v1/ws/market" 403
INFO:     connection rejected (403 Forbidden)
INFO:     127.0.0.1:57347 - "GET /api/v1/market/price HTTP/1.1" 200 OK
INFO:     127.0.0.1:57352 - "WebSocket /api/v1/ws/market" 403
INFO:     connection rejected (403 Forbidden)
INFO:     127.0.0.1:57365 - "WebSocket /api/v1/ws/market" 403
INFO:     connection rejected (403 Forbidden)
INFO:     127.0.0.1:57376 - "WebSocket /api/v1/ws/market" 403
INFO:     connection rejected (403 Forbidden)
INFO:     127.0.0.1:57380 - "GET /api/v1/market/price HTTP/1.1" 200 OK
INFO:     127.0.0.1:57395 - "WebSocket /api/v1/ws/market" 403
INFO:     connection rejected (403 Forbidden)
{"ts": "2026-09-27T06:05:12.786342+00:00", "level": "INFO", "logger": "app.scheduler.manager", "msg": "scheduler.task_done", "request_id": "-", "provider": "-", "job": "health_probe", "status": "success", "ok": true}
{"ts": "2026-09-27T06:05:13.173948+00:00", "level": "INFO", "logger": "app.scheduler.manager", "msg": "scheduler.task_done", "request_id": "-", "provider": "-", "job": "market_tick", "status": "success", "ok": true}
INFO:     127.0.0.1:57653 - "GET /api/v1/market/price HTTP/1.1" 200 OK
INFO:     127.0.0.1:57653 - "GET /api/v1/market/timeline?limit=200 HTTP/1.1" 200 OK
INFO:     127.0.0.1:57677 - "GET /api/v1/market/price HTTP/1.1" 200 OK
INFO:     127.0.0.1:57675 - "GET /api/v1/market/overview HTTP/1.1" 200 OK
{"ts": "2026-09-27T06:05:43.137761+00:00", "level": "INFO", "logger": "app.scheduler.manager", "msg": "scheduler.task_done", "request_id": "-", "provider": "-", "job": "market_tick", "status": "success", "ok": true}
{"ts": "2026-09-27T06:06:13.139291+00:00", "level": "INFO", "logger": "app.scheduler.manager", "msg": "scheduler.task_done", "request_id": "-", "provider": "-", "job": "market_tick", "status": "success", "ok": true}
INFO:     127.0.0.1:58021 - "GET /api/v1/market/forecast?horizon=30 HTTP/1.1" 200 OK
INFO:     127.0.0.1:58069 - "GET /api/v1/market/price HTTP/1.1" 200 OK
INFO:     127.0.0.1:58132 - "GET /api/v1/market/onchain HTTP/1.1" 200 OK
INFO:     127.0.0.1:58132 - "GET /api/v1/alerts/catalog HTTP/1.1" 404 Not Found
INFO:     127.0.0.1:58132 - "GET /api/v1/system/info HTTP/1.1" 200 OK
INFO:     127.0.0.1:58132 - "GET /api/v1/system/failover-events HTTP/1.1" 200 OK
{"ts": "2026-09-27T06:06:43.387831+00:00", "level": "INFO", "logger": "app.scheduler.manager", "msg": "scheduler.task_done", "request_id": "-", "provider": "-", "job": "market_tick", "status": "success", "ok": true}
INFO:     127.0.0.1:58132 - "GET /api/v1/system/providers/dashboard HTTP/1.1" 200 OK
INFO:     127.0.0.1:58250 - "GET /api/v1/system/providers/categories HTTP/1.1" 200 OK
INFO:     127.0.0.1:58250 - "GET /api/v1/system/providers/failovers HTTP/1.1" 200 OK
{"ts": "2026-09-27T06:07:12.777812+00:00", "level": "INFO", "logger": "app.scheduler.manager", "msg": "scheduler.task_done", "request_id": "-", "provider": "-", "job": "health_probe", "status": "success", "ok": true}
{"ts": "2026-09-27T06:07:12.911394+00:00", "level": "INFO", "logger": "app.scheduler.manager", "msg": "scheduler.task_done", "request_id": "-", "provider": "-", "job": "market_1h", "status": "success", "ok": true}
{"ts": "2026-09-27T06:07:13.365024+00:00", "level": "INFO", "logger": "app.scheduler.manager", "msg": "scheduler.task_done", "request_id": "-", "provider": "-", "job": "derivatives", "status": "success", "ok": true}
{"ts": "2026-09-27T06:07:13.709212+00:00", "level": "INFO", "logger": "app.scheduler.manager", "msg": "scheduler.task_done", "request_id": "-", "provider": "-", "job": "market_tick", "status": "success", "ok": true}
INFO:     127.0.0.1:58637 - "GET /api/v1/market/price HTTP/1.1" 200 OK
{"ts": "2026-09-27T06:07:43.399757+00:00", "level": "INFO", "logger": "app.scheduler.manager", "msg": "scheduler.task_done", "request_id": "-", "provider": "-", "job": "market_tick", "status": "success", "ok": true}
{"ts": "2026-09-27T06:08:14.703410+00:00", "level": "INFO", "logger": "app.scheduler.manager", "msg": "scheduler.task_done", "request_id": "-", "provider": "-", "job": "market_tick", "status": "success", "ok": true}
INFO:     127.0.0.1:59026 - "GET /api/v1/market/price HTTP/1.1" 200 OK
{"ts": "2026-09-27T06:08:43.403550+00:00", "level": "INFO", "logger": "app.scheduler.manager", "msg": "scheduler.task_done", "request_id": "-", "provider": "-", "job": "market_tick", "status": "success", "ok": true}
{"ts": "2026-09-27T06:09:12.777017+00:00", "level": "INFO", "logger": "app.scheduler.manager", "msg": "scheduler.task_done", "request_id": "-", "provider": "-", "job": "health_probe", "status": "success", "ok": true}
{"ts": "2026-09-27T06:09:13.138618+00:00", "level": "INFO", "logger": "app.scheduler.manager", "msg": "scheduler.task_done", "request_id": "-", "provider": "-", "job": "market_tick", "status": "success", "ok": true}
INFO:     127.0.0.1:59499 - "GET /api/v1/market/price HTTP/1.1" 200 OK
{"ts": "2026-09-27T06:09:43.130654+00:00", "level": "INFO", "logger": "app.scheduler.manager", "msg": "scheduler.task_done", "request_id": "-", "provider": "-", "job": "market_tick", "status": "success", "ok": true}
{"ts": "2026-09-27T06:10:13.127804+00:00", "level": "INFO", "logger": "app.scheduler.manager", "msg": "scheduler.task_done", "request_id": "-", "provider": "-", "job": "market_tick", "status": "success", "ok": true}
INFO:     127.0.0.1:60070 - "GET /api/v1/market/price HTTP/1.1" 200 OK
{"ts": "2026-09-27T06:10:43.128544+00:00", "level": "INFO", "logger": "app.scheduler.manager", "msg": "scheduler.task_done", "request_id": "-", "provider": "-", "job": "market_tick", "status": "success", "ok": true}
{"ts": "2026-09-27T06:11:12.779913+00:00", "level": "INFO", "logger": "app.scheduler.manager", "msg": "scheduler.task_done", "request_id": "-", "provider": "-", "job": "health_probe", "status": "success", "ok": true}
{"ts": "2026-09-27T06:11:13.403491+00:00", "level": "INFO", "logger": "app.scheduler.manager", "msg": "scheduler.task_done", "request_id": "-", "provider": "-", "job": "market_tick", "status": "success", "ok": true}
INFO:     127.0.0.1:60510 - "GET /api/v1/market/price HTTP/1.1" 200 OK
{"ts": "2026-09-27T06:11:43.192528+00:00", "level": "INFO", "logger": "app.scheduler.manager", "msg": "scheduler.task_done", "request_id": "-", "provider": "-", "job": "market_tick", "status": "success", "ok": true}
{"ts": "2026-09-27T06:12:12.911308+00:00", "level": "INFO", "logger": "app.scheduler.manager", "msg": "scheduler.task_done", "request_id": "-", "provider": "-", "job": "market_1h", "status": "success", "ok": true}
{"ts": "2026-09-27T06:12:13.462971+00:00", "level": "INFO", "logger": "app.scheduler.manager", "msg": "scheduler.task_done", "request_id": "-", "provider": "-", "job": "derivatives", "status": "success", "ok": true}
{"ts": "2026-09-27T06:12:14.630956+00:00", "level": "INFO", "logger": "app.scheduler.manager", "msg": "scheduler.task_done", "request_id": "-", "provider": "-", "job": "market_tick", "status": "success", "ok": true}
INFO:     127.0.0.1:61113 - "GET /api/v1/market/price HTTP/1.1" 200 OK
{"ts": "2026-09-27T06:12:43.446621+00:00", "level": "INFO", "logger": "app.scheduler.manager", "msg": "scheduler.task_done", "request_id": "-", "provider": "-", "job": "market_tick", "status": "success", "ok": true}
{"ts": "2026-09-27T06:13:12.787886+00:00", "level": "INFO", "logger": "app.scheduler.manager", "msg": "scheduler.task_done", "request_id": "-", "provider": "-", "job": "health_probe", "status": "success", "ok": true}
{"ts": "2026-09-27T06:13:13.432423+00:00", "level": "INFO", "logger": "app.scheduler.manager", "msg": "scheduler.task_done", "request_id": "-", "provider": "-", "job": "market_tick", "status": "success", "ok": true}
INFO:     127.0.0.1:61603 - "GET /api/v1/market/price HTTP/1.1" 200 OK
{"ts": "2026-09-27T06:13:44.036384+00:00", "level": "INFO", "logger": "app.scheduler.manager", "msg": "scheduler.task_done", "request_id": "-", "provider": "-", "job": "market_tick", "status": "success", "ok": true}
{"ts": "2026-09-27T06:14:13.212791+00:00", "level": "INFO", "logger": "app.scheduler.manager", "msg": "scheduler.task_done", "request_id": "-", "provider": "-", "job": "market_tick", "status": "success", "ok": true}
INFO:     127.0.0.1:61945 - "GET /api/v1/market/price HTTP/1.1" 200 OK
{"ts": "2026-09-27T06:14:43.212020+00:00", "level": "INFO", "logger": "app.scheduler.manager", "msg": "scheduler.task_done", "request_id": "-", "provider": "-", "job": "market_tick", "status": "success", "ok": true}
{"ts": "2026-09-27T06:15:12.779225+00:00", "level": "INFO", "logger": "app.scheduler.manager", "msg": "scheduler.task_done", "request_id": "-", "provider": "-", "job": "health_probe", "status": "success", "ok": true}
{"ts": "2026-09-27T06:15:13.227513+00:00", "level": "INFO", "logger": "app.scheduler.manager", "msg": "scheduler.task_done", "request_id": "-", "provider": "-", "job": "market_tick", "status": "success", "ok": true}
INFO:     127.0.0.1:62147 - "GET /api/v1/market/price HTTP/1.1" 200 OK
{"ts": "2026-09-27T06:15:43.220958+00:00", "level": "INFO", "logger": "app.scheduler.manager", "msg": "scheduler.task_done", "request_id": "-", "provider": "-", "job": "market_tick", "status": "success", "ok": true}
{"ts": "2026-09-27T06:16:13.841743+00:00", "level": "INFO", "logger": "app.scheduler.manager", "msg": "scheduler.task_done", "request_id": "-", "provider": "-", "job": "market_tick", "status": "success", "ok": true}
INFO:     127.0.0.1:62595 - "GET /api/v1/market/price HTTP/1.1" 200 OK
{"ts": "2026-09-27T06:16:43.530473+00:00", "level": "INFO", "logger": "app.scheduler.manager", "msg": "scheduler.task_done", "request_id": "-", "provider": "-", "job": "market_tick", "status": "success", "ok": true}
{"ts": "2026-09-27T06:17:12.783547+00:00", "level": "INFO", "logger": "app.scheduler.manager", "msg": "scheduler.task_done", "request_id": "-", "provider": "-", "job": "health_probe", "status": "success", "ok": true}
{"ts": "2026-09-27T06:17:12.846559+00:00", "level": "INFO", "logger": "app.scheduler.manager", "msg": "scheduler.task_done", "request_id": "-", "provider": "-", "job": "quality", "status": "success", "ok": true}
{"ts": "2026-09-27T06:17:12.857780+00:00", "level": "INFO", "logger": "app.scheduler.manager", "msg": "scheduler.task_done", "request_id": "-", "provider": "-", "job": "gap_repair", "status": "success", "ok": true}
{"ts": "2026-09-27T06:17:13.252893+00:00", "level": "INFO", "logger": "app.scheduler.manager", "msg": "scheduler.task_done", "request_id": "-", "provider": "-", "job": "market_1h", "status": "success", "ok": true}
{"ts": "2026-09-27T06:17:13.343917+00:00", "level": "INFO", "logger": "app.scheduler.manager", "msg": "scheduler.task_done", "request_id": "-", "provider": "-", "job": "market_1d", "status": "success", "ok": true}
{"ts": "2026-09-27T06:17:13.553253+00:00", "level": "INFO", "logger": "app.scheduler.manager", "msg": "scheduler.task_done", "request_id": "-", "provider": "-", "job": "derivatives", "status": "success", "ok": true}
{"ts": "2026-09-27T06:17:13.656907+00:00", "level": "INFO", "logger": "app.scheduler.manager", "msg": "scheduler.task_done", "request_id": "-", "provider": "-", "job": "market_tick", "status": "success", "ok": true}
{"ts": "2026-09-27T06:17:14.036241+00:00", "level": "INFO", "logger": "app.scheduler.manager", "msg": "scheduler.task_done", "request_id": "-", "provider": "-", "job": "sentiment", "status": "success", "ok": true}
{"ts": "2026-09-27T06:17:14.559615+00:00", "level": "INFO", "logger": "app.scheduler.manager", "msg": "scheduler.task_done", "request_id": "-", "provider": "-", "job": "onchain", "status": "success", "ok": true}
INFO:     127.0.0.1:63294 - "GET /api/v1/market/price HTTP/1.1" 200 OK
{"ts": "2026-09-27T06:17:43.443649+00:00", "level": "INFO", "logger": "app.scheduler.manager", "msg": "scheduler.task_done", "request_id": "-", "provider": "-", "job": "market_tick", "status": "success", "ok": true}
{"ts": "2026-09-27T06:18:15.333684+00:00", "level": "INFO", "logger": "app.scheduler.manager", "msg": "scheduler.task_done", "request_id": "-", "provider": "-", "job": "market_tick", "status": "success", "ok": true}
INFO:     127.0.0.1:63750 - "GET /api/v1/market/price HTTP/1.1" 200 OK
{"ts": "2026-09-27T06:18:43.302429+00:00", "level": "INFO", "logger": "app.scheduler.manager", "msg": "scheduler.task_done", "request_id": "-", "provider": "-", "job": "market_tick", "status": "success", "ok": true}
{"ts": "2026-09-27T06:19:12.776851+00:00", "level": "INFO", "logger": "app.scheduler.manager", "msg": "scheduler.task_done", "request_id": "-", "provider": "-", "job": "health_probe", "status": "success", "ok": true}
{"ts": "2026-09-27T06:19:13.304856+00:00", "level": "INFO", "logger": "app.scheduler.manager", "msg": "scheduler.task_done", "request_id": "-", "provider": "-", "job": "market_tick", "status": "success", "ok": true}
INFO:     127.0.0.1:64165 - "GET /api/v1/market/price HTTP/1.1" 200 OK
{"ts": "2026-09-27T06:19:44.071624+00:00", "level": "INFO", "logger": "app.scheduler.manager", "msg": "scheduler.task_done", "request_id": "-", "provider": "-", "job": "market_tick", "status": "success", "ok": true}
{"ts": "2026-09-27T06:20:13.319996+00:00", "level": "INFO", "logger": "app.scheduler.manager", "msg": "scheduler.task_done", "request_id": "-", "provider": "-", "job": "market_tick", "status": "success", "ok": true}
INFO:     127.0.0.1:64674 - "GET /api/v1/market/price HTTP/1.1" 200 OK
{"ts": "2026-09-27T06:20:44.103223+00:00", "level": "INFO", "logger": "app.scheduler.manager", "msg": "scheduler.task_done", "request_id": "-", "provider": "-", "job": "market_tick", "status": "success", "ok": true}
{"ts": "2026-09-27T06:21:12.782645+00:00", "level": "INFO", "logger": "app.scheduler.manager", "msg": "scheduler.task_done", "request_id": "-", "provider": "-", "job": "health_probe", "status": "success", "ok": true}
{"ts": "2026-09-27T06:21:13.529894+00:00", "level": "INFO", "logger": "app.scheduler.manager", "msg": "scheduler.task_done", "request_id": "-", "provider": "-", "job": "market_tick", "status": "success", "ok": true}
INFO:     127.0.0.1:65129 - "GET /api/v1/market/price HTTP/1.1" 200 OK
{"ts": "2026-09-27T06:21:43.420160+00:00", "level": "INFO", "logger": "app.scheduler.manager", "msg": "scheduler.task_done", "request_id": "-", "provider": "-", "job": "market_tick", "status": "success", "ok": true}
{"ts": "2026-09-27T06:22:12.917688+00:00", "level": "INFO", "logger": "app.scheduler.manager", "msg": "scheduler.task_done", "request_id": "-", "provider": "-", "job": "market_1h", "status": "success", "ok": true}
{"ts": "2026-09-27T06:22:13.403369+00:00", "level": "INFO", "logger": "app.scheduler.manager", "msg": "scheduler.task_done", "request_id": "-", "provider": "-", "job": "derivatives", "status": "success", "ok": true}
{"ts": "2026-09-27T06:22:13.754229+00:00", "level": "INFO", "logger": "app.scheduler.manager", "msg": "scheduler.task_done", "request_id": "-", "provider": "-", "job": "market_tick", "status": "success", "ok": true}
{"ts": "2026-09-27T06:22:43.400374+00:00", "level": "INFO", "logger": "app.scheduler.manager", "msg": "scheduler.task_done", "request_id": "-", "provider": "-", "job": "market_tick", "status": "success", "ok": true}
{"ts": "2026-09-27T06:23:12.784371+00:00", "level": "INFO", "logger": "app.scheduler.manager", "msg": "scheduler.task_done", "request_id": "-", "provider": "-", "job": "health_probe", "status": "success", "ok": true}
{"ts": "2026-09-27T06:23:13.980442+00:00", "level": "INFO", "logger": "app.scheduler.manager", "msg": "scheduler.task_done", "request_id": "-", "provider": "-", "job": "market_tick", "status": "success", "ok": true}
{"ts": "2026-09-27T06:23:43.400352+00:00", "level": "INFO", "logger": "app.scheduler.manager", "msg": "scheduler.task_done", "request_id": "-", "provider": "-", "job": "market_tick", "status": "success", "ok": true}
{"ts": "2026-09-27T06:24:13.897701+00:00", "level": "INFO", "logger": "app.scheduler.manager", "msg": "scheduler.task_done", "request_id": "-", "provider": "-", "job": "market_tick", "status": "success", "ok": true}
{"ts": "2026-09-27T06:24:43.391255+00:00", "level": "INFO", "logger": "app.scheduler.manager", "msg": "scheduler.task_done", "request_id": "-", "provider": "-", "job": "market_tick", "status": "success", "ok": true}
{"ts": "2026-09-27T06:25:12.786877+00:00", "level": "INFO", "logger": "app.scheduler.manager", "msg": "scheduler.task_done", "request_id": "-", "provider": "-", "job": "health_probe", "status": "success", "ok": true}
{"ts": "2026-09-27T06:25:13.435687+00:00", "level": "INFO", "logger": "app.scheduler.manager", "msg": "scheduler.task_done", "request_id": "-", "provider": "-", "job": "market_tick", "status": "success", "ok": true}
{"ts": "2026-09-27T06:25:43.829960+00:00", "level": "INFO", "logger": "app.scheduler.manager", "msg": "scheduler.task_done", "request_id": "-", "provider": "-", "job": "market_tick", "status": "success", "ok": true}
{"ts": "2026-09-27T06:26:13.463364+00:00", "level": "INFO", "logger": "app.scheduler.manager", "msg": "scheduler.task_done", "request_id": "-", "provider": "-", "job": "market_tick", "status": "success", "ok": true}
{"ts": "2026-09-27T06:26:43.393682+00:00", "level": "INFO", "logger": "app.scheduler.manager", "msg": "scheduler.task_done", "request_id": "-", "provider": "-", "job": "market_tick", "status": "success", "ok": true}
{"ts": "2026-09-27T06:27:12.778112+00:00", "level": "INFO", "logger": "app.scheduler.manager", "msg": "scheduler.task_done", "request_id": "-", "provider": "-", "job": "health_probe", "status": "success", "ok": true}
{"ts": "2026-09-27T06:27:12.910957+00:00", "level": "INFO", "logger": "app.scheduler.manager", "msg": "scheduler.task_done", "request_id": "-", "provider": "-", "job": "market_1h", "status": "success", "ok": true}
{"ts": "2026-09-27T06:27:13.360673+00:00", "level": "INFO", "logger": "app.scheduler.manager", "msg": "scheduler.task_done", "request_id": "-", "provider": "-", "job": "derivatives", "status": "success", "ok": true}
{"ts": "2026-09-27T06:27:13.750219+00:00", "level": "INFO", "logger": "app.scheduler.manager", "msg": "scheduler.task_done", "request_id": "-", "provider": "-", "job": "market_tick", "status": "success", "ok": true}
INFO:     127.0.0.1:50088 - "GET /api/v1/market/price HTTP/1.1" 200 OK
INFO:     127.0.0.1:50088 - "GET /api/v1/market/price HTTP/1.1" 200 OK
INFO:     127.0.0.1:50088 - "GET /api/v1/system/data-quality HTTP/1.1" 200 OK
INFO:     127.0.0.1:50102 - "GET /api/v1/system/providers/dashboard HTTP/1.1" 200 OK
INFO:     127.0.0.1:50108 - "GET /api/v1/system/providers/categories HTTP/1.1" 200 OK
INFO:     127.0.0.1:50108 - "GET /api/v1/system/providers/failovers HTTP/1.1" 200 OK
INFO:     127.0.0.1:50108 - "GET /api/v1/system/data-quality HTTP/1.1" 200 OK
INFO:     127.0.0.1:50088 - "GET /api/v1/market/price HTTP/1.1" 200 OK
INFO:     127.0.0.1:50088 - "GET /api/v1/system/jobs HTTP/1.1" 200 OK
INFO:     127.0.0.1:50108 - "GET /api/v1/system/stats HTTP/1.1" 200 OK
{"ts": "2026-09-27T06:27:43.398064+00:00", "level": "INFO", "logger": "app.scheduler.manager", "msg": "scheduler.task_done", "request_id": "-", "provider": "-", "job": "market_tick", "status": "success", "ok": true}
{"ts": "2026-09-27T06:28:13.451959+00:00", "level": "INFO", "logger": "app.scheduler.manager", "msg": "scheduler.task_done", "request_id": "-", "provider": "-", "job": "market_tick", "status": "success", "ok": true}
INFO:     127.0.0.1:50215 - "GET /api/v1/market/price HTTP/1.1" 200 OK
{"ts": "2026-09-27T06:28:43.602996+00:00", "level": "INFO", "logger": "app.scheduler.manager", "msg": "scheduler.task_done", "request_id": "-", "provider": "-", "job": "market_tick", "status": "success", "ok": true}
{"ts": "2026-09-27T06:29:12.780557+00:00", "level": "INFO", "logger": "app.scheduler.manager", "msg": "scheduler.task_done", "request_id": "-", "provider": "-", "job": "health_probe", "status": "success", "ok": true}
{"ts": "2026-09-27T06:29:13.395736+00:00", "level": "INFO", "logger": "app.scheduler.manager", "msg": "scheduler.task_done", "request_id": "-", "provider": "-", "job": "market_tick", "status": "success", "ok": true}
INFO:     127.0.0.1:50358 - "GET /api/v1/market/price HTTP/1.1" 200 OK
{"ts": "2026-09-27T06:29:43.458710+00:00", "level": "INFO", "logger": "app.scheduler.manager", "msg": "scheduler.task_done", "request_id": "-", "provider": "-", "job": "market_tick", "status": "success", "ok": true}
{"ts": "2026-09-27T06:30:13.399282+00:00", "level": "INFO", "logger": "app.scheduler.manager", "msg": "scheduler.task_done", "request_id": "-", "provider": "-", "job": "market_tick", "status": "success", "ok": true}
INFO:     127.0.0.1:50489 - "GET /api/v1/market/price HTTP/1.1" 200 OK
{"ts": "2026-09-27T06:30:43.386085+00:00", "level": "INFO", "logger": "app.scheduler.manager", "msg": "scheduler.task_done", "request_id": "-", "provider": "-", "job": "market_tick", "status": "success", "ok": true}
{"ts": "2026-09-27T06:31:12.781143+00:00", "level": "INFO", "logger": "app.scheduler.manager", "msg": "scheduler.task_done", "request_id": "-", "provider": "-", "job": "health_probe", "status": "success", "ok": true}
{"ts": "2026-09-27T06:31:13.409241+00:00", "level": "INFO", "logger": "app.scheduler.manager", "msg": "scheduler.task_done", "request_id": "-", "provider": "-", "job": "market_tick", "status": "success", "ok": true}
INFO:     127.0.0.1:50615 - "GET /api/v1/market/price HTTP/1.1" 200 OK
{"ts": "2026-09-27T06:31:43.461145+00:00", "level": "INFO", "logger": "app.scheduler.manager", "msg": "scheduler.task_done", "request_id": "-", "provider": "-", "job": "market_tick", "status": "success", "ok": true}
{"ts": "2026-09-27T06:32:13.216513+00:00", "level": "INFO", "logger": "app.scheduler.manager", "msg": "scheduler.task_done", "request_id": "-", "provider": "-", "job": "market_1h", "status": "success", "ok": true}
{"ts": "2026-09-27T06:32:13.412800+00:00", "level": "INFO", "logger": "app.scheduler.manager", "msg": "scheduler.task_done", "request_id": "-", "provider": "-", "job": "market_tick", "status": "success", "ok": true}
{"ts": "2026-09-27T06:32:13.724403+00:00", "level": "INFO", "logger": "app.scheduler.manager", "msg": "scheduler.task_done", "request_id": "-", "provider": "-", "job": "derivatives", "status": "success", "ok": true}
INFO:     127.0.0.1:50973 - "GET /api/v1/market/price HTTP/1.1" 200 OK
{"ts": "2026-09-27T06:32:43.429166+00:00", "level": "INFO", "logger": "app.scheduler.manager", "msg": "scheduler.task_done", "request_id": "-", "provider": "-", "job": "market_tick", "status": "success", "ok": true}
{"ts": "2026-09-27T06:33:12.779883+00:00", "level": "INFO", "logger": "app.scheduler.manager", "msg": "scheduler.task_done", "request_id": "-", "provider": "-", "job": "health_probe", "status": "success", "ok": true}
{"ts": "2026-09-27T06:33:13.570495+00:00", "level": "INFO", "logger": "app.scheduler.manager", "msg": "scheduler.task_done", "request_id": "-", "provider": "-", "job": "market_tick", "status": "success", "ok": true}
INFO:     127.0.0.1:51356 - "GET /api/v1/market/price HTTP/1.1" 200 OK
{"ts": "2026-09-27T06:33:45.497541+00:00", "level": "INFO", "logger": "app.scheduler.manager", "msg": "scheduler.task_done", "request_id": "-", "provider": "-", "job": "market_tick", "status": "success", "ok": true}
{"ts": "2026-09-27T06:34:13.603335+00:00", "level": "INFO", "logger": "app.scheduler.manager", "msg": "scheduler.task_done", "request_id": "-", "provider": "-", "job": "market_tick", "status": "success", "ok": true}
INFO:     127.0.0.1:51864 - "GET /api/v1/market/price HTTP/1.1" 200 OK
{"ts": "2026-09-27T06:34:43.295225+00:00", "level": "INFO", "logger": "app.scheduler.manager", "msg": "scheduler.task_done", "request_id": "-", "provider": "-", "job": "market_tick", "status": "success", "ok": true}
{"ts": "2026-09-27T06:35:12.783509+00:00", "level": "INFO", "logger": "app.scheduler.manager", "msg": "scheduler.task_done", "request_id": "-", "provider": "-", "job": "health_probe", "status": "success", "ok": true}
{"ts": "2026-09-27T06:35:13.303294+00:00", "level": "INFO", "logger": "app.scheduler.manager", "msg": "scheduler.task_done", "request_id": "-", "provider": "-", "job": "market_tick", "status": "success", "ok": true}
INFO:     127.0.0.1:51971 - "GET /api/v1/market/price HTTP/1.1" 200 OK
{"ts": "2026-09-27T06:35:43.610963+00:00", "level": "INFO", "logger": "app.scheduler.manager", "msg": "scheduler.task_done", "request_id": "-", "provider": "-", "job": "market_tick", "status": "success", "ok": true}
{"ts": "2026-09-27T06:36:13.297405+00:00", "level": "INFO", "logger": "app.scheduler.manager", "msg": "scheduler.task_done", "request_id": "-", "provider": "-", "job": "market_tick", "status": "success", "ok": true}
INFO:     127.0.0.1:52070 - "GET /api/v1/market/price HTTP/1.1" 200 OK
{"ts": "2026-09-27T06:36:43.298577+00:00", "level": "INFO", "logger": "app.scheduler.manager", "msg": "scheduler.task_done", "request_id": "-", "provider": "-", "job": "market_tick", "status": "success", "ok": true}
{"ts": "2026-09-27T06:37:12.778273+00:00", "level": "INFO", "logger": "app.scheduler.manager", "msg": "scheduler.task_done", "request_id": "-", "provider": "-", "job": "health_probe", "status": "success", "ok": true}
{"ts": "2026-09-27T06:37:13.233604+00:00", "level": "INFO", "logger": "app.scheduler.manager", "msg": "scheduler.task_done", "request_id": "-", "provider": "-", "job": "market_1h", "status": "success", "ok": true}
{"ts": "2026-09-27T06:37:13.400694+00:00", "level": "INFO", "logger": "app.scheduler.manager", "msg": "scheduler.task_done", "request_id": "-", "provider": "-", "job": "derivatives", "status": "success", "ok": true}
{"ts": "2026-09-27T06:37:13.437930+00:00", "level": "INFO", "logger": "app.scheduler.manager", "msg": "scheduler.task_done", "request_id": "-", "provider": "-", "job": "market_tick", "status": "success", "ok": true}
INFO:     127.0.0.1:52201 - "GET /api/v1/market/price HTTP/1.1" 200 OK
{"ts": "2026-09-27T06:37:43.911698+00:00", "level": "INFO", "logger": "app.scheduler.manager", "msg": "scheduler.task_done", "request_id": "-", "provider": "-", "job": "market_tick", "status": "success", "ok": true}
{"ts": "2026-09-27T06:38:15.005121+00:00", "level": "INFO", "logger": "app.scheduler.manager", "msg": "scheduler.task_done", "request_id": "-", "provider": "-", "job": "market_tick", "status": "success", "ok": true}
INFO:     127.0.0.1:52306 - "GET /api/v1/market/price HTTP/1.1" 200 OK
{"ts": "2026-09-27T06:38:43.300330+00:00", "level": "INFO", "logger": "app.scheduler.manager", "msg": "scheduler.task_done", "request_id": "-", "provider": "-", "job": "market_tick", "status": "success", "ok": true}
{"ts": "2026-09-27T06:39:12.783022+00:00", "level": "INFO", "logger": "app.scheduler.manager", "msg": "scheduler.task_done", "request_id": "-", "provider": "-", "job": "health_probe", "status": "success", "ok": true}
{"ts": "2026-09-27T06:39:13.296933+00:00", "level": "INFO", "logger": "app.scheduler.manager", "msg": "scheduler.task_done", "request_id": "-", "provider": "-", "job": "market_tick", "status": "success", "ok": true}
INFO:     127.0.0.1:52427 - "GET /api/v1/market/price HTTP/1.1" 200 OK
{"ts": "2026-09-27T06:39:43.295897+00:00", "level": "INFO", "logger": "app.scheduler.manager", "msg": "scheduler.task_done", "request_id": "-", "provider": "-", "job": "market_tick", "status": "success", "ok": true}
{"ts": "2026-09-27T06:40:13.962797+00:00", "level": "INFO", "logger": "app.scheduler.manager", "msg": "scheduler.task_done", "request_id": "-", "provider": "-", "job": "market_tick", "status": "success", "ok": true}
INFO:     127.0.0.1:52536 - "GET /api/v1/market/price HTTP/1.1" 200 OK
{"ts": "2026-09-27T06:40:44.378442+00:00", "level": "INFO", "logger": "app.scheduler.manager", "msg": "scheduler.task_done", "request_id": "-", "provider": "-", "job": "market_tick", "status": "success", "ok": true}
INFO:     127.0.0.1:52574 - "GET /api/v1/market/price HTTP/1.1" 200 OK
{"ts": "2026-09-27T06:41:12.783293+00:00", "level": "INFO", "logger": "app.scheduler.manager", "msg": "scheduler.task_done", "request_id": "-", "provider": "-", "job": "health_probe", "status": "success", "ok": true}
{"ts": "2026-09-27T06:41:13.462011+00:00", "level": "INFO", "logger": "app.scheduler.manager", "msg": "scheduler.task_done", "request_id": "-", "provider": "-", "job": "market_tick", "status": "success", "ok": true}
INFO:     127.0.0.1:52668 - "GET /api/v1/market/price HTTP/1.1" 200 OK
{"ts": "2026-09-27T06:41:44.994679+00:00", "level": "INFO", "logger": "app.scheduler.manager", "msg": "scheduler.task_done", "request_id": "-", "provider": "-", "job": "market_tick", "status": "success", "ok": true}
{"ts": "2026-09-27T06:42:13.209044+00:00", "level": "INFO", "logger": "app.scheduler.manager", "msg": "scheduler.task_done", "request_id": "-", "provider": "-", "job": "market_1h", "status": "success", "ok": true}
{"ts": "2026-09-27T06:42:13.287793+00:00", "level": "INFO", "logger": "app.scheduler.manager", "msg": "scheduler.task_done", "request_id": "-", "provider": "-", "job": "market_tick", "status": "success", "ok": true}
{"ts": "2026-09-27T06:42:13.456627+00:00", "level": "INFO", "logger": "app.scheduler.manager", "msg": "scheduler.task_done", "request_id": "-", "provider": "-", "job": "derivatives", "status": "success", "ok": true}
INFO:     127.0.0.1:52819 - "GET /api/v1/market/price HTTP/1.1" 200 OK
{"ts": "2026-09-27T06:42:43.291387+00:00", "level": "INFO", "logger": "app.scheduler.manager", "msg": "scheduler.task_done", "request_id": "-", "provider": "-", "job": "market_tick", "status": "success", "ok": true}
{"ts": "2026-09-27T06:43:12.785526+00:00", "level": "INFO", "logger": "app.scheduler.manager", "msg": "scheduler.task_done", "request_id": "-", "provider": "-", "job": "health_probe", "status": "success", "ok": true}
{"ts": "2026-09-27T06:43:13.302072+00:00", "level": "INFO", "logger": "app.scheduler.manager", "msg": "scheduler.task_done", "request_id": "-", "provider": "-", "job": "market_tick", "status": "success", "ok": true}
INFO:     127.0.0.1:52977 - "GET /api/v1/market/price HTTP/1.1" 200 OK
{"ts": "2026-09-27T06:43:43.397084+00:00", "level": "INFO", "logger": "app.scheduler.manager", "msg": "scheduler.task_done", "request_id": "-", "provider": "-", "job": "market_tick", "status": "success", "ok": true}
{"ts": "2026-09-27T06:44:13.390830+00:00", "level": "INFO", "logger": "app.scheduler.manager", "msg": "scheduler.task_done", "request_id": "-", "provider": "-", "job": "market_tick", "status": "success", "ok": true}
INFO:     127.0.0.1:53210 - "GET /api/v1/market/price HTTP/1.1" 200 OK
{"ts": "2026-09-27T06:44:43.399072+00:00", "level": "INFO", "logger": "app.scheduler.manager", "msg": "scheduler.task_done", "request_id": "-", "provider": "-", "job": "market_tick", "status": "success", "ok": true}
{"ts": "2026-09-27T06:45:12.778184+00:00", "level": "INFO", "logger": "app.scheduler.manager", "msg": "scheduler.task_done", "request_id": "-", "provider": "-", "job": "health_probe", "status": "success", "ok": true}
{"ts": "2026-09-27T06:45:13.352564+00:00", "level": "INFO", "logger": "app.scheduler.manager", "msg": "scheduler.task_done", "request_id": "-", "provider": "-", "job": "market_tick", "status": "success", "ok": true}
INFO:     127.0.0.1:53338 - "GET /api/v1/market/price HTTP/1.1" 200 OK
{"ts": "2026-09-27T06:45:43.510369+00:00", "level": "INFO", "logger": "app.scheduler.manager", "msg": "scheduler.task_done", "request_id": "-", "provider": "-", "job": "market_tick", "status": "success", "ok": true}
{"ts": "2026-09-27T06:46:13.314623+00:00", "level": "INFO", "logger": "app.scheduler.manager", "msg": "scheduler.task_done", "request_id": "-", "provider": "-", "job": "market_tick", "status": "success", "ok": true}
INFO:     127.0.0.1:53825 - "GET /api/v1/market/price HTTP/1.1" 200 OK
{"ts": "2026-09-27T06:46:43.732513+00:00", "level": "INFO", "logger": "app.scheduler.manager", "msg": "scheduler.task_done", "request_id": "-", "provider": "-", "job": "market_tick", "status": "success", "ok": true}
{"ts": "2026-09-27T06:47:12.784071+00:00", "level": "INFO", "logger": "app.scheduler.manager", "msg": "scheduler.task_done", "request_id": "-", "provider": "-", "job": "health_probe", "status": "success", "ok": true}
{"ts": "2026-09-27T06:47:13.274882+00:00", "level": "INFO", "logger": "app.scheduler.manager", "msg": "scheduler.task_done", "request_id": "-", "provider": "-", "job": "market_1h", "status": "success", "ok": true}
{"ts": "2026-09-27T06:47:13.305994+00:00", "level": "INFO", "logger": "app.scheduler.manager", "msg": "scheduler.task_done", "request_id": "-", "provider": "-", "job": "market_1d", "status": "success", "ok": true}
{"ts": "2026-09-27T06:47:13.361214+00:00", "level": "INFO", "logger": "app.scheduler.manager", "msg": "scheduler.task_done", "request_id": "-", "provider": "-", "job": "market_tick", "status": "success", "ok": true}
{"ts": "2026-09-27T06:47:13.378074+00:00", "level": "INFO", "logger": "app.scheduler.manager", "msg": "scheduler.task_done", "request_id": "-", "provider": "-", "job": "derivatives", "status": "success", "ok": true}
INFO:     127.0.0.1:54128 - "GET /api/v1/market/price HTTP/1.1" 200 OK
{"ts": "2026-09-27T06:47:43.296836+00:00", "level": "INFO", "logger": "app.scheduler.manager", "msg": "scheduler.task_done", "request_id": "-", "provider": "-", "job": "market_tick", "status": "success", "ok": true}
{"ts": "2026-09-27T06:48:13.516101+00:00", "level": "INFO", "logger": "app.scheduler.manager", "msg": "scheduler.task_done", "request_id": "-", "provider": "-", "job": "market_tick", "status": "success", "ok": true}
INFO:     127.0.0.1:54374 - "GET /api/v1/market/price HTTP/1.1" 200 OK
{"ts": "2026-09-27T06:48:43.627782+00:00", "level": "INFO", "logger": "app.scheduler.manager", "msg": "scheduler.task_done", "request_id": "-", "provider": "-", "job": "market_tick", "status": "success", "ok": true}
{"ts": "2026-09-27T06:49:12.784639+00:00", "level": "INFO", "logger": "app.scheduler.manager", "msg": "scheduler.task_done", "request_id": "-", "provider": "-", "job": "health_probe", "status": "success", "ok": true}
{"ts": "2026-09-27T06:49:13.638592+00:00", "level": "INFO", "logger": "app.scheduler.manager", "msg": "scheduler.task_done", "request_id": "-", "provider": "-", "job": "market_tick", "status": "success", "ok": true}
INFO:     127.0.0.1:54504 - "GET /api/v1/market/price HTTP/1.1" 200 OK
{"ts": "2026-09-27T06:49:43.615875+00:00", "level": "INFO", "logger": "app.scheduler.manager", "msg": "scheduler.task_done", "request_id": "-", "provider": "-", "job": "market_tick", "status": "success", "ok": true}
{"ts": "2026-09-27T06:50:14.068523+00:00", "level": "INFO", "logger": "app.scheduler.manager", "msg": "scheduler.task_done", "request_id": "-", "provider": "-", "job": "market_tick", "status": "success", "ok": true}
INFO:     127.0.0.1:54688 - "GET /api/v1/market/price HTTP/1.1" 200 OK
{"ts": "2026-09-27T06:50:43.390980+00:00", "level": "INFO", "logger": "app.scheduler.manager", "msg": "scheduler.task_done", "request_id": "-", "provider": "-", "job": "market_tick", "status": "success", "ok": true}
{"ts": "2026-09-27T06:51:12.782213+00:00", "level": "INFO", "logger": "app.scheduler.manager", "msg": "scheduler.task_done", "request_id": "-", "provider": "-", "job": "health_probe", "status": "success", "ok": true}
{"ts": "2026-09-27T06:51:13.401408+00:00", "level": "INFO", "logger": "app.scheduler.manager", "msg": "scheduler.task_done", "request_id": "-", "provider": "-", "job": "market_tick", "status": "success", "ok": true}
INFO:     127.0.0.1:54885 - "GET /api/v1/market/price HTTP/1.1" 200 OK
{"ts": "2026-09-27T06:51:43.326155+00:00", "level": "INFO", "logger": "app.scheduler.manager", "msg": "scheduler.task_done", "request_id": "-", "provider": "-", "job": "market_tick", "status": "success", "ok": true}
{"ts": "2026-09-27T06:52:12.904287+00:00", "level": "INFO", "logger": "app.scheduler.manager", "msg": "scheduler.task_done", "request_id": "-", "provider": "-", "job": "market_1h", "status": "success", "ok": true}
{"ts": "2026-09-27T06:52:13.395299+00:00", "level": "INFO", "logger": "app.scheduler.manager", "msg": "scheduler.task_done", "request_id": "-", "provider": "-", "job": "derivatives", "status": "success", "ok": true}
{"ts": "2026-09-27T06:52:14.637086+00:00", "level": "INFO", "logger": "app.scheduler.manager", "msg": "scheduler.task_done", "request_id": "-", "provider": "-", "job": "market_tick", "status": "success", "ok": true}
INFO:     127.0.0.1:55111 - "GET /api/v1/market/price HTTP/1.1" 200 OK
{"ts": "2026-09-27T06:52:43.158749+00:00", "level": "INFO", "logger": "app.scheduler.manager", "msg": "scheduler.task_done", "request_id": "-", "provider": "-", "job": "market_tick", "status": "success", "ok": true}
{"ts": "2026-09-27T06:53:12.777097+00:00", "level": "INFO", "logger": "app.scheduler.manager", "msg": "scheduler.task_done", "request_id": "-", "provider": "-", "job": "health_probe", "status": "success", "ok": true}
{"ts": "2026-09-27T06:53:13.142240+00:00", "level": "INFO", "logger": "app.scheduler.manager", "msg": "scheduler.task_done", "request_id": "-", "provider": "-", "job": "market_tick", "status": "success", "ok": true}
INFO:     127.0.0.1:55298 - "GET /api/v1/market/price HTTP/1.1" 200 OK
{"ts": "2026-09-27T06:53:43.132320+00:00", "level": "INFO", "logger": "app.scheduler.manager", "msg": "scheduler.task_done", "request_id": "-", "provider": "-", "job": "market_tick", "status": "success", "ok": true}
{"ts": "2026-09-27T06:54:13.180859+00:00", "level": "INFO", "logger": "app.scheduler.manager", "msg": "scheduler.task_done", "request_id": "-", "provider": "-", "job": "market_tick", "status": "success", "ok": true}
INFO:     127.0.0.1:55418 - "GET /api/v1/market/price HTTP/1.1" 200 OK
{"ts": "2026-09-27T06:54:43.103962+00:00", "level": "INFO", "logger": "app.scheduler.manager", "msg": "scheduler.task_done", "request_id": "-", "provider": "-", "job": "market_tick", "status": "success", "ok": true}
{"ts": "2026-09-27T06:55:12.786833+00:00", "level": "INFO", "logger": "app.scheduler.manager", "msg": "scheduler.task_done", "request_id": "-", "provider": "-", "job": "health_probe", "status": "success", "ok": true}
{"ts": "2026-09-27T06:55:13.139241+00:00", "level": "INFO", "logger": "app.scheduler.manager", "msg": "scheduler.task_done", "request_id": "-", "provider": "-", "job": "market_tick", "status": "success", "ok": true}
INFO:     127.0.0.1:55965 - "GET /api/v1/market/price HTTP/1.1" 200 OK
{"ts": "2026-09-27T06:55:43.123894+00:00", "level": "INFO", "logger": "app.scheduler.manager", "msg": "scheduler.task_done", "request_id": "-", "provider": "-", "job": "market_tick", "status": "success", "ok": true}
{"ts": "2026-09-27T06:56:13.137621+00:00", "level": "INFO", "logger": "app.scheduler.manager", "msg": "scheduler.task_done", "request_id": "-", "provider": "-", "job": "market_tick", "status": "success", "ok": true}
{"ts": "2026-09-27T06:56:43.776447+00:00", "level": "INFO", "logger": "app.scheduler.manager", "msg": "scheduler.task_done", "request_id": "-", "provider": "-", "job": "market_tick", "status": "success", "ok": true}
{"ts": "2026-09-27T06:57:12.783938+00:00", "level": "INFO", "logger": "app.scheduler.manager", "msg": "scheduler.task_done", "request_id": "-", "provider": "-", "job": "health_probe", "status": "success", "ok": true}
{"ts": "2026-09-27T06:57:12.900601+00:00", "level": "INFO", "logger": "app.scheduler.manager", "msg": "scheduler.task_done", "request_id": "-", "provider": "-", "job": "market_1h", "status": "success", "ok": true}
{"ts": "2026-09-27T06:57:13.419925+00:00", "level": "INFO", "logger": "app.scheduler.manager", "msg": "scheduler.task_done", "request_id": "-", "provider": "-", "job": "derivatives", "status": "success", "ok": true}
{"ts": "2026-09-27T06:57:13.822406+00:00", "level": "INFO", "logger": "app.scheduler.manager", "msg": "scheduler.task_done", "request_id": "-", "provider": "-", "job": "market_tick", "status": "success", "ok": true}
{"ts": "2026-09-27T06:57:43.118906+00:00", "level": "INFO", "logger": "app.scheduler.manager", "msg": "scheduler.task_done", "request_id": "-", "provider": "-", "job": "market_tick", "status": "success", "ok": true}
{"ts": "2026-09-27T06:58:13.119193+00:00", "level": "INFO", "logger": "app.scheduler.manager", "msg": "scheduler.task_done", "request_id": "-", "provider": "-", "job": "market_tick", "status": "success", "ok": true}
{"ts": "2026-09-27T06:58:43.390000+00:00", "level": "INFO", "logger": "app.scheduler.manager", "msg": "scheduler.task_done", "request_id": "-", "provider": "-", "job": "market_tick", "status": "success", "ok": true}
{"ts": "2026-09-27T06:59:12.784738+00:00", "level": "INFO", "logger": "app.scheduler.manager", "msg": "scheduler.task_done", "request_id": "-", "provider": "-", "job": "health_probe", "status": "success", "ok": true}
{"ts": "2026-09-27T06:59:13.138270+00:00", "level": "INFO", "logger": "app.scheduler.manager", "msg": "scheduler.task_done", "request_id": "-", "provider": "-", "job": "market_tick", "status": "success", "ok": true}
{"ts": "2026-09-27T06:59:43.390946+00:00", "level": "INFO", "logger": "app.scheduler.manager", "msg": "scheduler.task_done", "request_id": "-", "provider": "-", "job": "market_tick", "status": "success", "ok": true}
{"ts": "2026-09-27T07:00:13.128504+00:00", "level": "INFO", "logger": "app.scheduler.manager", "msg": "scheduler.task_done", "request_id": "-", "provider": "-", "job": "market_tick", "status": "success", "ok": true}
{"ts": "2026-09-27T07:00:43.401808+00:00", "level": "INFO", "logger": "app.scheduler.manager", "msg": "scheduler.task_done", "request_id": "-", "provider": "-", "job": "market_tick", "status": "success", "ok": true}
{"ts": "2026-09-27T07:01:12.790646+00:00", "level": "INFO", "logger": "app.scheduler.manager", "msg": "scheduler.task_done", "request_id": "-", "provider": "-", "job": "health_probe", "status": "success", "ok": true}
{"ts": "2026-09-27T07:01:13.480641+00:00", "level": "INFO", "logger": "app.scheduler.manager", "msg": "scheduler.task_done", "request_id": "-", "provider": "-", "job": "market_tick", "status": "success", "ok": true}
{"ts": "2026-09-27T07:01:44.026877+00:00", "level": "INFO", "logger": "app.scheduler.manager", "msg": "scheduler.task_done", "request_id": "-", "provider": "-", "job": "market_tick", "status": "success", "ok": true}
{"ts": "2026-09-27T07:02:13.278140+00:00", "level": "INFO", "logger": "app.scheduler.manager", "msg": "scheduler.task_done", "request_id": "-", "provider": "-", "job": "market_tick", "status": "success", "ok": true}
{"ts": "2026-09-27T07:02:13.318249+00:00", "level": "INFO", "logger": "app.scheduler.manager", "msg": "scheduler.task_done", "request_id": "-", "provider": "-", "job": "market_1h", "status": "success", "ok": true}
{"ts": "2026-09-27T07:02:13.324189+00:00", "level": "INFO", "logger": "app.scheduler.manager", "msg": "scheduler.task_done", "request_id": "-", "provider": "-", "job": "derivatives", "status": "success", "ok": true}
{"ts": "2026-09-27T07:02:43.819984+00:00", "level": "INFO", "logger": "app.scheduler.manager", "msg": "scheduler.task_done", "request_id": "-", "provider": "-", "job": "market_tick", "status": "success", "ok": true}
{"ts": "2026-09-27T07:03:12.786627+00:00", "level": "INFO", "logger": "app.scheduler.manager", "msg": "scheduler.task_done", "request_id": "-", "provider": "-", "job": "health_probe", "status": "success", "ok": true}
{"ts": "2026-09-27T07:03:13.271774+00:00", "level": "INFO", "logger": "app.scheduler.manager", "msg": "scheduler.task_done", "request_id": "-", "provider": "-", "job": "market_tick", "status": "success", "ok": true}
{"ts": "2026-09-27T07:03:43.255057+00:00", "level": "INFO", "logger": "app.scheduler.manager", "msg": "scheduler.task_done", "request_id": "-", "provider": "-", "job": "market_tick", "status": "success", "ok": true}
{"ts": "2026-09-27T07:04:13.230183+00:00", "level": "INFO", "logger": "app.scheduler.manager", "msg": "scheduler.task_done", "request_id": "-", "provider": "-", "job": "market_tick", "status": "success", "ok": true}
{"ts": "2026-09-27T07:04:43.264102+00:00", "level": "INFO", "logger": "app.scheduler.manager", "msg": "scheduler.task_done", "request_id": "-", "provider": "-", "job": "market_tick", "status": "success", "ok": true}
{"ts": "2026-09-27T07:05:12.787170+00:00", "level": "INFO", "logger": "app.scheduler.manager", "msg": "scheduler.task_done", "request_id": "-", "provider": "-", "job": "health_probe", "status": "success", "ok": true}
{"ts": "2026-09-27T07:05:13.304817+00:00", "level": "INFO", "logger": "app.scheduler.manager", "msg": "scheduler.task_done", "request_id": "-", "provider": "-", "job": "market_tick", "status": "success", "ok": true}
{"ts": "2026-09-27T07:05:43.255995+00:00", "level": "INFO", "logger": "app.scheduler.manager", "msg": "scheduler.task_done", "request_id": "-", "provider": "-", "job": "market_tick", "status": "success", "ok": true}
{"ts": "2026-09-27T07:06:13.262782+00:00", "level": "INFO", "logger": "app.scheduler.manager", "msg": "scheduler.task_done", "request_id": "-", "provider": "-", "job": "market_tick", "status": "success", "ok": true}
{"ts": "2026-09-27T07:06:43.253925+00:00", "level": "INFO", "logger": "app.scheduler.manager", "msg": "scheduler.task_done", "request_id": "-", "provider": "-", "job": "market_tick", "status": "success", "ok": true}
{"ts": "2026-09-27T07:07:12.785816+00:00", "level": "INFO", "logger": "app.scheduler.manager", "msg": "scheduler.task_done", "request_id": "-", "provider": "-", "job": "health_probe", "status": "success", "ok": true}
{"ts": "2026-09-27T07:07:13.267025+00:00", "level": "INFO", "logger": "app.scheduler.manager", "msg": "scheduler.task_done", "request_id": "-", "provider": "-", "job": "market_1h", "status": "success", "ok": true}
{"ts": "2026-09-27T07:07:13.387915+00:00", "level": "INFO", "logger": "app.scheduler.manager", "msg": "scheduler.task_done", "request_id": "-", "provider": "-", "job": "derivatives", "status": "success", "ok": true}
{"ts": "2026-09-27T07:07:13.408553+00:00", "level": "INFO", "logger": "app.scheduler.manager", "msg": "scheduler.task_done", "request_id": "-", "provider": "-", "job": "market_tick", "status": "success", "ok": true}
{"ts": "2026-09-27T07:07:43.288465+00:00", "level": "INFO", "logger": "app.scheduler.manager", "msg": "scheduler.task_done", "request_id": "-", "provider": "-", "job": "market_tick", "status": "success", "ok": true}
{"ts": "2026-09-27T07:08:14.068776+00:00", "level": "INFO", "logger": "app.scheduler.manager", "msg": "scheduler.task_done", "request_id": "-", "provider": "-", "job": "market_tick", "status": "success", "ok": true}
{"ts": "2026-09-27T07:08:43.391591+00:00", "level": "INFO", "logger": "app.scheduler.manager", "msg": "scheduler.task_done", "request_id": "-", "provider": "-", "job": "market_tick", "status": "success", "ok": true}
{"ts": "2026-09-27T07:09:12.787722+00:00", "level": "INFO", "logger": "app.scheduler.manager", "msg": "scheduler.task_done", "request_id": "-", "provider": "-", "job": "health_probe", "status": "success", "ok": true}
{"ts": "2026-09-27T07:09:13.319155+00:00", "level": "INFO", "logger": "app.scheduler.manager", "msg": "scheduler.task_done", "request_id": "-", "provider": "-", "job": "market_tick", "status": "success", "ok": true}
{"ts": "2026-09-27T07:09:43.290490+00:00", "level": "INFO", "logger": "app.scheduler.manager", "msg": "scheduler.task_done", "request_id": "-", "provider": "-", "job": "market_tick", "status": "success", "ok": true}
{"ts": "2026-09-27T07:10:13.283217+00:00", "level": "INFO", "logger": "app.scheduler.manager", "msg": "scheduler.task_done", "request_id": "-", "provider": "-", "job": "market_tick", "status": "success", "ok": true}
{"ts": "2026-09-27T07:10:43.282640+00:00", "level": "INFO", "logger": "app.scheduler.manager", "msg": "scheduler.task_done", "request_id": "-", "provider": "-", "job": "market_tick", "status": "success", "ok": true}
{"ts": "2026-09-27T07:11:12.788581+00:00", "level": "INFO", "logger": "app.scheduler.manager", "msg": "scheduler.task_done", "request_id": "-", "provider": "-", "job": "health_probe", "status": "success", "ok": true}
{"ts": "2026-09-27T07:11:13.308371+00:00", "level": "INFO", "logger": "app.scheduler.manager", "msg": "scheduler.task_done", "request_id": "-", "provider": "-", "job": "market_tick", "status": "success", "ok": true}
{"ts": "2026-09-27T07:11:43.285605+00:00", "level": "INFO", "logger": "app.scheduler.manager", "msg": "scheduler.task_done", "request_id": "-", "provider": "-", "job": "market_tick", "status": "success", "ok": true}
{"ts": "2026-09-27T07:12:12.898407+00:00", "level": "INFO", "logger": "app.scheduler.manager", "msg": "scheduler.task_done", "request_id": "-", "provider": "-", "job": "market_1h", "status": "success", "ok": true}
{"ts": "2026-09-27T07:12:13.399253+00:00", "level": "INFO", "logger": "app.scheduler.manager", "msg": "scheduler.task_done", "request_id": "-", "provider": "-", "job": "derivatives", "status": "success", "ok": true}
{"ts": "2026-09-27T07:12:14.600772+00:00", "level": "INFO", "logger": "app.scheduler.manager", "msg": "scheduler.task_done", "request_id": "-", "provider": "-", "job": "market_tick", "status": "success", "ok": true}
{"ts": "2026-09-27T07:12:43.160123+00:00", "level": "INFO", "logger": "app.scheduler.manager", "msg": "scheduler.task_done", "request_id": "-", "provider": "-", "job": "market_tick", "status": "success", "ok": true}
{"ts": "2026-09-27T07:13:12.785322+00:00", "level": "INFO", "logger": "app.scheduler.manager", "msg": "scheduler.task_done", "request_id": "-", "provider": "-", "job": "health_probe", "status": "success", "ok": true}
{"ts": "2026-09-27T07:13:13.945629+00:00", "level": "INFO", "logger": "app.scheduler.manager", "msg": "scheduler.task_done", "request_id": "-", "provider": "-", "job": "market_tick", "status": "success", "ok": true}
{"ts": "2026-09-27T07:13:45.045887+00:00", "level": "INFO", "logger": "app.scheduler.manager", "msg": "scheduler.task_done", "request_id": "-", "provider": "-", "job": "market_tick", "status": "success", "ok": true}
{"ts": "2026-09-27T07:14:15.403936+00:00", "level": "INFO", "logger": "app.scheduler.manager", "msg": "scheduler.task_done", "request_id": "-", "provider": "-", "job": "market_tick", "status": "success", "ok": true}
{"ts": "2026-09-27T07:14:44.545253+00:00", "level": "INFO", "logger": "app.scheduler.manager", "msg": "scheduler.task_done", "request_id": "-", "provider": "-", "job": "market_tick", "status": "success", "ok": true}
{"ts": "2026-09-27T07:15:12.783094+00:00", "level": "INFO", "logger": "app.scheduler.manager", "msg": "scheduler.task_done", "request_id": "-", "provider": "-", "job": "health_probe", "status": "success", "ok": true}
{"ts": "2026-09-27T07:15:13.149429+00:00", "level": "INFO", "logger": "app.scheduler.manager", "msg": "scheduler.task_done", "request_id": "-", "provider": "-", "job": "market_tick", "status": "success", "ok": true}
{"ts": "2026-09-27T07:15:43.629260+00:00", "level": "INFO", "logger": "app.scheduler.manager", "msg": "scheduler.task_done", "request_id": "-", "provider": "-", "job": "market_tick", "status": "success", "ok": true}
{"ts": "2026-09-27T07:16:13.136796+00:00", "level": "INFO", "logger": "app.scheduler.manager", "msg": "scheduler.task_done", "request_id": "-", "provider": "-", "job": "market_tick", "status": "success", "ok": true}
{"ts": "2026-09-27T07:16:43.102753+00:00", "level": "INFO", "logger": "app.scheduler.manager", "msg": "scheduler.task_done", "request_id": "-", "provider": "-", "job": "market_tick", "status": "success", "ok": true}
{"ts": "2026-09-27T07:17:12.789756+00:00", "level": "INFO", "logger": "app.scheduler.manager", "msg": "scheduler.task_done", "request_id": "-", "provider": "-", "job": "health_probe", "status": "success", "ok": true}
{"ts": "2026-09-27T07:17:12.885222+00:00", "level": "INFO", "logger": "app.scheduler.manager", "msg": "scheduler.task_done", "request_id": "-", "provider": "-", "job": "gap_repair", "status": "success", "ok": true}
{"ts": "2026-09-27T07:17:12.942255+00:00", "level": "INFO", "logger": "app.scheduler.manager", "msg": "scheduler.task_done", "request_id": "-", "provider": "-", "job": "quality", "status": "success", "ok": true}
{"ts": "2026-09-27T07:17:13.226760+00:00", "level": "INFO", "logger": "app.scheduler.manager", "msg": "scheduler.task_done", "request_id": "-", "provider": "-", "job": "market_1h", "status": "success", "ok": true}
{"ts": "2026-09-27T07:17:13.280854+00:00", "level": "INFO", "logger": "app.scheduler.manager", "msg": "scheduler.task_done", "request_id": "-", "provider": "-", "job": "market_1d", "status": "success", "ok": true}
{"ts": "2026-09-27T07:17:13.420554+00:00", "level": "INFO", "logger": "app.scheduler.manager", "msg": "scheduler.task_done", "request_id": "-", "provider": "-", "job": "market_tick", "status": "success", "ok": true}
{"ts": "2026-09-27T07:17:13.626869+00:00", "level": "INFO", "logger": "app.scheduler.manager", "msg": "scheduler.task_done", "request_id": "-", "provider": "-", "job": "derivatives", "status": "success", "ok": true}
{"ts": "2026-09-27T07:17:14.076305+00:00", "level": "INFO", "logger": "app.scheduler.manager", "msg": "scheduler.task_done", "request_id": "-", "provider": "-", "job": "sentiment", "status": "success", "ok": true}
{"ts": "2026-09-27T07:17:14.796102+00:00", "level": "INFO", "logger": "app.scheduler.manager", "msg": "scheduler.task_done", "request_id": "-", "provider": "-", "job": "onchain", "status": "success", "ok": true}
{"ts": "2026-09-27T07:17:43.405058+00:00", "level": "INFO", "logger": "app.scheduler.manager", "msg": "scheduler.task_done", "request_id": "-", "provider": "-", "job": "market_tick", "status": "success", "ok": true}
{"ts": "2026-09-27T07:18:13.132710+00:00", "level": "INFO", "logger": "app.scheduler.manager", "msg": "scheduler.task_done", "request_id": "-", "provider": "-", "job": "market_tick", "status": "success", "ok": true}
{"ts": "2026-09-27T07:18:43.129820+00:00", "level": "INFO", "logger": "app.scheduler.manager", "msg": "scheduler.task_done", "request_id": "-", "provider": "-", "job": "market_tick", "status": "success", "ok": true}
{"ts": "2026-09-27T07:19:12.784020+00:00", "level": "INFO", "logger": "app.scheduler.manager", "msg": "scheduler.task_done", "request_id": "-", "provider": "-", "job": "health_probe", "status": "success", "ok": true}
{"ts": "2026-09-27T07:19:13.798614+00:00", "level": "INFO", "logger": "app.scheduler.manager", "msg": "scheduler.task_done", "request_id": "-", "provider": "-", "job": "market_tick", "status": "success", "ok": true}
{"ts": "2026-09-27T07:19:43.129682+00:00", "level": "INFO", "logger": "app.scheduler.manager", "msg": "scheduler.task_done", "request_id": "-", "provider": "-", "job": "market_tick", "status": "success", "ok": true}
{"ts": "2026-09-27T07:20:13.396689+00:00", "level": "INFO", "logger": "app.scheduler.manager", "msg": "scheduler.task_done", "request_id": "-", "provider": "-", "job": "market_tick", "status": "success", "ok": true}
{"ts": "2026-09-27T07:20:43.169787+00:00", "level": "INFO", "logger": "app.scheduler.manager", "msg": "scheduler.task_done", "request_id": "-", "provider": "-", "job": "market_tick", "status": "success", "ok": true}
{"ts": "2026-09-27T07:21:12.784720+00:00", "level": "INFO", "logger": "app.scheduler.manager", "msg": "scheduler.task_done", "request_id": "-", "provider": "-", "job": "health_probe", "status": "success", "ok": true}
{"ts": "2026-09-27T07:21:13.147878+00:00", "level": "INFO", "logger": "app.scheduler.manager", "msg": "scheduler.task_done", "request_id": "-", "provider": "-", "job": "market_tick", "status": "success", "ok": true}
{"ts": "2026-09-27T07:21:43.406507+00:00", "level": "INFO", "logger": "app.scheduler.manager", "msg": "scheduler.task_done", "request_id": "-", "provider": "-", "job": "market_tick", "status": "success", "ok": true}
{"ts": "2026-09-27T07:22:13.209953+00:00", "level": "INFO", "logger": "app.scheduler.manager", "msg": "scheduler.task_done", "request_id": "-", "provider": "-", "job": "market_1h", "status": "success", "ok": true}
{"ts": "2026-09-27T07:22:13.424247+00:00", "level": "INFO", "logger": "app.scheduler.manager", "msg": "scheduler.task_done", "request_id": "-", "provider": "-", "job": "derivatives", "status": "success", "ok": true}
{"ts": "2026-09-27T07:22:13.836945+00:00", "level": "INFO", "logger": "app.scheduler.manager", "msg": "scheduler.task_done", "request_id": "-", "provider": "-", "job": "market_tick", "status": "success", "ok": true}
{"ts": "2026-09-27T07:22:43.134003+00:00", "level": "INFO", "logger": "app.scheduler.manager", "msg": "scheduler.task_done", "request_id": "-", "provider": "-", "job": "market_tick", "status": "success", "ok": true}
INFO:     127.0.0.1:60195 - "GET /api/v1/market/price HTTP/1.1" 200 OK
INFO:     127.0.0.1:60195 - "GET /api/v1/market/price HTTP/1.1" 200 OK
INFO:     127.0.0.1:60212 - "WebSocket /api/v1/ws/market" 403
INFO:     connection rejected (403 Forbidden)
INFO:     127.0.0.1:60216 - "GET /api/v1/derivatives/funding?limit=90 HTTP/1.1" 404 Not Found
INFO:     127.0.0.1:60216 - "GET /api/v1/derivatives/liquidations?period=24h HTTP/1.1" 404 Not Found
INFO:     127.0.0.1:60218 - "GET /api/v1/derivatives/open-interest?start=2026-06-29&end=2026-09-27 HTTP/1.1" 404 Not Found
INFO:     127.0.0.1:60220 - "GET /api/v1/derivatives/long-short?limit=30 HTTP/1.1" 404 Not Found
INFO:     127.0.0.1:60214 - "GET /api/v1/system/health HTTP/1.1" 200 OK
INFO:     127.0.0.1:60195 - "GET /api/v1/market/price HTTP/1.1" 200 OK
INFO:     127.0.0.1:60200 - "GET /api/v1/market/price HTTP/1.1" 200 OK
{"ts": "2026-09-27T07:23:12.782118+00:00", "level": "INFO", "logger": "app.scheduler.manager", "msg": "scheduler.task_done", "request_id": "-", "provider": "-", "job": "health_probe", "status": "success", "ok": true}
{"ts": "2026-09-27T07:23:13.140839+00:00", "level": "INFO", "logger": "app.scheduler.manager", "msg": "scheduler.task_done", "request_id": "-", "provider": "-", "job": "market_tick", "status": "success", "ok": true}
INFO:     127.0.0.1:60200 - "GET /api/v1/market/price HTTP/1.1" 200 OK
INFO:     127.0.0.1:60331 - "WebSocket /api/v1/ws/market" 403
INFO:     connection rejected (403 Forbidden)
INFO:     127.0.0.1:60200 - "GET /api/v1/market/price HTTP/1.1" 200 OK
INFO:     127.0.0.1:60200 - "GET /api/v1/market/price HTTP/1.1" 200 OK
INFO:     127.0.0.1:60337 - "WebSocket /api/v1/ws/market" 403
INFO:     connection rejected (403 Forbidden)
INFO:     127.0.0.1:60200 - "GET /api/v1/market/price HTTP/1.1" 200 OK
INFO:     127.0.0.1:60200 - "GET /api/v1/market/price HTTP/1.1" 200 OK
INFO:     127.0.0.1:60200 - "GET /api/v1/market/price HTTP/1.1" 200 OK
INFO:     127.0.0.1:60380 - "GET /api/v1/market/price HTTP/1.1" 200 OK
INFO:     127.0.0.1:60380 - "GET /api/v1/market/price HTTP/1.1" 200 OK
{"ts": "2026-09-27T07:23:43.392295+00:00", "level": "INFO", "logger": "app.scheduler.manager", "msg": "scheduler.task_done", "request_id": "-", "provider": "-", "job": "market_tick", "status": "success", "ok": true}
INFO:     127.0.0.1:60450 - "WebSocket /api/v1/ws/market" 403
INFO:     connection rejected (403 Forbidden)
{"ts": "2026-09-27T07:24:13.129821+00:00", "level": "INFO", "logger": "app.scheduler.manager", "msg": "scheduler.task_done", "request_id": "-", "provider": "-", "job": "market_tick", "status": "success", "ok": true}
{"ts": "2026-09-27T07:24:43.464308+00:00", "level": "INFO", "logger": "app.scheduler.manager", "msg": "scheduler.task_done", "request_id": "-", "provider": "-", "job": "market_tick", "status": "success", "ok": true}
{"ts": "2026-09-27T07:25:12.800532+00:00", "level": "INFO", "logger": "app.scheduler.manager", "msg": "scheduler.task_done", "request_id": "-", "provider": "-", "job": "health_probe", "status": "success", "ok": true}
{"ts": "2026-09-27T07:25:14.225603+00:00", "level": "INFO", "logger": "app.scheduler.manager", "msg": "scheduler.task_done", "request_id": "-", "provider": "-", "job": "market_tick", "status": "success", "ok": true}
{"ts": "2026-09-27T07:25:43.124939+00:00", "level": "INFO", "logger": "app.scheduler.manager", "msg": "scheduler.task_done", "request_id": "-", "provider": "-", "job": "market_tick", "status": "success", "ok": true}
INFO:     127.0.0.1:60813 - "WebSocket /api/v1/ws/market" 403
INFO:     connection rejected (403 Forbidden)
INFO:     127.0.0.1:60816 - "GET /api/v1/derivatives/funding?limit=90 HTTP/1.1" 404 Not Found
INFO:     127.0.0.1:60817 - "GET /api/v1/derivatives/liquidations?period=24h HTTP/1.1" 404 Not Found
INFO:     127.0.0.1:60811 - "GET /api/v1/system/health HTTP/1.1" 200 OK
{"ts": "2026-09-27T07:26:14.000117+00:00", "level": "INFO", "logger": "app.scheduler.manager", "msg": "scheduler.task_done", "request_id": "-", "provider": "-", "job": "market_tick", "status": "success", "ok": true}
INFO:     127.0.0.1:60823 - "WebSocket /api/v1/ws/market" 403
INFO:     connection rejected (403 Forbidden)
INFO:     127.0.0.1:60825 - "WebSocket /api/v1/ws/market" 403
INFO:     connection rejected (403 Forbidden)
INFO:     127.0.0.1:60834 - "WebSocket /api/v1/ws/market" 403
INFO:     connection rejected (403 Forbidden)
INFO:     127.0.0.1:60840 - "GET /api/v1/alerts/smtp/config HTTP/1.1" 404 Not Found
INFO:     127.0.0.1:60842 - "GET /api/v1/alerts/digest/config HTTP/1.1" 404 Not Found
INFO:     127.0.0.1:60847 - "GET /api/v1/system/jobs HTTP/1.1" 200 OK
INFO:     127.0.0.1:60844 - "GET /api/v1/system/health HTTP/1.1" 200 OK
INFO:     127.0.0.1:60840 - "GET /api/v1/system/stats HTTP/1.1" 200 OK
INFO:     127.0.0.1:60862 - "WebSocket /api/v1/ws/market" 403
INFO:     connection rejected (403 Forbidden)
INFO:     127.0.0.1:60883 - "WebSocket /api/v1/ws/market" 403
INFO:     connection rejected (403 Forbidden)
INFO:     127.0.0.1:60888 - "WebSocket /api/v1/ws/market" 403
INFO:     connection rejected (403 Forbidden)
{"ts": "2026-09-27T07:26:43.139747+00:00", "level": "INFO", "logger": "app.scheduler.manager", "msg": "scheduler.task_done", "request_id": "-", "provider": "-", "job": "market_tick", "status": "success", "ok": true}
INFO:     127.0.0.1:60994 - "WebSocket /api/v1/ws/market" 403
INFO:     connection rejected (403 Forbidden)
{"ts": "2026-09-27T07:27:12.778937+00:00", "level": "INFO", "logger": "app.scheduler.manager", "msg": "scheduler.task_done", "request_id": "-", "provider": "-", "job": "health_probe", "status": "success", "ok": true}
{"ts": "2026-09-27T07:27:12.903429+00:00", "level": "INFO", "logger": "app.scheduler.manager", "msg": "scheduler.task_done", "request_id": "-", "provider": "-", "job": "market_1h", "status": "success", "ok": true}
{"ts": "2026-09-27T07:27:13.353357+00:00", "level": "INFO", "logger": "app.scheduler.manager", "msg": "scheduler.task_done", "request_id": "-", "provider": "-", "job": "derivatives", "status": "success", "ok": true}
{"ts": "2026-09-27T07:27:14.796898+00:00", "level": "INFO", "logger": "app.scheduler.manager", "msg": "scheduler.task_done", "request_id": "-", "provider": "-", "job": "market_tick", "status": "success", "ok": true}
{"ts": "2026-09-27T07:27:44.004858+00:00", "level": "INFO", "logger": "app.scheduler.manager", "msg": "scheduler.task_done", "request_id": "-", "provider": "-", "job": "market_tick", "status": "success", "ok": true}
INFO:     127.0.0.1:61177 - "WebSocket /api/v1/ws/market" 403
INFO:     connection rejected (403 Forbidden)
INFO:     127.0.0.1:61182 - "GET /api/v1/derivatives/funding?limit=90 HTTP/1.1" 404 Not Found
INFO:     127.0.0.1:61183 - "GET /api/v1/derivatives/liquidations?period=24h HTTP/1.1" 404 Not Found
INFO:     127.0.0.1:61181 - "GET /api/v1/system/health HTTP/1.1" 200 OK
{"ts": "2026-09-27T07:28:14.275018+00:00", "level": "INFO", "logger": "app.scheduler.manager", "msg": "scheduler.task_done", "request_id": "-", "provider": "-", "job": "market_tick", "status": "success", "ok": true}
INFO:     127.0.0.1:61287 - "WebSocket /api/v1/ws/market" 403
INFO:     connection rejected (403 Forbidden)
{"ts": "2026-09-27T07:28:44.729613+00:00", "level": "INFO", "logger": "app.scheduler.manager", "msg": "scheduler.task_done", "request_id": "-", "provider": "-", "job": "market_tick", "status": "success", "ok": true}
{"ts": "2026-09-27T07:29:12.784731+00:00", "level": "INFO", "logger": "app.scheduler.manager", "msg": "scheduler.task_done", "request_id": "-", "provider": "-", "job": "health_probe", "status": "success", "ok": true}
{"ts": "2026-09-27T07:29:13.120758+00:00", "level": "INFO", "logger": "app.scheduler.manager", "msg": "scheduler.task_done", "request_id": "-", "provider": "-", "job": "market_tick", "status": "success", "ok": true}
{"ts": "2026-09-27T07:29:43.436391+00:00", "level": "INFO", "logger": "app.scheduler.manager", "msg": "scheduler.task_done", "request_id": "-", "provider": "-", "job": "market_tick", "status": "success", "ok": true}
{"ts": "2026-09-27T07:30:13.136339+00:00", "level": "INFO", "logger": "app.scheduler.manager", "msg": "scheduler.task_done", "request_id": "-", "provider": "-", "job": "market_tick", "status": "success", "ok": true}
{"ts": "2026-09-27T07:30:43.391818+00:00", "level": "INFO", "logger": "app.scheduler.manager", "msg": "scheduler.task_done", "request_id": "-", "provider": "-", "job": "market_tick", "status": "success", "ok": true}
{"ts": "2026-09-27T07:31:12.788864+00:00", "level": "INFO", "logger": "app.scheduler.manager", "msg": "scheduler.task_done", "request_id": "-", "provider": "-", "job": "health_probe", "status": "success", "ok": true}
{"ts": "2026-09-27T07:31:13.753657+00:00", "level": "INFO", "logger": "app.scheduler.manager", "msg": "scheduler.task_done", "request_id": "-", "provider": "-", "job": "market_tick", "status": "success", "ok": true}
{"ts": "2026-09-27T07:31:43.448098+00:00", "level": "INFO", "logger": "app.scheduler.manager", "msg": "scheduler.task_done", "request_id": "-", "provider": "-", "job": "market_tick", "status": "success", "ok": true}
INFO:     127.0.0.1:62028 - "GET /health HTTP/1.1" 404 Not Found
{"ts": "2026-09-27T07:32:13.230461+00:00", "level": "INFO", "logger": "app.scheduler.manager", "msg": "scheduler.task_done", "request_id": "-", "provider": "-", "job": "market_1h", "status": "success", "ok": true}
{"ts": "2026-09-27T07:32:13.340398+00:00", "level": "INFO", "logger": "app.scheduler.manager", "msg": "scheduler.task_done", "request_id": "-", "provider": "-", "job": "derivatives", "status": "success", "ok": true}
{"ts": "2026-09-27T07:32:13.423106+00:00", "level": "INFO", "logger": "app.scheduler.manager", "msg": "scheduler.task_done", "request_id": "-", "provider": "-", "job": "market_tick", "status": "success", "ok": true}
INFO:     127.0.0.1:62124 - "GET /docs HTTP/1.1" 200 OK
INFO:     127.0.0.1:62125 - "GET /api/v1/providers HTTP/1.1" 404 Not Found
{"ts": "2026-09-27T07:32:43.408322+00:00", "level": "INFO", "logger": "app.scheduler.manager", "msg": "scheduler.task_done", "request_id": "-", "provider": "-", "job": "market_tick", "status": "success", "ok": true}
{"ts": "2026-09-27T07:33:12.788523+00:00", "level": "INFO", "logger": "app.scheduler.manager", "msg": "scheduler.task_done", "request_id": "-", "provider": "-", "job": "health_probe", "status": "success", "ok": true}
{"ts": "2026-09-27T07:33:13.622854+00:00", "level": "INFO", "logger": "app.scheduler.manager", "msg": "scheduler.task_done", "request_id": "-", "provider": "-", "job": "market_tick", "status": "success", "ok": true}
{"ts": "2026-09-27T07:33:43.610893+00:00", "level": "INFO", "logger": "app.scheduler.manager", "msg": "scheduler.task_done", "request_id": "-", "provider": "-", "job": "market_tick", "status": "success", "ok": true}
{"ts": "2026-09-27T07:34:13.390900+00:00", "level": "INFO", "logger": "app.scheduler.manager", "msg": "scheduler.task_done", "request_id": "-", "provider": "-", "job": "market_tick", "status": "success", "ok": true}
{"ts": "2026-09-27T07:34:43.605030+00:00", "level": "INFO", "logger": "app.scheduler.manager", "msg": "scheduler.task_done", "request_id": "-", "provider": "-", "job": "market_tick", "status": "success", "ok": true}
{"ts": "2026-09-27T07:35:12.784069+00:00", "level": "INFO", "logger": "app.scheduler.manager", "msg": "scheduler.task_done", "request_id": "-", "provider": "-", "job": "health_probe", "status": "success", "ok": true}
{"ts": "2026-09-27T07:35:13.447391+00:00", "level": "INFO", "logger": "app.scheduler.manager", "msg": "scheduler.task_done", "request_id": "-", "provider": "-", "job": "market_tick", "status": "success", "ok": true}
{"ts": "2026-09-27T07:35:43.295054+00:00", "level": "INFO", "logger": "app.scheduler.manager", "msg": "scheduler.task_done", "request_id": "-", "provider": "-", "job": "market_tick", "status": "success", "ok": true}
{"ts": "2026-09-27T07:36:14.677058+00:00", "level": "INFO", "logger": "app.scheduler.manager", "msg": "scheduler.task_done", "request_id": "-", "provider": "-", "job": "market_tick", "status": "success", "ok": true}
